Genesis;2;8;18;1;"FJM";;"<dp>";"put; place [4|& the human, mankind] [3|there]";!;"";1;0;0;0;0;0;0;0;1;0;0;"[1|W ] [2|JFM ] [3|CM ] [4|>T H >DM ]"
Genesis;6;16;43;1;"FJM";;"<dp>";"put; place [2|opening the ark] [3|in side~her]";!;"";1;0;0;0;0;0;0;0;1;0;0;"[1|W ] [2|PTX H TBH ] [3|B YDH ] [4|TFJM ]"
Genesis;9;23;49;1;"FJM";wrn;"<-c>";"prepare; put in place; institute ";?;"[3|upon shoulder two~their:mm] taken as extra direct object besides ";0;0;0;0;0;0;0;0;0;1;0;"[1|W ] [2|JFJMW ] [3|<L CKM CNJHM ]"
Genesis;13;16;32;1;"FJM";;"<k.>";"make [3|& seed~your:m] to be as [4|as dust the earth]";!;"";0;1;0;1;0;0;0;0;0;0;0;"[1|W ] [2|FMTJ ] [3|>T ZR<K ] [4|K <PR H >RY ]"
Genesis;21;13;27;2;"FJM";;"<l.>";"make [2|~him] to become [1|people]";!;"";0;1;0;0;1;0;0;0;0;0;0;"[1|L GWJ ] [2|>FJMNW ]"
Genesis;21;14;30;2;"FJM";wrn;"<-c>";"prepare; put in place; institute ";?;"[2|upon shoulder~her] taken as extra direct object besides ";0;0;0;0;0;0;0;0;0;1;0;"[1|FM ] [2|<L CKMH ]"
Genesis;21;18;52;1;"FJM";;"<l.>";"make [3|~him] to become [2|people great]";!;"";0;1;0;0;1;0;0;0;0;0;0;"[1|KJ ] [2|L GWJ GDWL ] [3|>FJMNW ]"
Genesis;22;6;25;1;"FJM";wrn;"<-c>";"prepare; put in place; institute ";?;"[3|upon Isaac son~his] taken as extra direct object besides ";0;0;0;0;0;0;0;0;0;1;0;"[1|W ] [2|JFM ] [3|<L JYXQ BNW ]"
Genesis;22;9;43;1;"FJM";;"<-p>";"place [4|upon the altar] [5|from top to the tree]";!;"";0;0;0;0;0;0;0;0;2;1;0;"[1|W ] [2|JFM ] [3|>TW ] [4|<L H MZBX ] [5|M M<L L  <YJM ]"
Genesis;24;2;5;1;"FJM";;"<dp>";"put; place [3|hand~your:m] [4|under part upper thigh~my]";!;"";1;0;0;0;0;0;0;0;1;0;0;"[1|FJM ] [2|N> ] [3|JDK ] [4|TXT JRKJ ]"
Genesis;24;9;20;1;"FJM";;"<dp>";"put; place [4|& hand~his] [5|under part upper thigh Abraham lord~his]";!;"";1;0;0;0;0;0;0;0;1;0;0;"[1|W ] [2|JFM ] [3|H <BD ] [4|>T JDW ] [5|TXT JRK >BRHM >DNJW ]"
Genesis;24;47;153;1;"FJM";wrn;"<dc>";"make [3|the nose-ring] (to be) [4|upon nose~her]";?;"[4|upon nose~her] taken as extra direct object besides [3|the nose-ring]";1;0;0;0;0;0;0;0;0;1;0;"[1|W ] [2|>FM ] [3|H NZM ] [4|<L >PH ]"
Genesis;27;37;151;1;"FJM";wrn;"<di>";"prepare; put in place; institute [3|~him] for [4|to~you:m]";?;"[4|to~you:m] taken as benefactive adjunct";1;0;0;0;0;0;0;1;0;0;0;"[1|HN ] [2|GBJR ] [3|FMTJW ] [4|LK ]"
Genesis;28;11;30;1;"FJM";;"<dp>";"put; place [1|and] [3|head-place~his]";!;"";1;0;0;0;0;0;0;0;1;0;0;"[1|W ] [2|JFM ] [3|MR>CTJW ]"
Genesis;28;18;58;2;"FJM";;"<dp>";"put; place [1|<relative>] [3|head-place~his]";!;"";1;0;0;0;0;0;0;0;1;0;0;"[1|>CR ] [2|FM ] [3|MR>CTJW ]"
Genesis;28;18;59;1;"FJM";;"<n.>";"make [3|&~her] to be [4|massebe]";!;"";0;1;1;0;0;0;0;0;0;0;0;"[1|W ] [2|JFM ] [3|>TH ] [4|MYBH ]"
Genesis;28;22;69;2;"FJM";;"<d->";"prepare; put in place; institute [3|massebe]";!;"";1;0;0;0;0;0;0;0;0;0;0;"[1|>CR ] [2|FMTJ ] [3|MYBH ]"
Genesis;30;36;120;1;"FJM";;"<dp>";"put; place [3|way three day] [4|between~his and between Jacob]";!;"";1;0;0;0;0;0;0;0;1;0;0;"[1|W ] [2|JFM ] [3|DRK CLCT JMJM ] [4|BJNW W BJN J<QB ]"
Genesis;30;41;134;1;"FJM";;"<-p>";"place [5|to eye the cattle] [6|in the trough]";!;"";0;0;0;0;0;0;0;0;2;1;0;"[1|W ] [2|FM ] [3|J<QB ] [4|>T H MQLWT ] [5|L <JNJ H Y>N ] [6|B  RHVJM ]"
Genesis;30;42;135;1;"FJM";;"<-->";"prepare; put in place; institute";!;"";0;0;0;0;0;0;0;0;0;0;0;"[1|W ] [2|L> ] [3|JFJM ]"
Genesis;31;21;62;1;"FJM";;"<dp>";"put; place [3|& face~his] [4|mountain the Gilead]";!;"";1;0;0;0;0;0;0;0;1;0;0;"[1|W ] [2|JFM ] [3|>T PNJW ] [4|HR H GL<D ]"
Genesis;31;34;104;1;"FJM";;"<dp>";"put; place [2|~them:mm] [3|in basket-saddle the camel]";!;"";1;0;0;0;0;0;0;0;1;0;0;"[1|W ] [2|TFMM ] [3|B KR H GML ]"
Genesis;31;37;123;1;"FJM";wrn;"<-c>";"prepare; put in place; institute ";?;"[3|counterpart brother~my and brother~your:m] taken as extra direct object besides ";0;0;0;0;0;0;0;0;0;1;0;"[1|FJM ] [2|KH ] [3|NGD >XJ W >XJK ]"
Genesis;32;13;43;1;"FJM";;"<k.>";"make [3|& seed~your:m] to be as [4|as sand the sea]";!;"";0;1;0;1;0;0;0;0;0;0;0;"[1|W ] [2|FMTJ ] [3|>T ZR<K ] [4|K XWL H JM ]"
Genesis;32;17;49;1;"FJM";;"<dp>";"put; place [2|space] [4|between flock and between flock]";!;"";1;0;0;0;0;0;0;0;1;0;0;"[1|W ] [2|RWX ] [3|TFJMW ] [4|BJN <DR W BJN <DR ]"
Genesis;33;2;6;1;"FJM";wrn;"<dc>";"make [3|& the maidservant and & boy~their:ff] (to be) [4|first]";?;"[4|first] taken as extra direct object besides [3|& the maidservant and & boy~their:ff]";1;0;0;0;0;0;0;0;0;1;0;"[1|W ] [2|JFM ] [3|>T H CPXWT W >T JLDJHN ] [4|R>CNH ]"
Genesis;37;34;130;1;"FJM";;"<dp>";"put; place [3|sack] [4|in hips~his]";!;"";1;0;0;0;0;0;0;0;1;0;0;"[1|W ] [2|JFM ] [3|FQ ] [4|B MTNJW ]"
Genesis;40;15;41;1;"FJM";;"<dp>";"put; place [3|&~me] [4|in the cistern]";!;"";1;0;0;0;0;0;0;0;1;0;0;"[1|KJ ] [2|FMW ] [3|>TJ ] [4|B  BWR ]"
Genesis;41;42;112;1;"FJM";wrn;"<dc>";"make [3|necklace the gold] (to be) [4|upon neck~his]";?;"[4|upon neck~his] taken as extra direct object besides [3|necklace the gold]";1;0;0;0;0;0;0;0;0;1;0;"[1|W ] [2|JFM ] [3|RBD H ZHB ] [4|<L YW>RW ]"
Genesis;43;22;80;2;"FJM";;"<dp>";"put; place [3|silver~our] [4|in sack~our]";!;"";1;0;0;0;0;0;0;0;1;0;0;"[1|MJ ] [2|FM ] [3|KSPNW ] [4|B >MTXTJNW ]"
Genesis;43;31;120;1;"FJM";;"<d->";"prepare; put in place; institute [2|bread]";!;"";1;0;0;0;0;0;0;0;0;0;0;"[1|FJMW ] [2|LXM ]"
Genesis;43;32;121;1;"FJM";wrn;"<-i>";"prepare; put in place; for [3|to~him to linen, part, stave~his and to~them:mm to linen, part, stave~their:mm and to the Egyptian to linen, part, stave~their:mm]";?;"[3|to~him to linen, part, stave~his and to~them:mm to linen, part, stave~their:mm and to the Egyptian to linen, part, stave~their:mm] taken as benefactive adjunct";0;0;0;0;0;0;0;1;0;0;0;"[1|W ] [2|JFJMW ] [3|LW L BDW W LHM L BDM W L  MYRJM L BDM ]"
Genesis;44;1;3;1;"FJM";;"<dp>";"put; place [3|silver man] [4|in mouth sack~his]";!;"";1;0;0;0;0;0;0;0;1;0;0;"[1|W ] [2|FJM ] [3|KSP >JC ] [4|B PJ >MTXTW ]"
Genesis;44;2;4;1;"FJM";;"<dp>";"put; place [2|& cup~my cup the silver] [4|in mouth sack the small]";!;"";1;0;0;0;0;0;0;0;1;0;0;"[1|W ] [2|>T GBJ<J GBJ< H KSP ] [3|TFJM ] [4|B PJ >MTXT H QVN ]"
Genesis;44;21;71;1;"FJM";wrn;"<dc>";"make [3|eye~my] (to be) [4|upon~him]";?;"[4|upon~him] taken as extra direct object besides [3|eye~my]";1;0;0;0;0;0;0;0;0;1;0;"[1|W ] [2|>FJMH ] [3|<JNJ ] [4|<LJW ]"
Genesis;45;7;24;2;"FJM";;"<db>";"prepare; put in place; institute [3|rest] (for the benefit of) [2|to~you:mm]";!;"";1;0;0;0;0;0;0;0;1;0;1;"[1|L FWM ] [2|LKM ] [3|C>RJT ] [4|B  >RY ]"
Genesis;45;8;27;1;"FJM";;"<l.>";"make [2|~me] to become [3|father to pharaoh and to lord to whole house~his]";!;"";0;1;0;0;1;0;0;0;0;0;0;"[1|W ] [2|JFJMNJ ] [3|L >B L PR<H W L >DWN L KL BJTW ]"
Genesis;45;9;32;1;"FJM";;"<l.>";"make [1|~me] to become [3|lord to whole Egypt]";!;"";0;1;0;0;1;0;0;0;0;0;0;"[1|FMNJ ] [2|>LHJM ] [3|L >DWN L KL MYRJM ]"
Genesis;46;3;12;1;"FJM";;"<l.>";"make [3|~you:m] to become [2|people great]";!;"";0;1;0;0;1;0;0;0;1;0;0;"[1|KJ ] [2|L GWJ GDWL ] [3|>FJMK ] [4|CM ]"
Genesis;47;6;23;1;"FJM";;"<n.>";"make [2|~them:mm] to be [3|chief purchase]";!;"";0;1;1;0;0;0;0;0;0;0;0;"[1|W ] [2|FMTM ] [3|FRJ MQNH ]"
Genesis;47;26;90;1;"FJM";;"<l.>";"make [3|&~her] to become [5|law/precept]";!;"";0;1;0;0;1;0;0;0;1;0;0;"[1|W ] [2|JFM ] [3|>TH ] [4|JWSP ] [5|L XQ ] [6|<D H JWM H ZH ] [7|<L >DMT MYRJM ]"
Genesis;47;29;103;1;"FJM";;"<dp>";"put; place [3|hand~your:m] [4|under part upper thigh~my]";!;"";1;0;0;0;0;0;0;0;1;0;0;"[1|FJM ] [2|N> ] [3|JDK ] [4|TXT JRKJ ]"
Genesis;48;18;61;1;"FJM";wrn;"<dc>";"make [2|right-hand side~your:m] (to be) [3|upon head~his]";?;"[3|upon head~his] taken as extra direct object besides [2|right-hand side~your:m]";1;0;0;0;0;0;0;0;0;1;0;"[1|FJM ] [2|JMJNK ] [3|<L R>CW ]"
Genesis;48;20;72;1;"FJM";;"<k.>";"make [1|~you:m] to be as [3|as Ephraim and as Manasseh]";!;"";0;1;0;1;0;0;0;0;0;0;0;"[1|JFMK ] [2|>LHJM ] [3|K >PRJM W K MNCH ]"
Genesis;48;20;73;1;"FJM";;"<dp>";"put; place [3|& Ephraim] [4|to face Manasseh]";!;"";1;0;0;0;0;0;0;0;1;0;0;"[1|W ] [2|JFM ] [3|>T >PRJM ] [4|L PNJ MNCH ]"
Exodus;1;11;22;1;"FJM";wrn;"<dc>";"make [4|chief forced labour] (to be) [3|upon~him]";?;"[3|upon~him] taken as extra direct object besides [4|chief forced labour]";1;0;0;0;0;0;0;0;0;1;0;"[1|W ] [2|JFJMW ] [3|<LJW ] [4|FRJ MSJM ]"
Exodus;2;3;10;1;"FJM";;"<dp>";"put; place [4|& the boy] [3|in~her]";!;"";1;0;0;0;0;0;0;0;1;0;0;"[1|W ] [2|TFM ] [3|BH ] [4|>T H JLD ]"
Exodus;3;22;88;1;"FJM";wrn;"<-c>";"prepare; put in place; institute ";?;"[3|upon son~your:mm and upon daughter~your:mm] taken as extra direct object besides ";0;0;0;0;0;0;0;0;0;1;0;"[1|W ] [2|FMTM ] [3|<L BNJKM W <L BNTJKM ]"
Exodus;4;11;54;1;"FJM";;"<d->";"prepare; put in place; institute [4|speechless or deaf or clear-sighted or blind]";!;"";1;0;0;0;0;0;0;0;0;0;0;"[1|>W ] [2|MJ ] [3|JFWM ] [4|>LM >W XRC >W PQX >W <WR ]"
Exodus;4;15;72;1;"FJM";;"<dp>";"put; place [3|& the word] [4|in mouth~his]";!;"";1;0;0;0;0;0;0;0;1;0;0;"[1|W ] [2|FMT ] [3|>T H DBRJM ] [4|B PJW ]"
Exodus;4;21;98;4;"FJM";;"<-p>";"place [3|in hand~your:m]";!;"";0;0;0;0;0;0;0;0;1;0;0;"[1|>CR ] [2|FMTJ ] [3|B JDK ]"
Exodus;5;8;25;1;"FJM";wrn;"<dc>";"make [2|& proportion the brick] (to be) [4|upon~them:mm]";?;"[4|upon~them:mm] taken as extra direct object besides [2|& proportion the brick]";1;0;0;0;0;0;0;0;0;1;0;"[1|W ] [2|>T MTKNT H LBNJM ] [3|TFJMW ] [4|<LJHM ]"
Exodus;5;14;44;2;"FJM";wrn;"<-c>";"prepare; put in place; institute ";?;"[3|upon~them:mm] taken as extra direct object besides ";0;0;0;0;0;0;0;0;0;1;0;"[1|>CR ] [2|FMW ] [3|<LHM ] [4|NGFJ PR<H ]"
Exodus;8;8;28;2;"FJM";;"<-->";"prepare; put in place; institute";!;"";0;0;0;0;1;0;0;0;0;0;0;"[1|>CR ] [2|FM ] [3|L PR<H ]"
Exodus;8;19;66;1;"FJM";;"<dp>";"put; place [3|redemption] [4|between people~my and between people~your:m]";!;"";1;0;0;0;0;0;0;0;1;0;0;"[1|W ] [2|FMTJ ] [3|PDT ] [4|BJN <MJ W BJN <MK ]"
Exodus;9;5;13;1;"FJM";wrn;"<i.>";"be determined to do [2|to say]";?;"";0;1;0;0;0;1;0;0;0;0;0;"[1|W ] [2|JFM ] [3|JHWH ] [4|MW<D ]"
Exodus;9;21;59;1;"FJM";wrn;"<dc>";"make [5|heart~his] (to be) [6|to word YHWH]";?;"[6|to word YHWH] taken as extra direct object besides [5|heart~his]";1;0;0;0;0;0;0;0;0;1;0;"[1|W ] [2|>CR ] [3|L> ] [4|FM ] [5|LBW ] [6|>L DBR JHWH ]"
Exodus;10;2;3;6;"FJM";;"<-p>";"place [3|in~them:mm]";!;"";0;0;0;0;0;0;0;0;1;0;0;"[1|>CR ] [2|FMTJ ] [3|BM ]"
Exodus;14;21;69;1;"FJM";;"<l.>";"make [3|& the sea] to become [4|the dry ground]";!;"";0;1;0;0;1;0;0;0;0;0;0;"[1|W ] [2|JFM ] [3|>T H JM ] [4|L  XRBH ]"
Exodus;15;25;77;1;"FJM";wrn;"<di>";"prepare; put in place; institute [4|law/precept and justice] for [3|to~him]";?;"[3|to~him] taken as benefactive adjunct";1;0;0;0;0;0;0;1;0;0;0;"[1|CM ] [2|FM ] [3|LW ] [4|XQ W MCPV ]"
Exodus;15;26;84;2;"FJM";;"<-p>";"place [3|in Egypt]";!;"";0;0;0;0;0;0;0;0;1;0;0;"[1|>CR ] [2|FMTJ ] [3|B MYRJM ]"
Exodus;15;26;84;1;"FJM";wrn;"<dc>";"make [1|whole the disease] (to be) [4|upon~you:m]";?;"[4|upon~you:m] taken as extra direct object besides [1|whole the disease]";1;0;0;0;0;0;0;0;0;1;0;"[1|KL H MXLH ] [2|L> ] [3|>FJM ] [4|<LJK ]"
Exodus;17;12;47;1;"FJM";;"<-p>";"place [3|under part~his]";!;"";0;0;0;0;0;0;0;0;1;0;0;"[1|W ] [2|JFJMW ] [3|TXTJW ]"
Exodus;17;14;56;1;"FJM";;"<-p>";"place [3|in ear Joshua]";!;"";0;0;0;0;0;0;0;0;1;0;0;"[1|W ] [2|FJM ] [3|B >ZNJ JHWC< ]"
Exodus;18;21;50;1;"FJM";wrn;"<dc>";"make [4|chief thousand chief hundred chief five and chief ten] (to be) [3|upon~them:mm]";?;"[3|upon~them:mm] taken as extra direct object besides [4|chief thousand chief hundred chief five and chief ten]";1;0;0;0;0;0;0;0;0;1;0;"[1|W ] [2|FMT ] [3|<LHM ] [4|FRJ >LPJM FRJ M>WT FRJ XMCJM W FRJ <FRT ]"
Exodus;19;7;20;1;"FJM";;"<dp>";"put; place [4|& whole the word the these] [3|to face~their:mm]";!;"";1;0;0;0;0;0;0;0;1;0;0;"[1|W ] [2|JFM ] [3|L PNJHM ] [4|>T KL H DBRJM H >LH ]"
Exodus;21;1;1;2;"FJM";;"<-p>";"place [3|to face~their:mm]";!;"";0;0;0;0;0;0;0;0;1;0;0;"[1|>CR ] [2|TFJM ] [3|L PNJHM ]"
Exodus;21;13;37;1;"FJM";wrn;"<di>";"prepare; put in place; institute [4|place] for [3|to~you:m]";?;"[3|to~you:m] taken as benefactive adjunct";1;0;0;0;0;0;0;1;0;0;0;"[1|W ] [2|FMTJ ] [3|LK ] [4|MQWM ]"
Exodus;22;24;73;1;"FJM";wrn;"<dc>";"make [4|interest] (to be) [3|upon~him]";?;"[3|upon~him] taken as extra direct object besides [4|interest]";1;0;0;0;0;0;0;0;0;1;0;"[1|L> ] [2|TFJMWN ] [3|<LJW ] [4|NCK ]"
Exodus;24;6;19;1;"FJM";wrn;"<-c>";"prepare; put in place; institute ";?;"[1|and] taken as extra direct object besides ";0;0;0;0;0;0;0;0;0;1;0;"[1|W ] [2|JFM ] [3|B  >GNT ]"
Exodus;26;35;61;1;"FJM";wrn;"<dc>";"make [3|& the table] (to be) [4|from outside to the curtain]";?;"[4|from outside to the curtain] taken as extra direct object besides [3|& the table]";1;0;0;0;0;0;0;0;0;1;0;"[1|W ] [2|FMT ] [3|>T H CLXN ] [4|M XWY L  PRKT ]"
Exodus;28;12;18;1;"FJM";;"<n.>";"make [3|& two the stone] to be [5|stone remembrance to son Israel]";!;"";0;1;1;0;0;0;0;0;0;1;0;"[1|W ] [2|FMT ] [3|>T CTJ H >BNJM ] [4|<L KTPT H >PD ] [5|>BNJ ZKRN L BNJ JFR>L ]"
Exodus;28;26;44;1;"FJM";;"<dp>";"put; place [3|&~them:mm] [5|toward house]";!;"";1;0;0;0;0;0;0;0;1;1;0;"[1|W ] [2|FMT ] [3|>TM ] [4|<L CNJ QYWT H XCN <L FPTW ] [5|BJTH ]"
Exodus;28;37;64;1;"FJM";wrn;"<dc>";"make [3|&~him] (to be) [4|upon cord purple wool]";?;"[4|upon cord purple wool] taken as extra direct object besides [3|&~him]";1;0;0;0;0;0;0;0;0;1;0;"[1|W ] [2|FMT ] [3|>TW ] [4|<L PTJL TKLT ]"
Exodus;29;6;11;1;"FJM";wrn;"<dc>";"make [3|the turban] (to be) [4|upon head~his]";?;"[4|upon head~his] taken as extra direct object besides [3|the turban]";1;0;0;0;0;0;0;0;0;1;0;"[1|W ] [2|FMT ] [3|H MYNPT ] [4|<L R>CW ]"
Exodus;29;24;54;1;"FJM";wrn;"<dc>";"make [3|the whole] (to be) [4|upon palm Aaron and upon palm son~his]";?;"[4|upon palm Aaron and upon palm son~his] taken as extra direct object besides [3|the whole]";1;0;0;0;0;0;0;0;0;1;0;"[1|W ] [2|FMT ] [3|H KL ] [4|<L KPJ >HRN W <L KPJ BNJW ]"
Exodus;32;27;101;1;"FJM";;"<-->";"prepare; put in place; institute";!;"";0;0;0;0;0;0;0;0;0;0;0;"[1|FJMW ]"
Exodus;33;22;83;1;"FJM";;"<dp>";"put; place [2|~you:m] [3|in hole the rock]";!;"";1;0;0;0;0;0;0;0;1;0;0;"[1|W ] [2|FMTJK ] [3|B NQRT H YWR ]"
Exodus;39;7;10;1;"FJM";wrn;"<dc>";"make [3|&~them:mm] (to be) [4|upon shoulder the ephod]";?;"[4|upon shoulder the ephod] taken as extra direct object besides [3|&~them:mm]";1;0;0;0;0;0;0;0;0;1;0;"[1|W ] [2|JFM ] [3|>TM ] [4|<L KTPT H >PD ]"
Exodus;40;3;3;1;"FJM";;"<dp>";"put; place [4|& ark the reminder] [3|there]";!;"";1;0;0;0;0;0;0;0;1;0;0;"[1|W ] [2|FMT ] [3|CM ] [4|>T >RWN H <DWT ]"
Exodus;40;5;10;1;"FJM";;"<l.>";"make [3|& covering the opening] to become [4|the dwelling-place]";!;"";0;1;0;0;1;0;0;0;0;0;0;"[1|W ] [2|FMT ] [3|>T MSK H PTX ] [4|L  MCKN ]"
Exodus;40;18;42;1;"FJM";;"<d->";"prepare; put in place; institute [3|& board~his]";!;"";1;0;0;0;0;0;0;0;0;0;0;"[1|W ] [2|JFM ] [3|>T QRCJW ]"
Exodus;40;19;46;1;"FJM";;"<-p>";"place [5|toward from to top]";!;"";0;0;0;0;0;0;0;0;1;2;0;"[1|W ] [2|JFM ] [3|>T MKSH H >HL ] [4|<LJW ] [5|M L M<LH ]"
Exodus;40;20;49;1;"FJM";wrn;"<dc>";"make [3|& the linen, part, stave] (to be) [4|upon the ark]";?;"[4|upon the ark] taken as extra direct object besides [3|& the linen, part, stave]";1;0;0;0;0;0;0;0;0;1;0;"[1|W ] [2|JFM ] [3|>T H BDJM ] [4|<L H >RN ]"
Exodus;40;21;52;1;"FJM";;"<d->";"prepare; put in place; institute [3|& curtain the covering]";!;"";1;0;0;0;0;0;0;0;0;0;0;"[1|W ] [2|JFM ] [3|>T PRKT H MSK ]"
Exodus;40;24;56;1;"FJM";;"<-p>";"place [4|in tent appointment] [5|straightness the table] [6|toward upon upper thigh the dwelling-place south]";!;"";0;0;0;0;0;0;0;0;3;1;0;"[1|W ] [2|JFM ] [3|>T H MNRH ] [4|B >HL MW<D ] [5|NKX H CLXN ] [6|<L JRK H MCKN NGBH ]"
Exodus;40;29;61;1;"FJM";;"<dp>";"put; place [2|& altar the burnt-offering] [4|opening dwelling-place tent appointment]";!;"";1;0;0;0;0;0;0;0;1;0;0;"[1|W ] [2|>T MZBX H <LH ] [3|FM ] [4|PTX MCKN >HL MW<D ]"
Exodus;40;30;63;1;"FJM";;"<dp>";"put; place [3|& the basin] [4|between tent appointment and between the altar]";!;"";1;0;0;0;0;0;0;0;1;0;0;"[1|W ] [2|JFM ] [3|>T H KJR ] [4|BJN >HL MW<D W BJN H MZBX ]"
Leviticus;2;15;36;1;"FJM";wrn;"<dc>";"make [4|incense] (to be) [3|upon~her]";?;"[3|upon~her] taken as extra direct object besides [4|incense]";1;0;0;0;0;0;0;0;0;1;0;"[1|W ] [2|FMT ] [3|<LJH ] [4|LBNH ]"
Leviticus;5;11;35;1;"FJM";wrn;"<dc>";"make [4|oil] (to be) [3|upon~her]";?;"[3|upon~her] taken as extra direct object besides [4|oil]";1;0;0;0;0;0;0;0;0;1;0;"[1|L> ] [2|JFJM ] [3|<LJH ] [4|CMN ]"
Leviticus;6;3;10;1;"FJM";wrn;"<dc>";"make [2|~him] (to be) [1|and]";?;"[1|and] taken as extra direct object besides [2|~him]";1;0;0;0;0;0;0;0;0;1;0;"[1|W ] [2|FMW ] [3|>YL H MZBX ]"
Leviticus;8;8;16;1;"FJM";wrn;"<dc>";"make [4|& the breast-piece] (to be) [3|upon~him]";?;"[3|upon~him] taken as extra direct object besides [4|& the breast-piece]";1;0;0;0;0;0;0;0;0;1;0;"[1|W ] [2|JFM ] [3|<LJW ] [4|>T H XCN ]"
Leviticus;8;9;18;1;"FJM";wrn;"<dc>";"make [3|& the turban] (to be) [4|upon head~his]";?;"[4|upon head~his] taken as extra direct object besides [3|& the turban]";1;0;0;0;0;0;0;0;0;1;0;"[1|W ] [2|JFM ] [3|>T H MYNPT ] [4|<L R>CW ]"
Leviticus;8;9;19;1;"FJM";;"<dp>";"put; place [4|& blossom the gold consecration the holiness] [3|upon the turban to front face~his]";!;"";1;0;0;0;0;0;0;0;1;0;0;"[1|W ] [2|JFM ] [3|<L H MYNPT >L MWL PNJW ] [4|>T YJY H ZHB NZR H QDC ]"
Leviticus;8;26;62;1;"FJM";wrn;"<-c>";"prepare; put in place; institute ";?;"[3|upon the fat and upon splintbone the right-hand side] taken as extra direct object besides ";0;0;0;0;0;0;0;0;0;1;0;"[1|W ] [2|JFM ] [3|<L H XLBJM W <L CWQ H JMJN ]"
Leviticus;9;20;47;1;"FJM";wrn;"<dc>";"make [3|& the fat] (to be) [4|upon the breast]";?;"[4|upon the breast] taken as extra direct object besides [3|& the fat]";1;0;0;0;0;0;0;0;0;1;0;"[1|W ] [2|JFJMW ] [3|>T H XLBJM ] [4|<L H XZWT ]"
Leviticus;10;1;3;1;"FJM";wrn;"<dc>";"make [4|smoke of sacrifice] (to be) [3|upon~her]";?;"[3|upon~her] taken as extra direct object besides [4|smoke of sacrifice]";1;0;0;0;0;0;0;0;0;1;0;"[1|W ] [2|JFJMW ] [3|<LJH ] [4|QVRT ]"
Leviticus;20;5;9;1;"FJM";;"<dp>";"put; place [4|& face~my] [5|in the man the he and in clan~his]";!;"";1;0;0;0;0;0;0;0;1;0;0;"[1|W ] [2|FMTJ ] [3|>NJ ] [4|>T PNJ ] [5|B  >JC H HW> W B MCPXTW ]"
Leviticus;24;6;10;1;"FJM";;"<n.>";"make [3|&~them:mm] to be [4|two row]";!;"";0;1;1;0;0;0;0;0;0;1;0;"[1|W ] [2|FMT ] [3|>WTM ] [4|CTJM M<RKWT ] [5|<L H CLXN H VHR ] [6|L PNJ JHWH ]"
Numeri;4;6;9;1;"FJM";;"<d->";"prepare; put in place; institute [3|linen, part, stave~his]";!;"";1;0;0;0;0;0;0;0;0;0;0;"[1|W ] [2|FMW ] [3|BDJW ]"
Numeri;4;8;15;1;"FJM";;"<d->";"prepare; put in place; institute [3|& linen, part, stave~his]";!;"";1;0;0;0;0;0;0;0;0;0;0;"[1|W ] [2|FMW ] [3|>T BDJW ]"
Numeri;4;11;22;1;"FJM";;"<d->";"prepare; put in place; institute [3|& linen, part, stave~his]";!;"";1;0;0;0;0;0;0;0;0;0;0;"[1|W ] [2|FMW ] [3|>T BDJW ]"
Numeri;4;14;31;1;"FJM";;"<d->";"prepare; put in place; institute [3|linen, part, stave~his]";!;"";1;0;0;0;0;0;0;0;0;0;0;"[1|W ] [2|FMW ] [3|BDJW ]"
Numeri;4;19;44;1;"FJM";;"<d->";"prepare; put in place; institute [3|&~them:mm]";!;"";1;0;0;0;0;0;0;0;0;0;0;"[1|W ] [2|FMW ] [3|>WTM ]"
Numeri;6;26;55;1;"FJM";wrn;"<di>";"prepare; put in place; institute [4|peace] for [3|to~you:m]";?;"[3|to~you:m] taken as benefactive adjunct";1;0;0;0;0;0;0;1;0;0;0;"[1|W ] [2|JFM ] [3|LK ] [4|CLWM ]"
Numeri;6;27;56;1;"FJM";;"<dp>";"put; place [3|& name~my] [4|upon son Israel]";!;"";1;0;0;0;0;0;0;0;1;0;0;"[1|W ] [2|FMW ] [3|>T CMJ ] [4|<L BNJ JFR>L ]"
Numeri;11;11;35;2;"FJM";wrn;"<dc>";"make [2|& burden whole the people the this] (to be) [3|upon~me]";?;"[3|upon~me] taken as extra direct object besides [2|& burden whole the people the this]";1;0;0;0;0;0;0;0;0;1;0;"[1|L FWM ] [2|>T MF> KL H <M H ZH ] [3|<LJ ]"
Numeri;11;17;57;1;"FJM";wrn;"<-c>";"prepare; put in place; institute ";?;"[3|upon~them:mm] taken as extra direct object besides ";0;0;0;0;0;0;0;0;0;1;0;"[1|W ] [2|FMTJ ] [3|<LJHM ]"
Numeri;16;7;18;1;"FJM";;"<dp>";"put; place [4|smoke of sacrifice] [5|to face YHWH]";!;"";1;0;0;0;0;0;0;0;1;1;0;"[1|W ] [2|FJMW ] [3|<LJHN ] [4|QVRT ] [5|L PNJ JHWH ] [6|MXR ]"
Numeri;16;18;50;1;"FJM";wrn;"<dc>";"make [4|smoke of sacrifice] (to be) [3|upon~them:mm]";?;"[3|upon~them:mm] taken as extra direct object besides [4|smoke of sacrifice]";1;0;0;0;0;0;0;0;0;1;0;"[1|W ] [2|JFJMW ] [3|<LJHM ] [4|QVRT ]"
Numeri;17;11;28;1;"FJM";;"<d->";"prepare; put in place; institute [3|smoke of sacrifice]";!;"";1;0;0;0;0;0;0;0;0;0;0;"[1|W ] [2|FJM ] [3|QVRT ]"
Numeri;21;8;31;1;"FJM";wrn;"<dc>";"make [3|&~him] (to be) [4|upon signal]";?;"[4|upon signal] taken as extra direct object besides [3|&~him]";1;0;0;0;0;0;0;0;0;1;0;"[1|W ] [2|FJM ] [3|>TW ] [4|<L NS ]"
Numeri;21;9;36;1;"FJM";wrn;"<dc>";"make [2|~him] (to be) [3|upon the signal]";?;"[3|upon the signal] taken as extra direct object besides [2|~him]";1;0;0;0;0;0;0;0;0;1;0;"[1|W ] [2|JFMHW ] [3|<L H NS ]"
Numeri;22;38;143;2;"FJM";;"<-p>";"place [4|in mouth~my]";!;"";0;0;0;0;0;0;0;0;1;0;0;"[1|>CR ] [2|JFJM ] [3|>LHJM ] [4|B PJ ]"
Numeri;23;5;16;1;"FJM";;"<dp>";"put; place [4|word] [5|in mouth <prophet>]";!;"";1;0;0;0;0;0;0;0;1;0;0;"[1|W ] [2|JFM ] [3|JHWH ] [4|DBR ] [5|B PJ BL<M ]"
Numeri;23;12;47;1;"FJM";;"<-p>";"place [4|in mouth~my]";!;"";0;0;0;0;0;0;0;0;1;0;0;"[1|>T >CR ] [2|JFJM ] [3|JHWH ] [4|B PJ ]"
Numeri;23;16;60;1;"FJM";;"<dp>";"put; place [3|word] [4|in mouth~his]";!;"";1;0;0;0;0;0;0;0;1;0;0;"[1|W ] [2|JFM ] [3|DBR ] [4|B PJW ]"
Numeri;24;21;74;1;"FJM";;"<dp>";"put; place [4|nest~your:m] [3|in the rock]";!;"";1;0;0;0;0;0;0;0;1;0;0;"[1|W ] [2|FJM ] [3|B  SL< ] [4|QNK ]"
Numeri;24;23;80;2;"FJM";;"<d->";"prepare; put in place; institute [1|from ~him]";!;"";1;0;0;0;0;0;0;0;0;0;0;"[1|M FMW ] [2|>L ]"
Deuteronomium;1;13;24;1;"FJM";;"<dp>";"put; place [2|~them:mm] [3|in head~your:mm]";!;"";1;0;0;0;0;0;0;0;1;0;0;"[1|W ] [2|>FJMM ] [3|B R>CJKM ]"
Deuteronomium;4;44;91;2;"FJM";;"<-p>";"place [4|to face son Israel]";!;"";0;0;0;0;0;0;0;0;1;0;0;"[1|>CR ] [2|FM ] [3|MCH ] [4|L PNJ BNJ JFR>L ]"
Deuteronomium;7;15;41;3;"FJM";;"<dp>";"put; place [2|~them:mm] [3|in~you:m]";!;"";1;0;0;0;0;0;0;0;1;0;0;"[1|L> ] [2|JFJMM ] [3|BK ]"
Deuteronomium;10;2;6;1;"FJM";;"<dp>";"put; place [2|~them:mm] [3|in the ark]";!;"";1;0;0;0;0;0;0;0;1;0;0;"[1|W ] [2|FMTM ] [3|B  >RWN ]"
Deuteronomium;10;5;15;1;"FJM";;"<dp>";"put; place [3|& the tablet] [4|in the ark]";!;"";1;0;0;0;0;0;0;0;1;0;0;"[1|W ] [2|>FM ] [3|>T H LXT ] [4|B  >RWN ]"
Deuteronomium;10;22;52;1;"FJM";;"<k.>";"make [3|~you:m] to be as [5|as star the heavens to multitude]";!;"";0;1;0;1;0;0;0;0;0;0;0;"[1|W ] [2|<TH ] [3|FMK ] [4|JHWH >LHJK ] [5|K KWKBJ H CMJM L RB ]"
Deuteronomium;11;18;26;1;"FJM";wrn;"<dc>";"make [3|& word~my these] (to be) [4|upon heart~your:mm and upon soul~your:mm]";?;"[4|upon heart~your:mm and upon soul~your:mm] taken as extra direct object besides [3|& word~my these]";1;0;0;0;0;0;0;0;0;1;0;"[1|W ] [2|FMTM ] [3|>T DBRJ >LH ] [4|<L LBBKM W <L NPCKM ]"
Deuteronomium;12;5;9;3;"FJM";wrn;"<i.>";"be determined to do [4|to dwell~him]";?;"";0;1;0;0;0;1;0;0;1;0;0;"[1|L FWM ] [2|>T CMW ] [3|CM ]"
Deuteronomium;12;21;40;3;"FJM";;"<dp>";"put; place [2|name~his] [3|there]";!;"";1;0;0;0;0;0;0;0;1;0;0;"[1|L FWM ] [2|CMW ] [3|CM ]"
Deuteronomium;14;1;3;1;"FJM";;"<dp>";"put; place [4|baldness] [5|between eye~your:mm]";!;"";1;0;0;0;0;0;0;0;1;0;0;"[1|W ] [2|L> ] [3|TFJMW ] [4|QRXH ] [5|BJN <JNJKM ] [6|L MT ]"
Deuteronomium;14;24;44;3;"FJM";;"<dp>";"put; place [2|name~his] [3|there]";!;"";1;0;0;0;0;0;0;0;1;0;0;"[1|L FWM ] [2|CMW ] [3|CM ]"
Deuteronomium;17;14;39;1;"FJM";wrn;"<dc>";"make [3|king] (to be) [2|upon~me]";?;"[2|upon~me] taken as extra direct object besides [3|king]";1;0;0;0;0;0;0;0;0;1;0;"[1|>FJMH ] [2|<LJ ] [3|MLK ] [4|K KL H GWJM ]"
Deuteronomium;17;15;40;1;"FJM";wrn;"<dc>";"make [4|king] (to be) [3|upon~you:m]";?;"[3|upon~you:m] taken as extra direct object besides [4|king]";1;0;0;0;0;0;0;0;0;1;0;"[1|FWM ] [2|TFJM ] [3|<LJK ] [4|MLK ]"
Deuteronomium;17;15;41;1;"FJM";wrn;"<dc>";"make [4|king] (to be) [3|upon~you:m]";?;"[3|upon~you:m] taken as extra direct object besides [4|king]";1;0;0;0;0;0;0;0;0;1;0;"[1|M QRB >XJK ] [2|TFJM ] [3|<LJK ] [4|MLK ]"
Deuteronomium;22;8;29;1;"FJM";;"<dp>";"put; place [4|blood] [5|in house~your:m]";!;"";1;0;0;0;0;0;0;0;1;0;0;"[1|W ] [2|L> ] [3|TFJM ] [4|DMJM ] [5|B BJTK ]"
Deuteronomium;22;14;39;1;"FJM";wrn;"<di>";"prepare; put in place; institute [4|deed word] for [3|to~her]";?;"[3|to~her] taken as benefactive adjunct";1;0;0;0;0;0;0;1;0;0;0;"[1|W ] [2|FM ] [3|LH ] [4|<LJLT DBRJM ]"
Deuteronomium;22;17;51;1;"FJM";wrn;"<i.>";"be determined to do [2|to say]";?;"";0;1;0;0;0;1;0;0;0;0;0;"[1|HW> ] [2|FM ] [3|<LJLT DBRJM ]"
Deuteronomium;26;2;6;1;"FJM";;"<-p>";"place [3|in the basket]";!;"";0;0;0;0;0;0;0;0;1;0;0;"[1|W ] [2|FMT ] [3|B  VN> ]"
Deuteronomium;27;15;32;3;"FJM";;"<-->";"prepare; put in place; institute";!;"";0;0;0;0;0;0;0;0;0;0;0;"[1|W ] [2|FM ] [3|B  STR ]"
Deuteronomium;31;19;70;1;"FJM";;"<dp>";"put; place [1|~her] [2|in mouth~their:mm]";!;"";1;0;0;0;0;0;0;0;1;0;0;"[1|FJMH ] [2|B PJHM ]"
Deuteronomium;31;26;96;1;"FJM";wrn;"<dc>";"make [3|&~him] (to be) [4|from side ark covenant YHWH god(s)~your:mm]";?;"[4|from side ark covenant YHWH god(s)~your:mm] taken as extra direct object besides [3|&~him]";1;0;0;0;0;0;0;0;0;1;0;"[1|W ] [2|FMTM ] [3|>TW ] [4|M YD >RWN BRJT JHWH >LHJKM ]"
Deuteronomium;33;10;30;1;"FJM";;"<dp>";"put; place [2|smoke sacrifice] [3|in nose~your:m]";!;"";1;0;0;0;0;0;0;0;1;0;0;"[1|JFJMW ] [2|QVWRH ] [3|B >PK ]"
Josua;6;18;70;1;"FJM";;"<l.>";"make [3|& camp Israel] to become [4|ban]";!;"";0;1;0;0;1;0;0;0;0;0;0;"[1|W ] [2|FMTM ] [3|>T MXNH JFR>L ] [4|L XRM ]"
Josua;7;11;46;1;"FJM";;"<-p>";"place [4|in tool~their:mm]";!;"";0;0;0;0;0;0;0;0;1;0;0;"[1|W ] [2|GM ] [3|FMW ] [4|B KLJHM ]"
Josua;7;19;79;1;"FJM";;"<l.>";"make [3|weight] to become [4|YHWH god(s) Israel]";!;"";0;1;0;0;1;0;0;0;0;0;0;"[1|FJM ] [2|N> ] [3|KBWD ] [4|L JHWH >LHJ JFR>L ]"
Josua;8;2;11;1;"FJM";;"<db>";"prepare; put in place; institute [2|lie in ambush to the town] (for the benefit of) [2|to~you:m]";!;"";0;0;0;0;0;0;1;0;1;0;1;"[1|FJM ] [2|LK ] [3|M >XRJH ]"
Josua;8;12;49;1;"FJM";;"<n.>";"make [3|&~them:mm] to be [4|lie in ambush]";!;"";0;1;1;0;0;0;0;0;1;0;0;"[1|W ] [2|JFM ] [3|>WTM ] [4|>RB ] [5|BJN BJT_>L W BJN H <J M JM L  <JR ]"
Josua;8;13;50;1;"FJM";;"<d->";"prepare; put in place; institute [3|the people & whole the camp]";!;"";1;0;0;0;0;0;0;0;0;0;0;"[1|W ] [2|JFJMW ] [3|H <M >T KL H MXNH ]"
Josua;8;28;99;1;"FJM";;"<n.>";"make [2|~her] to be [3|mound eternity desolation]";!;"";0;1;1;0;0;0;0;0;0;0;0;"[1|W ] [2|JFJMH ] [3|TL <WLM CMMH ] [4|<D H JWM H ZH ]"
Josua;10;24;75;1;"FJM";wrn;"<dc>";"make [2|& foot~your:mm] (to be) [3|upon neck the king the these]";?;"[3|upon neck the king the these] taken as extra direct object besides [2|& foot~your:mm]";1;0;0;0;0;0;0;0;0;1;0;"[1|FJMW ] [2|>T RGLJKM ] [3|<L YW>RJ H MLKJM H >LH ]"
Josua;10;24;77;1;"FJM";wrn;"<dc>";"make [3|& foot~their:mm] (to be) [4|upon neck~their:mm]";?;"[4|upon neck~their:mm] taken as extra direct object besides [3|& foot~their:mm]";1;0;0;0;0;0;0;0;0;1;0;"[1|W ] [2|JFJMW ] [3|>T RGLJHM ] [4|<L YW>RJHM ]"
Josua;10;27;92;1;"FJM";wrn;"<dc>";"make [3|stone great] (to be) [4|upon mouth the cave]";?;"[4|upon mouth the cave] taken as extra direct object besides [3|stone great]";1;0;0;0;0;0;0;0;0;1;0;"[1|W ] [2|JFMW ] [3|>BNJM GDLWT ] [4|<L PJ H M<RH ] [5|<D <YM H JWM H ZH ]"
Josua;24;7;22;1;"FJM";;"<dp>";"put; place [3|darkness] [4|between~your:mm and between the Egyptian]";!;"";1;0;0;0;0;0;0;0;1;0;0;"[1|W ] [2|JFM ] [3|M>PL ] [4|BJNJKM W BJN H MYRJM ]"
Josua;24;25;87;1;"FJM";wrn;"<di>";"prepare; put in place; institute [4|law/precept and justice] for [3|to~him]";?;"[3|to~him] taken as benefactive adjunct";1;0;0;0;0;0;0;1;1;0;0;"[1|W ] [2|JFM ] [3|LW ] [4|XQ W MCPV ] [5|B CKM ]"
Judices;1;28;86;1;"FJM";;"<l.>";"make [3|& the Canaanite] to become [4|forced labour]";!;"";0;1;0;0;1;0;0;0;0;0;0;"[1|W ] [2|JFM ] [3|>T H KN<NJ ] [4|L MS ]"
Judices;4;21;75;1;"FJM";;"<dp>";"put; place [3|& the hammer] [4|in hand~her]";!;"";1;0;0;0;0;0;0;0;1;0;0;"[1|W ] [2|TFM ] [3|>T H MQBT ] [4|B JDH ]"
Judices;6;19;69;1;"FJM";;"<dp>";"put; place [1|the flesh] [3|in the basket]";!;"";1;0;0;0;0;0;0;0;1;0;0;"[1|H BFR ] [2|FM ] [3|B  SL ]"
Judices;6;19;70;1;"FJM";;"<dp>";"put; place [2|the juice] [4|in the cooking pot]";!;"";1;0;0;0;0;0;0;0;1;0;0;"[1|W ] [2|H MRQ ] [3|FM ] [4|B  PRWR ]"
Judices;7;22;99;1;"FJM";;"<dp>";"put; place [4|& dagger man] [5|in fellow~his and in whole the camp]";!;"";1;0;0;0;0;0;0;0;1;0;0;"[1|W ] [2|JFM ] [3|JHWH ] [4|>T XRB >JC ] [5|B R<HW W B KL H MXNH ]"
Judices;8;31;102;4;"FJM";;"<n.>";"make [3|& name~his] to be [4|Abimelech]";!;"";0;1;1;0;0;0;0;0;0;0;0;"[1|W ] [2|JFM ] [3|>T CMW ] [4|>BJMLK ]"
Judices;8;33;108;1;"FJM";;"<l.>";"make [4|Baal-Berith] to become [5|god(s)]";!;"";0;1;0;0;1;0;0;0;0;0;1;"[1|W ] [2|JFJMW ] [3|LHM ] [4|B<L_BRJT ] [5|L >LHJM ]"
Judices;9;24;81;4;"FJM";;"<-p>";"place [2|upon Abimelech brother~their:mm and upon lord, baal Shechem]";!;"";0;0;0;0;0;0;0;0;1;0;0;"[1|L FWM ] [2|<L >BJMLK >XJHM W <L B<LJ CKM ]"
Judices;9;25;82;1;"FJM";wrn;"<di>";"prepare; put in place; institute [5|lie in ambush] for [3|to~him]";?;"[3|to~him] taken as benefactive adjunct";1;0;0;0;0;0;0;1;1;0;0;"[1|W ] [2|JFJMW ] [3|LW ] [4|B<LJ CKM ] [5|M>RBJM ] [6|<L R>CJ H HRJM ]"
Judices;9;48;176;1;"FJM";wrn;"<-c>";"prepare; put in place; institute ";?;"[3|upon shoulder~his] taken as extra direct object besides ";0;0;0;0;0;0;0;0;0;1;0;"[1|W ] [2|JFM ] [3|<L CKMW ]"
Judices;9;49;184;1;"FJM";wrn;"<-c>";"prepare; put in place; institute ";?;"[3|upon the cellar] taken as extra direct object besides ";0;0;0;0;0;0;0;0;0;1;0;"[1|W ] [2|JFJMW ] [3|<L H YRJX ]"
Judices;11;11;40;1;"FJM";wrn;"<dc>";"make [4|&~him] (to be) [3|the people] [6|to head and to chief]";?;"[3|the people] [6|to head and to chief] taken as extra direct object besides [4|&~him]";1;0;0;0;0;0;0;0;0;2;0;"[1|W ] [2|JFJMW ] [3|H <M ] [4|>WTW ] [5|<LJHM ] [6|L R>C W L QYJN ]"
Judices;12;3;12;1;"FJM";;"<dp>";"put; place [3|soul~my] [4|in palm~my]";!;"";1;0;0;0;0;0;0;0;1;0;0;"[1|W ] [2|>FJMH ] [3|NPCJ ] [4|B KPJ ]"
Judices;15;4;19;1;"FJM";;"<dp>";"put; place [3|torch one] [4|between two the tail in the midst]";!;"";1;0;0;0;0;0;0;0;1;0;0;"[1|W ] [2|JFM ] [3|LPJD >XD ] [4|BJN CNJ H ZNBWT B  TWK ]"
Judices;16;3;15;1;"FJM";wrn;"<-c>";"prepare; put in place; institute ";?;"[3|upon shoulder~his] taken as extra direct object besides ";0;0;0;0;0;0;0;0;0;1;0;"[1|W ] [2|JFM ] [3|<L KTPJW ]"
Judices;18;19;71;1;"FJM";wrn;"<dc>";"make [2|hand~your:m] (to be) [3|upon mouth~your:m]";?;"[3|upon mouth~your:m] taken as extra direct object besides [2|hand~your:m]";1;0;0;0;0;0;0;0;0;1;0;"[1|FJM ] [2|JDK ] [3|<L PJK ]"
Judices;18;21;80;1;"FJM";;"<dp>";"put; place [3|& the <those unable to march> and & the purchase and & the what is valuable] [4|to face~their:mm]";!;"";1;0;0;0;0;0;0;0;1;0;0;"[1|W ] [2|JFJMW ] [3|>T H VP W >T H MQNH W >T H KBWDH ] [4|L PNJHM ]"
Judices;18;31;117;1;"FJM";wrn;"<di>";"prepare; put in place; institute [4|& idol Micah] for [3|to~them:mm]";?;"[3|to~them:mm] taken as benefactive adjunct";1;0;0;0;0;0;0;1;0;0;0;"[1|W ] [2|JFJMW ] [3|LHM ] [4|>T PSL MJKH ] [5|KL JMJ ]"
Judices;19;30;146;1;"FJM";;"<-b>";"prepare; put in place; (for the benefit of) [2|to~you:mm]";!;"";0;0;0;0;0;0;0;0;0;1;1;"[1|FJMW ] [2|LKM ] [3|<LJH ]"
Judices;20;29;85;1;"FJM";;"<dp>";"put; place [4|lie in ambush to the Gibeah] [5|surrounding]";!;"";1;0;0;0;0;0;0;0;1;0;0;"[1|W ] [2|JFM ] [3|JFR>L ] [4|>RBJM >L H GB<H ] [5|SBJB ]"
Judices;20;36;107;2;"FJM";;"<-p>";"place [3|to the Gibeah]";!;"";0;0;0;0;0;0;0;0;1;0;0;"[1|>CR ] [2|FMW ] [3|>L H GB<H ]"
Samuel_I;2;20;69;1;"FJM";;"<dp>";"put; place [4|seed from the woman the this] [5|under part the request]";!;"";1;0;0;0;0;0;0;0;1;0;0;"[1|JFM ] [2|JHWH ] [3|LK ] [4|ZR< MN H >CH H Z>T ] [5|TXT H C>LH ]"
Samuel_I;6;11;41;1;"FJM";wrn;"<dc>";"make [3|& ark YHWH and & the saddle-bag and & jerboa the gold and & image tumours~their:mm] (to be) [4|to the chariot]";?;"[4|to the chariot] taken as extra direct object besides [3|& ark YHWH and & the saddle-bag and & jerboa the gold and & image tumours~their:mm]";1;0;0;0;0;0;0;0;0;1;0;"[1|W ] [2|JFMW ] [3|>T >RWN JHWH W >T H >RGZ W >T <KBRJ H ZHB W >T YLMJ VXRJHM ] [4|>L H <GLH ]"
Samuel_I;6;15;56;1;"FJM";wrn;"<-c>";"prepare; put in place; institute ";?;"[3|to the stone the great] taken as extra direct object besides ";0;0;0;0;0;0;0;0;0;1;0;"[1|W ] [2|JFMW ] [3|>L H >BN H GDWLH ]"
Samuel_I;7;12;48;1;"FJM";;"<-p>";"place [3|between the Mizpah and between the Shen]";!;"";0;0;0;0;0;0;0;0;1;0;0;"[1|W ] [2|JFM ] [3|BJN H MYPH W BJN H CN ]"
Samuel_I;8;1;2;1;"FJM";;"<n.>";"make [3|& son~his] to be [4|judge]";!;"";0;1;1;0;1;0;0;0;0;0;0;"[1|W ] [2|JFM ] [3|>T BNJW ] [4|CPVJM ] [5|L JFR>L ]"
Samuel_I;8;5;14;1;"FJM";wrn;"<i.>";"be determined to do [2|to judge~us as whole the people]";?;"";0;1;0;0;0;1;0;1;0;0;0;"[1|<TH ] [2|FJMH ] [3|LNW ] [4|MLK ]"
Samuel_I;8;11;31;1;"FJM";wrn;"<-i>";"prepare; put in place; for [3|to~him]";?;"[3|to~him] taken as benefactive adjunct";0;0;0;0;0;0;0;1;1;0;0;"[1|W ] [2|FM ] [3|LW ] [4|B MRKBTW W B PRCJW ]"
Samuel_I;8;12;30;2;"FJM";wrn;"<di>";"prepare; put in place; institute [4|chief thousand and chief five] for [3|to~him]";?;"[3|to~him] taken as benefactive adjunct";1;0;0;0;0;0;0;1;0;0;0;"[1|W ] [2|L FWM ] [3|LW ] [4|FRJ >LPJM W FRJ XMCJM ]"
Samuel_I;9;20;97;3;"FJM";wrn;"<di>";"prepare; put in place; institute [3|& heart~your:m] for [4|to~them:mm]";?;"[4|to~them:mm] taken as benefactive adjunct";1;0;0;0;0;0;0;1;0;0;0;"[1|>L ] [2|TFM ] [3|>T LBK ] [4|LHM ]"
Samuel_I;9;23;111;1;"FJM";wrn;"<dc>";"make [2|&~her] (to be) [3|with~you:m]";?;"[3|with~you:m] taken as extra direct object besides [2|&~her]";1;0;0;0;0;0;0;0;0;1;0;"[1|FJM ] [2|>TH ] [3|<MK ]"
Samuel_I;9;24;113;1;"FJM";;"<-p>";"place [3|to face Saul]";!;"";0;0;0;0;0;0;0;0;1;0;0;"[1|W ] [2|JFM ] [3|L PNJ C>WL ]"
Samuel_I;9;24;116;2;"FJM";;"<-p>";"place [2|to face~your:m]";!;"";0;0;0;0;0;0;0;0;1;0;0;"[1|FJM ] [2|L PNJK ]"
Samuel_I;10;19;78;1;"FJM";wrn;"<dc>";"make [2|king] (to be) [4|upon~us]";?;"[4|upon~us] taken as extra direct object besides [2|king]";1;0;0;0;0;0;0;0;0;1;0;"[1|KJ ] [2|MLK ] [3|TFJM ] [4|<LJNW ]"
Samuel_I;11;2;8;1;"FJM";;"<n.>";"make [2|~her] to be [3|reproach]";!;"";0;1;1;0;0;0;0;0;1;0;0;"[1|W ] [2|FMTJH ] [3|XRPH ] [4|<L KL JFR>L ]"
Samuel_I;11;11;45;1;"FJM";;"<n.>";"make [4|& the people] to be [5|three head]";!;"";0;1;1;0;0;0;0;0;0;0;0;"[1|W ] [2|JFM ] [3|C>WL ] [4|>T H <M ] [5|CLCH R>CJM ]"
Samuel_I;15;2;6;3;"FJM";wrn;"<-i>";"prepare; put in place; for [3|to~him]";?;"[3|to~him] taken as benefactive adjunct";0;0;0;0;0;0;0;1;1;0;0;"[1|>CR ] [2|FM ] [3|LW ] [4|B  DRK ]"
Samuel_I;17;40;147;1;"FJM";;"<dp>";"put; place [3|&~them:mm] [4|in tool the pasture and in the bag]";!;"";1;0;0;0;0;0;0;0;1;0;0;"[1|W ] [2|JFM ] [3|>TM ] [4|B KLJ H R<JM W B  JLQWV ]"
Samuel_I;17;54;206;1;"FJM";;"<dp>";"put; place [2|& tool~his] [4|in tent~his]";!;"";1;0;0;0;0;0;0;0;1;0;0;"[1|W ] [2|>T KLJW ] [3|FM ] [4|B >HLW ]"
Samuel_I;18;5;11;1;"FJM";wrn;"<dc>";"make [2|~him] (to be) [4|upon man the war]";?;"[4|upon man the war] taken as extra direct object besides [2|~him]";1;0;0;0;0;0;0;0;0;1;0;"[1|W ] [2|JFMHW ] [3|C>WL ] [4|<L >NCJ H MLXMH ]"
Samuel_I;18;13;38;1;"FJM";;"<n.>";"make [2|~him] to be [4|chief thousand]";!;"";0;1;1;0;0;0;0;0;0;0;1;"[1|W ] [2|JFMHW ] [3|LW ] [4|FR >LP ]"
Samuel_I;19;5;19;1;"FJM";;"<dp>";"put; place [3|& soul~his] [4|in palm~his]";!;"";1;0;0;0;0;0;0;0;1;0;0;"[1|W ] [2|JFM ] [3|>T NPCW ] [4|B KPW ]"
Samuel_I;19;13;56;1;"FJM";wrn;"<-c>";"prepare; put in place; institute ";?;"[3|to the couch] taken as extra direct object besides ";0;0;0;0;0;0;0;0;0;1;0;"[1|W ] [2|TFM ] [3|>L H MVH ]"
Samuel_I;19;13;57;1;"FJM";;"<dp>";"put; place [2|& quilt the goat] [4|head-place~his]";!;"";1;0;0;0;0;0;0;0;1;0;0;"[1|W ] [2|>T KBJR H <ZJM ] [3|FMH ] [4|MR>CTJW ]"
Samuel_I;21;7;30;4;"FJM";;"<d->";"prepare; put in place; institute [2|bread heat]";!;"";1;0;0;0;0;0;0;0;0;0;0;"[1|L FWM ] [2|LXM XM ] [3|B JWM ]"
Samuel_I;21;13;52;1;"FJM";;"<dp>";"put; place [4|& the word the these] [5|in heart~his]";!;"";1;0;0;0;0;0;0;0;1;0;0;"[1|W ] [2|JFM ] [3|DWD ] [4|>T H DBRJM H >LH ] [5|B LBBW ]"
Samuel_I;22;7;26;1;"FJM";;"<l.>";"make [3|chief thousand and chief hundred] to become [1|whole~your:mm]";!;"";0;1;0;0;1;0;0;0;0;0;0;"[1|L KLKM ] [2|JFJM ] [3|FRJ >LPJM W FRJ M>WT ]"
Samuel_I;22;15;53;1;"FJM";;"<dp>";"put; place [5|word] [4|in servant~his in whole house father~my]";!;"";1;0;0;0;0;0;0;0;1;0;0;"[1|>L ] [2|JFM ] [3|H MLK ] [4|B <BDW B KL BJT >BJ ] [5|DBR ]"
Samuel_I;25;18;73;1;"FJM";wrn;"<-c>";"prepare; put in place; institute ";?;"[3|upon the he-ass] taken as extra direct object besides ";0;0;0;0;0;0;0;0;0;1;0;"[1|W ] [2|TFM ] [3|<L H XMRJM ]"
Samuel_I;25;25;100;1;"FJM";wrn;"<di>";"prepare; put in place; institute [5|& heart~his] for [6|to man the wickedness the this upon Nabal]";?;"[6|to man the wickedness the this upon Nabal] taken as benefactive adjunct";1;0;0;0;0;0;0;1;0;0;0;"[1|>L ] [2|N> ] [3|JFJM ] [4|>DNJ ] [5|>T LBW ] [6|>L >JC H BLJ<L H ZH <L NBL ]"
Samuel_I;28;2;8;1;"FJM";;"<n.>";"make [3|~you:m] to be [2|keep to head~my]";!;"";0;1;1;0;0;0;0;0;0;0;0;"[1|LKN ] [2|CMR L R>CJ ] [3|>FJMK ] [4|KL H JMJM ]"
Samuel_I;28;21;93;1;"FJM";;"<dp>";"put; place [3|soul~my] [4|in palm~my]";!;"";1;0;0;0;0;0;0;0;1;0;0;"[1|W ] [2|>FJM ] [3|NPCJ ] [4|B KPJ ]"
Samuel_I;28;22;97;1;"FJM";;"<dp>";"put; place [4|bit bread] [3|to face~your:m]";!;"";1;0;0;0;0;0;0;0;1;1;0;"[1|W ] [2|>FMH ] [3|L PNJK ] [4|PT LXM ]"
Samuel_I;30;25;86;1;"FJM";;"<l.>";"make [2|~her] to become [3|law/precept and to justice to Israel]";!;"";0;1;0;0;1;0;0;0;0;0;0;"[1|W ] [2|JFMH ] [3|L XQ W L MCPV L JFR>L ] [4|<D H JWM H ZH ]"
Samuel_I;31;10;34;1;"FJM";;"<dp>";"put; place [3|& tool~his] [4|house idol]";!;"";1;0;0;0;0;0;0;0;1;0;0;"[1|W ] [2|JFMW ] [3|>T KLJW ] [4|BJT <CTRWT ]"
Samuel_II;7;23;59;4;"FJM";wrn;"<di>";"prepare; put in place; institute [4|name] for [3|to~him]";?;"[3|to~him] taken as benefactive adjunct";1;0;0;0;0;0;0;1;0;0;0;"[1|W ] [2|L FWM ] [3|LW ] [4|CM ]"
Samuel_II;8;6;16;1;"FJM";;"<dp>";"put; place [4|pillar] [5|in Aram Damascus]";!;"";1;0;0;0;0;0;0;0;1;0;0;"[1|W ] [2|JFM ] [3|DWD ] [4|NYBJM ] [5|B >RM DMFQ ]"
Samuel_II;8;14;28;1;"FJM";;"<dp>";"put; place [4|pillar] [3|in Edom]";!;"";1;0;0;0;0;0;0;0;1;0;0;"[1|W ] [2|JFM ] [3|B >DWM ] [4|NYBJM ]"
Samuel_II;8;14;29;1;"FJM";;"<dp>";"put; place [3|pillar] [1|in whole Edom]";!;"";1;0;0;0;0;0;0;0;1;0;0;"[1|B KL >DWM ] [2|FM ] [3|NYBJM ]"
Samuel_II;12;20;89;1;"FJM";wrn;"<di>";"prepare; put in place; institute [4|bread] for [3|to~him]";?;"[3|to~him] taken as benefactive adjunct";1;0;0;0;0;0;0;1;0;0;0;"[1|W ] [2|JFJMW ] [3|LW ] [4|LXM ]"
Samuel_II;12;31;140;1;"FJM";;"<-p>";"place [3|in the stone-saw and in axe the iron and in axe the iron]";!;"";0;0;0;0;0;0;0;0;1;0;0;"[1|W ] [2|JFM ] [3|B  MGRH W B XRYJ H BRZL W B MGZRT H BRZL ]"
Samuel_II;13;19;88;1;"FJM";wrn;"<dc>";"make [3|hand~her] (to be) [4|upon head~her]";?;"[4|upon head~her] taken as extra direct object besides [3|hand~her]";1;0;0;0;0;0;0;0;0;1;0;"[1|W ] [2|TFM ] [3|JDH ] [4|<L R>CH ]"
Samuel_II;13;32;151;1;"FJM";;"<-->";"prepare; put in place; institute";!;"";0;0;0;0;0;0;0;0;0;0;0;"[1|KJ ] [2|<L PJ >BCLWM ] [3|HJTH ] [4|FWMH ] [5|M JWM ]"
Samuel_II;13;33;153;1;"FJM";wrn;"<i.>";"be determined to do [2|to say]";?;"";0;1;0;0;0;1;0;0;0;1;0;"[1|>L ] [2|JFM ] [3|>DNJ H MLK ] [4|>L LBW ] [5|DBR ]"
Samuel_II;14;3;11;1;"FJM";;"<dp>";"put; place [4|& the word] [5|in mouth~her]";!;"";1;0;0;0;0;0;0;0;1;0;0;"[1|W ] [2|JFM ] [3|JW>B ] [4|>T H DBRJM ] [5|B PJH ]"
Samuel_II;14;7;32;3;"FJM";;"<l.>";"make [3|name and rest] to become [2|man~my]";!;"";0;1;0;0;1;0;0;0;1;0;0;"[1|L BLTJ FWM ] [2|L >JCJ ] [3|CM W C>RJT ] [4|<L PNJ H >DMH ]"
Samuel_II;14;19;79;3;"FJM";;"<dp>";"put; place [5|& whole the word the these] [4|in mouth maidservant~your:m]";!;"";1;0;0;0;0;0;0;0;1;0;0;"[1|W ] [2|HW> ] [3|FM ] [4|B PJ CPXTK ] [5|>T KL H DBRJM H >LH ]"
Samuel_II;15;4;16;1;"FJM";;"<n.>";"make [2|~me] to be [3|judge in the earth]";!;"";0;1;1;0;0;0;0;0;0;0;0;"[1|MJ ] [2|JFMNJ ] [3|CPV B  >RY ]"
Samuel_II;18;1;2;1;"FJM";wrn;"<dc>";"make [4|chief thousand and chief hundred] (to be) [3|upon~them:mm]";?;"[3|upon~them:mm] taken as extra direct object besides [4|chief thousand and chief hundred]";1;0;0;0;0;0;0;0;0;1;0;"[1|W ] [2|JFM ] [3|<LJHM ] [4|FRJ >LPJM W FRJ M>WT ]"
Samuel_II;18;3;12;1;"FJM";wrn;"<di>";"prepare; put in place; institute [4|heart] for [3|to~us]";?;"[3|to~us] taken as benefactive adjunct";1;0;0;0;0;0;0;1;0;0;0;"[1|L> ] [2|JFJMW ] [3|>LJNW ] [4|LB ]"
Samuel_II;18;3;14;1;"FJM";wrn;"<di>";"prepare; put in place; institute [4|heart] for [3|to~us]";?;"[3|to~us] taken as benefactive adjunct";1;0;0;0;0;0;0;1;0;0;0;"[1|L> ] [2|JFJMW ] [3|>LJNW ] [4|LB ]"
Samuel_II;19;20;65;4;"FJM";wrn;"<-c>";"prepare; put in place; institute ";?;"[3|to heart~his] taken as extra direct object besides ";0;0;0;0;0;0;0;0;0;1;0;"[1|L FWM ] [2|H MLK ] [3|>L LBW ]"
Samuel_II;23;5;11;1;"FJM";wrn;"<-i>";"prepare; put in place; for [4|to~me]";?;"[4|to~me] taken as benefactive adjunct";0;0;0;0;0;0;0;1;0;0;0;"[1|KJ ] [2|BRJT <WLM ] [3|FM ] [4|LJ ]"
Samuel_II;23;23;71;1;"FJM";wrn;"<di>";"prepare; put in place; institute [2|~him] for [4|to subject~his]";?;"[4|to subject~his] taken as benefactive adjunct";1;0;0;0;0;0;0;1;0;0;0;"[1|W ] [2|JFMHW ] [3|DWD ] [4|>L MCM<TW ]"
Reges_I;2;5;11;5;"FJM";;"<dp>";"put; place [3|blood war] [4|in peace]";!;"";1;0;0;0;0;0;0;0;1;0;0;"[1|W ] [2|JFM ] [3|DMJ MLXMH ] [4|B CLM ]"
Reges_I;2;15;44;3;"FJM";wrn;"<i.>";"be determined to do [4|to be king]";?;"";0;1;0;0;0;1;0;0;0;1;0;"[1|W ] [2|<LJ ] [3|FMW ] [4|KL JFR>L ] [5|PNJHM ]"
Reges_I;8;21;42;1;"FJM";;"<dp>";"put; place [4|place to the ark] [3|there]";!;"";1;0;0;0;0;0;0;0;1;0;0;"[1|W ] [2|>FM ] [3|CM ] [4|MQWM L  >RWN ]"
Reges_I;9;3;5;3;"FJM";;"<dp>";"put; place [2|name~my] [3|there]";!;"";1;0;0;0;0;0;0;0;1;0;0;"[1|L FWM ] [2|CMJ ] [3|CM ] [4|<D <WLM ]"
Reges_I;10;9;20;1;"FJM";;"<l.>";"make [2|~you:m] to become [3|king]";!;"";0;1;0;0;1;1;0;0;0;0;0;"[1|W ] [2|JFJMK ] [3|L MLK ]"
Reges_I;11;36;90;4;"FJM";;"<dp>";"put; place [2|name~my] [3|there]";!;"";1;0;0;0;0;0;0;0;1;0;0;"[1|L FWM ] [2|CMJ ] [3|CM ]"
Reges_I;12;29;96;1;"FJM";;"<dp>";"put; place [3|& the one] [4|in Bethel]";!;"";1;0;0;0;0;0;0;0;1;0;0;"[1|W ] [2|JFM ] [3|>T H >XD ] [4|B BJT_>L ]"
Reges_I;14;21;71;3;"FJM";;"<dp>";"put; place [2|& name~his] [3|there]";!;"";1;0;0;0;0;0;0;0;1;0;0;"[1|L FWM ] [2|>T CMW ] [3|CM ]"
Reges_I;18;23;88;1;"FJM";wrn;"<-c>";"prepare; put in place; institute ";?;"[3|upon the tree] taken as extra direct object besides ";0;0;0;0;0;0;0;0;0;1;0;"[1|W ] [2|JFJMW ] [3|<L H <YJM ]"
Reges_I;18;23;89;1;"FJM";;"<d->";"prepare; put in place; institute [2|fire]";!;"";1;0;0;0;0;0;0;0;0;0;0;"[1|W ] [2|>C ] [3|L> ] [4|JFJMW ]"
Reges_I;18;23;92;1;"FJM";;"<d->";"prepare; put in place; institute [2|fire]";!;"";1;0;0;0;0;0;0;0;0;0;0;"[1|W ] [2|>C ] [3|L> ] [4|>FJM ]"
Reges_I;18;25;105;1;"FJM";;"<d->";"prepare; put in place; institute [2|fire]";!;"";1;0;0;0;0;0;0;0;0;0;0;"[1|W ] [2|>C ] [3|L> ] [4|TFJMW ]"
Reges_I;18;33;140;1;"FJM";wrn;"<-c>";"prepare; put in place; institute ";?;"[3|upon the tree] taken as extra direct object besides ";0;0;0;0;0;0;0;0;0;1;0;"[1|W ] [2|JFM ] [3|<L H <YJM ]"
Reges_I;18;42;181;1;"FJM";;"<dp>";"put; place [3|face~his] [4|between knee~his]";!;"";1;0;0;0;0;0;0;0;1;0;0;"[1|W ] [2|JFM ] [3|PNJW ] [4|BJN BRKW ]"
Reges_I;19;2;5;1;"FJM";;"<k.>";"make [4|& soul~your:m] to be as [5|as soul one from~them:mm]";!;"";0;1;0;1;0;0;0;0;0;0;0;"[1|KJ ] [2|K  <T MXR ] [3|>FJM ] [4|>T NPCK ] [5|K NPC >XD MHM ]"
Reges_I;20;6;21;1;"FJM";;"<dp>";"put; place [1|whole desire eye~your:m] [3|in hand~their:mm]";!;"";1;0;0;0;0;0;0;0;1;0;0;"[1|KL MXMD <JNJK ] [2|JFJMW ] [3|B JDM ]"
Reges_I;20;12;48;1;"FJM";;"<-->";"prepare; put in place; institute";!;"";0;0;0;0;0;0;0;0;0;0;0;"[1|FJMW ]"
Reges_I;20;12;49;1;"FJM";;"<-p>";"place [3|upon the town]";!;"";0;0;0;0;0;0;0;0;1;0;0;"[1|W ] [2|JFJMW ] [3|<L H <JR ]"
Reges_I;20;24;102;1;"FJM";;"<dp>";"put; place [3|governor] [4|under part~their:mm]";!;"";1;0;0;0;0;0;0;0;1;0;0;"[1|W ] [2|FJM ] [3|PXWT ] [4|TXTJHM ]"
Reges_I;20;31;135;1;"FJM";;"<dp>";"put; place [3|sack] [4|in hips~our]";!;"";1;0;0;0;0;0;0;0;1;0;0;"[1|NFJMH ] [2|N> ] [3|FQJM ] [4|B MTNJNW ]"
Reges_I;20;34;158;1;"FJM";;"<-b>";"prepare; put in place; (for the benefit of) [4|to~you:m]";!;"";0;0;0;0;0;0;0;0;1;0;1;"[1|W ] [2|XWYWT ] [3|TFJM ] [4|LK ] [5|B DMFQ ]"
Reges_I;20;34;158;2;"FJM";;"<-p>";"place [4|in Samaria]";!;"";0;0;0;0;0;0;0;0;1;0;0;"[1|K >CR ] [2|FM ] [3|>BJ ] [4|B CMRWN ]"
Reges_I;21;27;93;1;"FJM";wrn;"<dc>";"make [3|sack] (to be) [4|upon flesh~his]";?;"[4|upon flesh~his] taken as extra direct object besides [3|sack]";1;0;0;0;0;0;0;0;0;1;0;"[1|W ] [2|JFM ] [3|FQ ] [4|<L BFRW ]"
Reges_I;22;27;107;1;"FJM";;"<dp>";"put; place [2|& this] [3|house the prison]";!;"";1;0;0;0;0;0;0;0;1;0;0;"[1|FJMW ] [2|>T ZH ] [3|BJT H KL> ]"
Reges_II;2;20;112;1;"FJM";;"<dp>";"put; place [4|salt] [3|there]";!;"";1;0;0;0;0;0;0;0;1;0;0;"[1|W ] [2|FJMW ] [3|CM ] [4|MLX ]"
Reges_II;4;10;44;1;"FJM";;"<dp>";"put; place [5|couch and table and seat and lamp stand] [4|there]";!;"";1;0;0;0;0;0;0;0;1;0;0;"[1|W ] [2|NFJM ] [3|LW ] [4|CM ] [5|MVH W CLXN W KS> W MNWRH ]"
Reges_II;4;29;143;1;"FJM";wrn;"<dc>";"make [3|support~my] (to be) [4|upon face the boy]";?;"[4|upon face the boy] taken as extra direct object besides [3|support~my]";1;0;0;0;0;0;0;0;0;1;0;"[1|W ] [2|FMT ] [3|MC<NTJ ] [4|<L PNJ H N<R ]"
Reges_II;4;31;151;1;"FJM";wrn;"<dc>";"make [3|& the support] (to be) [4|upon face the boy]";?;"[4|upon face the boy] taken as extra direct object besides [3|& the support]";1;0;0;0;0;0;0;0;0;1;0;"[1|W ] [2|JFM ] [3|>T H MC<NT ] [4|<L PNJ H N<R ]"
Reges_II;4;34;164;1;"FJM";wrn;"<dc>";"make [3|mouth~his] (to be) [4|upon mouth~his]";?;"[4|upon mouth~his] taken as extra direct object besides [3|mouth~his]";1;0;0;0;0;0;0;0;0;1;0;"[1|W ] [2|JFM ] [3|PJW ] [4|<L PJW ]"
Reges_II;6;22;99;1;"FJM";;"<dp>";"put; place [2|bread and water] [3|to face~their:mm]";!;"";1;0;0;0;0;0;0;0;1;0;0;"[1|FJM ] [2|LXM W MJM ] [3|L PNJHM ]"
Reges_II;8;11;47;1;"FJM";;"<-->";"prepare; put in place; institute";!;"";0;0;0;0;0;0;0;0;0;0;0;"[1|W ] [2|JFM ]"
Reges_II;9;13;59;1;"FJM";;"<-p>";"place [3|under part~his]";!;"";0;0;0;0;0;0;0;0;1;1;0;"[1|W ] [2|JFJMW ] [3|TXTJW ] [4|>L GRM H M<LWT ]"
Reges_II;10;3;9;1;"FJM";wrn;"<-c>";"prepare; put in place; institute ";?;"[3|upon seat father~his] taken as extra direct object besides ";0;0;0;0;0;0;0;0;0;1;0;"[1|W ] [2|FMTM ] [3|<L KS> >BJW ]"
Reges_II;10;7;29;1;"FJM";;"<dp>";"put; place [3|& head~their:mm] [4|in the cooking pot]";!;"";1;0;0;0;0;0;0;0;1;0;0;"[1|W ] [2|JFJMW ] [3|>T R>CJHM ] [4|B  DWDJM ]"
Reges_II;10;24;107;1;"FJM";;"<db>";"prepare; put in place; institute [6|eight man] (for the benefit of) [4|to~him]";!;"";1;0;0;0;0;0;0;0;1;0;1;"[1|W ] [2|JHW> ] [3|FM ] [4|LW ] [5|B  XWY ] [6|CMNJM >JC ]"
Reges_II;10;27;122;1;"FJM";;"<l.>";"make [2|~him] to become [3|origin]";!;"";0;1;0;0;1;0;0;0;0;0;0;"[1|W ] [2|JFMHW ] [3|L MXR>WT ] [4|<D H JWM ]"
Reges_II;11;16;53;1;"FJM";wrn;"<di>";"prepare; put in place; institute [4|hand] for [3|to~her]";?;"[3|to~her] taken as benefactive adjunct";1;0;0;0;0;0;0;1;0;0;0;"[1|W ] [2|JFMW ] [3|LH ] [4|JDJM ]"
Reges_II;11;18;61;1;"FJM";;"<dp>";"put; place [4|commission] [5|upon house YHWH]";!;"";1;0;0;0;0;0;0;0;1;0;0;"[1|W ] [2|JFM ] [3|H KHN ] [4|PQDWT ] [5|<L BJT JHWH ]"
Reges_II;12;18;40;1;"FJM";wrn;"<i.>";"be determined to do [2|to ascend upon Jerusalem]";?;"";0;1;0;0;0;1;0;0;0;0;0;"[1|W ] [2|JFM ] [3|XZ>L ] [4|PNJW ]"
Reges_II;13;7;18;1;"FJM";wrn;"<i.>";"be determined to do [2|to tread on]";?;"";0;1;0;0;0;1;0;0;0;1;0;"[1|W ] [2|JFMM ] [3|K  <PR ]"
Reges_II;13;16;42;1;"FJM";wrn;"<dc>";"make [4|hand~his] (to be) [5|upon hand the king]";?;"[5|upon hand the king] taken as extra direct object besides [4|hand~his]";1;0;0;0;0;0;0;0;0;1;0;"[1|W ] [2|JFM ] [3|>LJC< ] [4|JDJW ] [5|<L JDJ H MLK ]"
Reges_II;17;34;88;3;"FJM";;"<n.>";"make [3|name~his] to be [4|Israel]";!;"";0;1;1;0;0;0;0;0;0;0;0;"[1|>CR ] [2|FM ] [3|CMW ] [4|JFR>L ]"
Reges_II;18;14;40;1;"FJM";wrn;"<dc>";"make [5|three hundred disk silver and three disk gold] (to be) [4|upon Hizkiah king Judah]";?;"[4|upon Hizkiah king Judah] taken as extra direct object besides [5|three hundred disk silver and three disk gold]";1;0;0;0;0;0;0;0;0;1;0;"[1|W ] [2|JFM ] [3|MLK >CWR ] [4|<L XZQJH MLK JHWDH ] [5|CLC M>WT KKR KSP W CLCJM KKR ZHB ]"
Reges_II;19;28;89;1;"FJM";;"<dp>";"put; place [3|thorn~my] [4|in nose~your:m]";!;"";1;0;0;0;0;0;0;0;1;0;0;"[1|W ] [2|FMTJ ] [3|XXJ ] [4|B >PK ]"
Reges_II;20;7;28;1;"FJM";wrn;"<-c>";"prepare; put in place; institute ";?;"[3|upon the boil] taken as extra direct object besides ";0;0;0;0;0;0;0;0;0;1;0;"[1|W ] [2|JFJMW ] [3|<L H CXJN ]"
Reges_II;21;4;12;1;"FJM";;"<dp>";"put; place [3|& name~my] [1|in Jerusalem]";!;"";1;0;0;0;0;0;0;0;1;0;0;"[1|B JRWCLM ] [2|>FJM ] [3|>T CMJ ]"
Reges_II;21;7;19;1;"FJM";err;"<c.>";"set [3|& idol the asherah] to [3|<relative> say YHWH to David and to Solomon son~his]";-;"";0;1;0;0;0;0;1;0;1;0;0;"[1|W ] [2|JFM ] [3|>T PSL H >CRH ] [4|B  BJT ]"
Reges_II;21;7;20;1;"FJM";;"<dp>";"put; place [3|& name~my] [1|in the house the this and in Jerusalem]";!;"";1;0;0;0;0;0;0;0;1;0;0;"[1|B  BJT H ZH W B JRWCLM ] [2|>FJM ] [3|>T CMJ ] [4|L <WLM ]"
Jesaia;3;7;13;1;"FJM";;"<n.>";"make [2|~me] to be [3|chief people]";!;"";0;1;1;0;0;0;0;0;0;0;0;"[1|L> ] [2|TFJMNJ ] [3|QYJN <M ]"
Jesaia;5;20;65;4;"FJM";;"<l.>";"make [2|darkness] to become [3|light]";!;"";0;1;0;0;1;0;0;0;0;0;0;"[1|FMJM ] [2|XCK ] [3|L >WR ]"
Jesaia;5;20;65;6;"FJM";;"<l.>";"make [2|bitter] to become [3|sweet]";!;"";0;1;0;0;1;0;0;0;0;0;0;"[1|FMJM ] [2|MR ] [3|L MTWQ ]"
Jesaia;10;6;14;4;"FJM";;"<n.>";"make [2|to ~him] to be [3|trampled land]";!;"";0;1;1;0;0;0;0;0;0;0;0;"[1|W ] [2|L FJMW ] [3|MRMS ] [4|K XMR XWYWT ]"
Jesaia;13;9;21;2;"FJM";;"<l.>";"make [2|the earth] to become [3|destruction]";!;"";0;1;0;0;1;0;0;0;0;0;0;"[1|L FWM ] [2|H >RY ] [3|L CMH ]"
Jesaia;14;17;45;1;"FJM";;"<k.>";"make [2|world] to be as [3|as the desert]";!;"";0;1;0;1;0;0;0;0;0;0;0;"[1|FM ] [2|TBL ] [3|K  MDBR ]"
Jesaia;14;23;63;1;"FJM";;"<l.>";"make [2|~her] to become [3|possession hedgehog]";!;"";0;1;0;0;1;0;0;0;0;0;0;"[1|W ] [2|FMTJH ] [3|L MWRC QPD ]"
Jesaia;21;4;15;1;"FJM";;"<l.>";"make [1|& breeze desire~my] to become [4|trembling]";!;"";0;1;0;0;1;0;0;0;0;0;0;"[1|>T NCP XCQJ ] [2|FM ] [3|LJ ] [4|L XRDH ]"
Jesaia;23;13;37;1;"FJM";;"<l.>";"make [1|~her] to become [2|decay]";!;"";0;1;0;0;1;0;0;0;0;0;0;"[1|FMH ] [2|L MPLH ]"
Jesaia;25;2;5;1;"FJM";;"<l.>";"make [5|town fortified] to become [4|the heap]";!;"";0;1;0;0;1;0;0;0;0;0;0;"[1|KJ ] [2|FMT ] [3|M <JR ] [4|L  GL ] [5|QRJH BYWRH ]"
Jesaia;27;9;26;1;"FJM";;"<k.>";"make [2|whole stone altar] to be as [3|as stone chalk shatter]";!;"";0;1;0;1;0;0;0;0;0;0;0;"[1|B FWMW ] [2|KL >BNJ MZBX ] [3|K >BNJ GR MNPYWT ]"
Jesaia;28;15;48;1;"FJM";;"<n.>";"make [3|lie] to be [4|refuge~our]";!;"";0;1;1;0;0;0;0;0;0;0;0;"[1|KJ ] [2|FMNW ] [3|KZB ] [4|MXSNW ]"
Jesaia;28;17;53;1;"FJM";;"<l.>";"make [3|justice] to become [4|line]";!;"";0;1;0;0;1;0;0;0;0;0;0;"[1|W ] [2|FMTJ ] [3|MCPV ] [4|L QW ]"
Jesaia;28;25;82;1;"FJM";;"<n.>";"make [3|wheat] to be [4|<animal>]";!;"";0;1;1;0;0;0;0;0;0;0;0;"[1|W ] [2|FM ] [3|XVH ] [4|FWRH ]"
Jesaia;37;29;87;1;"FJM";;"<dp>";"put; place [3|thorn~my] [4|in nose~your:m]";!;"";1;0;0;0;0;0;0;0;1;0;0;"[1|W ] [2|FMTJ ] [3|XXJ ] [4|B >PK ]"
Jesaia;41;15;59;1;"FJM";;"<l.>";"make [2|~you:f] to become [3|threshing-sledge threshing instrument new lord, baal double-edged]";!;"";0;1;0;0;1;0;0;0;0;0;0;"[1|HNH ] [2|FMTJK ] [3|L MWRG XRWY XDC B<L PJPJWT ]"
Jesaia;41;15;62;1;"FJM";;"<k.>";"make [2|hill] to be as [3|as the chaff]";!;"";0;1;0;1;0;0;0;0;0;0;0;"[1|W ] [2|GB<WT ] [3|K  MY ] [4|TFJM ]"
Jesaia;41;18;75;1;"FJM";;"<l.>";"make [2|desert] to become [3|reedy pool water]";!;"";0;1;0;0;1;0;0;0;0;0;0;"[1|>FJM ] [2|MDBR ] [3|L >GM MJM ]"
Jesaia;41;19;77;1;"FJM";;"<dp>";"put; place [3|juniper box tree and cypress] [2|in the desert]";!;"";1;0;0;0;0;0;0;0;1;0;0;"[1|>FJM ] [2|B  <RBH ] [3|BRWC TDHR W T>CWR ] [4|JXDW ]"
Jesaia;41;20;80;1;"FJM";;"<-->";"prepare; put in place; institute";!;"";0;0;0;0;0;0;0;0;0;0;0;"[1|W ] [2|JFJMW ]"
Jesaia;41;22;90;1;"FJM";;"<d->";"prepare; put in place; institute [3|heart~our]";!;"";1;0;0;0;0;0;0;0;0;0;0;"[1|W ] [2|NFJMH ] [3|LBNW ]"
Jesaia;42;4;13;1;"FJM";;"<dp>";"put; place [4|justice] [3|in the earth]";!;"";1;0;0;0;0;0;0;0;1;1;0;"[1|<D ] [2|JFJM ] [3|B  >RY ] [4|MCPV ]"
Jesaia;42;12;33;1;"FJM";;"<l.>";"make [3|weight] to become [2|YHWH]";!;"";0;1;0;0;1;0;0;0;0;0;0;"[1|JFJMW ] [2|L JHWH ] [3|KBWD ]"
Jesaia;42;15;48;1;"FJM";;"<l.>";"make [3|stream] to become [4|the coast, island]";!;"";0;1;0;0;1;0;0;0;0;0;0;"[1|W ] [2|FMTJ ] [3|NHRWT ] [4|L  >JJM ]"
Jesaia;42;25;84;1;"FJM";wrn;"<-c>";"prepare; put in place; institute ";?;"[4|upon heart] taken as extra direct object besides ";0;0;0;0;0;0;0;0;0;1;0;"[1|W ] [2|L> ] [3|JFJM ] [4|<L LB ]"
Jesaia;43;19;68;1;"FJM";;"<dp>";"put; place [4|way] [3|in the desert]";!;"";1;0;0;0;0;0;0;0;1;1;0;"[1|>P ] [2|>FJM ] [3|B  MDBR ] [4|DRK ]"
Jesaia;44;7;21;2;"FJM";;"<d->";"prepare; put in place; institute [2|people eternity]";!;"";1;0;0;0;0;0;0;0;0;0;0;"[1|M FWMJ ] [2|<M <WLM ]"
Jesaia;47;6;25;1;"FJM";wrn;"<di>";"prepare; put in place; institute [4|compassion] for [3|to~them:mm]";?;"[3|to~them:mm] taken as benefactive adjunct";1;0;0;0;0;0;0;1;0;0;0;"[1|L> ] [2|FMT ] [3|LHM ] [4|RXMJM ]"
Jesaia;47;7;29;1;"FJM";wrn;"<dc>";"make [4|these] (to be) [5|upon heart~your:f]";?;"[5|upon heart~your:f] taken as extra direct object besides [4|these]";1;0;0;0;0;0;0;0;0;1;0;"[1|<D ] [2|L> ] [3|FMT ] [4|>LH ] [5|<L LBK ]"
Jesaia;49;2;5;1;"FJM";;"<k.>";"make [3|mouth~my] to be as [4|as dagger sharp]";!;"";0;1;0;1;0;0;0;0;0;0;0;"[1|W ] [2|JFM ] [3|PJ ] [4|K XRB XDH ]"
Jesaia;49;2;7;1;"FJM";;"<l.>";"make [2|~me] to become [3|arrow purge]";!;"";0;1;0;0;1;0;0;0;0;0;0;"[1|W ] [2|JFJMNJ ] [3|L XY BRWR ]"
Jesaia;49;11;40;1;"FJM";;"<l.>";"make [3|whole mountain~my] to become [4|the way]";!;"";0;1;0;0;1;0;0;0;0;0;0;"[1|W ] [2|FMTJ ] [3|KL HRJ ] [4|L  DRK ]"
Jesaia;50;2;13;1;"FJM";;"<n.>";"make [2|stream] to be [3|desert]";!;"";0;1;1;0;0;0;0;0;0;0;0;"[1|>FJM ] [2|NHRWT ] [3|MDBR ]"
Jesaia;50;3;17;1;"FJM";;"<n.>";"make [2|sack] to be [4|covering~their:mm]";!;"";0;1;1;0;0;0;0;0;0;0;0;"[1|W ] [2|FQ ] [3|>FJM ] [4|KSWTM ]"
Jesaia;50;7;28;1;"FJM";;"<k.>";"make [3|face~my] to be as [4|as the flint]";!;"";0;1;0;1;0;0;0;0;0;0;0;"[1|<L KN ] [2|FMTJ ] [3|PNJ ] [4|K  XLMJC ]"
Jesaia;51;3;10;1;"FJM";;"<k.>";"make [3|desert~her] to be as [4|as Eden]";!;"";0;1;0;1;0;0;0;0;0;0;0;"[1|W ] [2|JFM ] [3|MDBRH ] [4|K <DN ]"
Jesaia;51;10;40;3;"FJM";;"<n.>";"make [3|depths sea] to be [4|way]";!;"";0;1;1;0;0;1;0;0;0;0;0;"[1|H ] [2|FMH ] [3|M<MQJ JM ] [4|DRK ]"
Jesaia;51;16;56;1;"FJM";;"<dp>";"put; place [3|word~my] [4|in mouth~your:m]";!;"";1;0;0;0;0;0;0;0;1;0;0;"[1|W ] [2|>FJM ] [3|DBRJ ] [4|B PJK ]"
Jesaia;51;23;76;1;"FJM";;"<dp>";"put; place [2|~her] [3|in hand grieve~you:f]";!;"";1;0;0;0;0;0;0;0;1;0;0;"[1|W ] [2|FMTJH ] [3|B JD MWGJK ]"
Jesaia;51;23;79;1;"FJM";;"<k.>";"make [4|back~your:f] to be as [3|as the earth]";!;"";0;1;0;1;0;0;0;0;0;0;0;"[1|W ] [2|TFJMJ ] [3|K  >RY ] [4|GWK ]"
Jesaia;54;12;43;1;"FJM";;"<n.>";"make [3|ruby] to be [4|sun~your:f]";!;"";0;1;1;0;0;0;0;0;0;0;0;"[1|W ] [2|FMTJ ] [3|KDKD ] [4|CMCTJK ]"
Jesaia;57;1;2;2;"FJM";wrn;"<-c>";"prepare; put in place; institute ";?;"[2|upon heart] taken as extra direct object besides ";0;0;0;0;0;0;0;0;0;1;0;"[1|FM ] [2|<L LB ]"
Jesaia;57;7;18;1;"FJM";;"<dp>";"put; place [3|couch~your:f] [1|upon mountain high and lift]";!;"";1;0;0;0;0;0;0;0;1;0;0;"[1|<L HR GBH W NF> ] [2|FMT ] [3|MCKBK ]"
Jesaia;57;8;20;1;"FJM";;"<dp>";"put; place [4|remembrance~your:f] [2|after the door and the door-post]";!;"";1;0;0;0;0;0;0;0;1;0;0;"[1|W ] [2|>XR H DLT W H MZWZH ] [3|FMT ] [4|ZKRWNK ]"
Jesaia;57;11;40;1;"FJM";wrn;"<-c>";"prepare; put in place; institute ";?;"[3|upon heart~your:f] taken as extra direct object besides ";0;0;0;0;0;0;0;0;0;1;0;"[1|L> ] [2|FMT ] [3|<L LBK ]"
Jesaia;59;21;79;3;"FJM";;"<-p>";"place [3|in mouth~your:m]";!;"";0;0;0;0;0;0;0;0;1;0;0;"[1|>CR ] [2|FMTJ ] [3|B PJK ]"
Jesaia;60;15;47;3;"FJM";;"<l.>";"make [2|~you:f] to become [3|height eternity joy generation and generation]";!;"";0;1;0;0;1;0;0;0;0;0;0;"[1|W ] [2|FMTJK ] [3|L G>WN <WLM MFWF DWR W DWR ]"
Jesaia;60;17;53;1;"FJM";;"<n.>";"make [3|commission~your:f] to be [4|peace]";!;"";0;1;1;0;0;0;0;0;0;0;0;"[1|W ] [2|FMTJ ] [3|PQDTK ] [4|CLWM ]"
Jesaia;61;3;3;8;"FJM";;"<-->";"prepare; put in place; institute";!;"";0;0;0;0;1;0;0;0;0;0;0;"[1|L FWM ] [2|L >BLJ YJWN ]"
Jesaia;62;7;19;1;"FJM";;"<n.>";"make [4|& Jerusalem] to be [5|praise in the earth]";!;"";0;1;1;0;0;0;0;0;0;0;0;"[1|W ] [2|<D ] [3|JFJM ] [4|>T JRWCLM ] [5|THLH B  >RY ]"
Jesaia;63;11;36;2;"FJM";;"<dp>";"put; place [4|& wind holiness~his] [3|in interior~his]";!;"";1;0;0;0;0;0;0;0;1;0;0;"[1|H ] [2|FM ] [3|B QRBW ] [4|>T RWX QDCW ]"
Jesaia;66;19;72;1;"FJM";;"<dp>";"put; place [4|sign] [3|in~them:mm]";!;"";1;0;0;0;0;0;0;0;1;0;0;"[1|W ] [2|FMTJ ] [3|BHM ] [4|>WT ]"
Jeremia;2;7;17;1;"FJM";;"<l.>";"make [2|heritage~my] to become [4|abomination]";!;"";0;1;0;0;1;0;0;0;0;0;0;"[1|W ] [2|NXLTJ ] [3|FMTM ] [4|L TW<BH ]"
Jeremia;4;7;32;2;"FJM";;"<l.>";"make [2|earth~your:f] to become [3|destruction]";!;"";0;1;0;0;1;0;0;0;0;0;0;"[1|L FWM ] [2|>RYK ] [3|L CMH ]"
Jeremia;5;22;85;2;"FJM";;"<l.>";"make [4|boundary] to become [5|the sea]";!;"";0;1;0;0;1;0;0;0;0;0;0;"[1|>CR ] [2|FMTJ ] [3|XWL ] [4|GBWL ] [5|L  JM ]"
Jeremia;6;8;29;1;"FJM";;"<n.>";"make [2|~you:f] to be [3|desolation]";!;"";0;1;1;0;0;0;0;0;0;0;0;"[1|PN ] [2|>FJMK ] [3|CMMH ]"
Jeremia;7;30;87;1;"FJM";wrn;"<i.>";"be determined to do [3|to be unclean~him]";?;"";0;1;0;0;0;1;0;0;1;0;0;"[1|FMW ] [2|CQWYJHM ] [3|B  BJT ]"
Jeremia;9;7;30;1;"FJM";;"<dp>";"put; place [4|ambush~his] [2|in interior~his]";!;"";1;0;0;0;0;0;0;0;1;0;0;"[1|W ] [2|B QRBW ] [3|JFJM ] [4|>RBW ]"
Jeremia;10;22;70;4;"FJM";;"<n.>";"make [2|& town Judah] to be [3|desolation dwelling jackal]";!;"";0;1;1;0;0;0;0;0;0;0;0;"[1|L FWM ] [2|>T <RJ JHWDH ] [3|CMMH M<WN TNJM ]"
Jeremia;12;11;42;1;"FJM";;"<l.>";"make [1|~her] to become [2|desolation]";!;"";0;1;0;0;1;0;0;0;0;0;0;"[1|FMH ] [2|L CMMH ]"
Jeremia;12;11;45;1;"FJM";wrn;"<-c>";"prepare; put in place; institute ";?;"[5|upon heart] taken as extra direct object besides ";0;0;0;0;0;0;0;0;0;1;0;"[1|KJ ] [2|>JN ] [3|>JC ] [4|FM ] [5|<L LB ]"
Jeremia;13;1;4;1;"FJM";wrn;"<dc>";"make [2|~him] (to be) [3|upon hips~your:m]";?;"[3|upon hips~your:m] taken as extra direct object besides [2|~him]";1;0;0;0;0;0;0;0;0;1;0;"[1|W ] [2|FMTW ] [3|<L MTNJK ]"
Jeremia;13;2;7;1;"FJM";wrn;"<-c>";"prepare; put in place; institute ";?;"[3|upon hips~my] taken as extra direct object besides ";0;0;0;0;0;0;0;0;0;1;0;"[1|W ] [2|>FM ] [3|<L MTNJ ]"
Jeremia;13;16;54;1;"FJM";;"<l.>";"make [2|~her] to become [3|darkness]";!;"";0;1;0;0;1;0;0;0;0;0;0;"[1|W ] [2|FMH ] [3|L YLMWT ]"
Jeremia;17;5;10;3;"FJM";;"<n.>";"make [3|flesh] to be [4|arm~his]";!;"";0;1;1;0;0;0;0;0;0;0;0;"[1|W ] [2|FM ] [3|BFR ] [4|ZR<W ]"
Jeremia;18;16;41;1;"FJM";;"<l.>";"make [2|earth~their:mm] to become [3|destruction whistling eternity]";!;"";0;1;0;0;1;0;0;0;0;0;0;"[1|L FWM ] [2|>RYM ] [3|L CMH CRWQT <WLM ]"
Jeremia;19;8;17;1;"FJM";;"<l.>";"make [3|& the town the this] to become [4|destruction and to whistling]";!;"";0;1;0;0;1;0;0;0;0;0;0;"[1|W ] [2|FMTJ ] [3|>T H <JR H Z>T ] [4|L CMH W L CRQH ]"
Jeremia;21;10;26;1;"FJM";;"<dp>";"put; place [3|face~my] [4|in the town the this]";!;"";1;0;0;0;0;0;0;0;1;0;0;"[1|KJ ] [2|FMTJ ] [3|PNJ ] [4|B  <JR H Z>T ] [5|L R<H ]"
Jeremia;24;6;15;1;"FJM";wrn;"<dc>";"make [3|eye~my] (to be) [4|upon~them:mm]";?;"[4|upon~them:mm] taken as extra direct object besides [3|eye~my]";1;0;0;0;0;0;0;0;0;1;0;"[1|W ] [2|FMTJ ] [3|<JNJ ] [4|<LJHM ] [5|L VWBH ]"
Jeremia;25;9;26;1;"FJM";;"<l.>";"make [2|~them:mm] to become [3|destruction and to whistling and to ruin eternity]";!;"";0;1;0;0;1;0;0;0;0;0;0;"[1|W ] [2|FMTJM ] [3|L CMH W L CRQH W L XRBWT <WLM ]"
Jeremia;25;12;33;1;"FJM";;"<l.>";"make [3|&~him] to become [4|desolation eternity]";!;"";0;1;0;0;1;0;0;0;0;0;0;"[1|W ] [2|FMTJ ] [3|>TW ] [4|L CMMWT <WLM ]"
Jeremia;29;22;58;1;"FJM";;"<k.>";"make [1|~you:m] to be as [3|as Zedekiah and as Ahab]";!;"";0;1;0;1;0;0;0;0;0;0;0;"[1|JFMK ] [2|JHWH ] [3|K YDQJHW W K >XB ]"
Jeremia;31;21;85;1;"FJM";wrn;"<di>";"prepare; put in place; institute [3|sign-post] for [2|to~you:f]";?;"[2|to~you:f] taken as benefactive adjunct";1;0;0;0;0;0;0;1;0;0;0;"[1|FMJ ] [2|LK ] [3|TMRWRJM ]"
Jeremia;32;20;49;5;"FJM";;"<dp>";"put; place [3|sign and sign] [4|in earth Egypt and in Israel and in the human, mankind]";!;"";1;0;0;0;0;0;0;0;1;0;0;"[1|>CR ] [2|FMT ] [3|>TWT W MPTJM ] [4|B >RY MYRJM W B JFR>L W B  >DM ] [5|<D H JWM H ZH ]"
Jeremia;32;34;85;1;"FJM";wrn;"<i.>";"be determined to do [3|to be unclean~him]";?;"";0;1;0;0;0;1;0;0;1;0;0;"[1|W ] [2|JFJMW ] [3|CQWYJHM ] [4|B  BJT ]"
Jeremia;33;25;52;2;"FJM";;"<d->";"prepare; put in place; institute [1|regulation heavens and earth]";!;"";1;0;0;0;0;0;0;0;0;0;0;"[1|XQWT CMJM W >RY ] [2|L> ] [3|FMTJ ]"
Jeremia;38;12;37;1;"FJM";;"<-p>";"place [4|under part armpit hand~your:m]";!;"";0;0;0;0;0;0;0;0;1;1;0;"[1|FJM ] [2|N> ] [3|BLW>J H SXBWT W H MLXJM ] [4|TXT >YLWT JDJK ] [5|M TXT L XBLJM ]"
Jeremia;39;12;26;1;"FJM";wrn;"<dc>";"make [2|eye~your:m] (to be) [4|upon~him]";?;"[4|upon~him] taken as extra direct object besides [2|eye~your:m]";1;0;0;0;0;0;0;0;0;1;0;"[1|W ] [2|<JNJK ] [3|FJM ] [4|<LJW ]"
Jeremia;40;4;15;1;"FJM";wrn;"<dc>";"make [3|& eye~my] (to be) [4|upon~you:m]";?;"[4|upon~you:m] taken as extra direct object besides [3|& eye~my]";1;0;0;0;0;0;0;0;0;1;0;"[1|W ] [2|>FJM ] [3|>T <JNJ ] [4|<LJK ]"
Jeremia;40;10;39;3;"FJM";;"<-p>";"place [3|in tool~your:mm]";!;"";0;0;0;0;0;0;0;0;1;0;0;"[1|W ] [2|FMW ] [3|B KLJKM ]"
Jeremia;42;15;46;1;"FJM";wrn;"<i.>";"be determined to do [2|to come Egypt]";?;"";0;1;0;0;0;1;0;0;0;0;0;"[1|>M ] [2|>TM ] [3|FWM ] [4|TFMWN ] [5|PNJKM ]"
Jeremia;42;17;51;2;"FJM";wrn;"<i.>";"be determined to do [3|to come Egypt]";?;"";0;1;0;0;0;1;0;0;0;0;0;"[1|>CR ] [2|FMW ] [3|>T PNJHM ]"
Jeremia;43;10;19;1;"FJM";wrn;"<dc>";"make [3|seat~his] (to be) [4|from top to the stone the these]";?;"[4|from top to the stone the these] taken as extra direct object besides [3|seat~his]";1;0;0;0;0;0;0;0;0;1;0;"[1|W ] [2|FMTJ ] [3|KS>W ] [4|M M<L L  >BNJM H >LH ]"
Jeremia;44;11;21;1;"FJM";;"<dp>";"put; place [3|face~my] [4|in~you:mm]";!;"";1;0;0;0;0;0;0;0;1;0;0;"[1|HNNJ ] [2|FM ] [3|PNJ ] [4|BKM ] [5|L R<H ]"
Jeremia;44;12;22;2;"FJM";wrn;"<i.>";"be determined to do [3|to come earth Egypt]";?;"";0;1;0;0;0;1;0;0;0;0;0;"[1|>CR ] [2|FMW ] [3|PNJHM ]"
Jeremia;49;38;144;1;"FJM";;"<dp>";"put; place [3|seat~my] [4|in Elam]";!;"";1;0;0;0;0;0;0;0;1;0;0;"[1|W ] [2|FMTJ ] [3|KS>J ] [4|B <JLM ]"
Jeremia;51;29;99;2;"FJM";;"<l.>";"make [2|& earth Babel] to become [3|destruction from <NEG> sit]";!;"";0;1;0;0;1;0;0;0;0;0;0;"[1|L FWM ] [2|>T >RY BBL ] [3|L CMH M >JN JWCB ]"
Ezechiel;4;2;9;1;"FJM";wrn;"<dc>";"make [4|ram] (to be) [3|upon~her]";?;"[3|upon~her] taken as extra direct object besides [4|ram]";1;0;0;0;0;0;0;0;0;1;0;"[1|W ] [2|FJM ] [3|<LJH ] [4|KRJM ] [5|SBJB ]"
Ezechiel;4;4;19;1;"FJM";wrn;"<dc>";"make [3|& sin house Israel] (to be) [4|upon~him]";?;"[4|upon~him] taken as extra direct object besides [3|& sin house Israel]";1;0;0;0;0;0;0;0;0;1;0;"[1|W ] [2|FMT ] [3|>T <WN BJT JFR>L ] [4|<LJW ]"
Ezechiel;5;5;19;1;"FJM";;"<dp>";"put; place [2|~her] [1|in midst the people]";!;"";1;0;0;0;0;0;0;0;1;0;0;"[1|B TWK H GWJM ] [2|FMTJH ]"
Ezechiel;6;2;2;2;"FJM";;"<dp>";"put; place [2|face~your:m] [3|to mountain Israel]";!;"";1;0;0;0;0;0;0;0;1;0;0;"[1|FJM ] [2|PNJK ] [3|>L HRJ JFR>L ]"
Ezechiel;7;20;74;2;"FJM";;"<l.>";"make [2|~him] to become [1|height]";!;"";0;1;0;0;1;0;0;0;0;0;0;"[1|L G>WN ] [2|FMHW ]"
Ezechiel;11;7;25;2;"FJM";;"<-p>";"place [3|in midst~her]";!;"";0;0;0;0;0;0;0;0;1;0;0;"[1|>CR ] [2|FMTM ] [3|B TWKH ]"
Ezechiel;13;17;62;1;"FJM";wrn;"<di>";"prepare; put in place; institute [4|face~your:m] for [5|to daughter people~your:m]";?;"[5|to daughter people~your:m] taken as benefactive adjunct";1;0;0;0;0;0;0;1;0;0;0;"[1|W ] [2|>TH ] [3|FJM ] [4|PNJK ] [5|>L BNWT <MK ]"
Ezechiel;14;4;11;3;"FJM";wrn;"<dc>";"make [2|stumbling block sin~his] (to be) [4|straightness face~his]";?;"[4|straightness face~his] taken as extra direct object besides [2|stumbling block sin~his]";1;0;0;0;0;0;0;0;0;1;0;"[1|W ] [2|MKCWL <WNW ] [3|JFJM ] [4|NKX PNJW ]"
Ezechiel;14;7;19;5;"FJM";wrn;"<dc>";"make [2|stumbling block sin~his] (to be) [4|straightness face~his]";?;"[4|straightness face~his] taken as extra direct object besides [2|stumbling block sin~his]";1;0;0;0;0;0;0;0;0;1;0;"[1|W ] [2|MKCWL <WNW ] [3|JFJM ] [4|NKX PNJW ]"
Ezechiel;15;7;21;3;"FJM";;"<dp>";"put; place [2|& face~my] [3|in~them:mm]";!;"";1;0;0;0;0;0;0;0;1;0;0;"[1|B FWMJ ] [2|>T PNJ ] [3|BHM ]"
Ezechiel;16;14;52;2;"FJM";wrn;"<-c>";"prepare; put in place; institute ";?;"[3|upon~you:f] taken as extra direct object besides ";0;0;0;0;0;0;0;0;0;1;0;"[1|>CR ] [2|FMTJ ] [3|<LJK ]"
Ezechiel;17;4;10;1;"FJM";;"<dp>";"put; place [2|~him] [1|in town trade]";!;"";1;0;0;0;0;0;0;0;1;0;0;"[1|B <JR RKLJM ] [2|FMW ]"
Ezechiel;17;5;14;1;"FJM";wrn;"<dc>";"make [2|~him] (to be) [1|willow]";?;"[1|willow] taken as extra direct object besides [2|~him]";1;0;0;0;0;0;0;0;0;1;0;"[1|YPYPH ] [2|FMW ]"
Ezechiel;19;5;16;1;"FJM";;"<n.>";"make [2|~him] to be [1|young lion]";!;"";0;1;1;0;0;0;0;0;0;0;0;"[1|KPJR ] [2|FMTHW ]"
Ezechiel;20;28;88;1;"FJM";wrn;"<dc>";"make [4|scent smell of appeasement~their:mm] (to be) [1|and]";?;"[1|and] taken as extra direct object besides [4|scent smell of appeasement~their:mm]";1;0;0;0;0;0;0;0;0;1;0;"[1|W ] [2|JFJMW ] [3|CM ] [4|RJX NJXWXJHM ]"
Ezechiel;21;2;2;2;"FJM";;"<dp>";"put; place [2|face~your:m] [3|toward way south]";!;"";1;0;0;0;0;0;0;0;1;0;0;"[1|FJM ] [2|PNJK ] [3|DRK TJMNH ]"
Ezechiel;21;7;19;2;"FJM";;"<dp>";"put; place [2|face~your:m] [3|to Jerusalem]";!;"";1;0;0;0;0;0;0;0;1;0;0;"[1|FJM ] [2|PNJK ] [3|>L JRWCLM ]"
Ezechiel;21;24;88;3;"FJM";wrn;"<i.>";"be determined to do [4|to come dagger king Babel]";?;"";0;1;0;0;0;1;0;0;0;0;0;"[1|FJM ] [2|LK ] [3|CNJM DRKJM ]"
Ezechiel;21;25;92;1;"FJM";wrn;"<i.>";"be determined to do [2|to come dagger together with much son Ammon and together with Judah in Jerusalem fortified]";?;"";0;1;0;0;0;1;0;0;0;0;0;"[1|DRK ] [2|TFJM ]"
Ezechiel;21;27;97;2;"FJM";wrn;"<i.>";"be determined to do [3|to open mouth in killing]";?;"";0;1;0;0;0;1;0;0;0;0;0;"[1|L FWM ] [2|KRJM ]"
Ezechiel;21;27;97;5;"FJM";wrn;"<i.>";"be determined to do [6|to pour rampart]";?;"";0;1;0;0;0;1;0;0;1;0;0;"[1|L FWM ] [2|KRJM ] [3|<L C<RJM ]"
Ezechiel;21;32;111;1;"FJM";;"<n.>";"make [2|~her] to be [1|ruin ruin ruin]";!;"";0;1;1;0;0;0;0;0;0;0;0;"[1|<WH <WH <WH ] [2|>FJMNH ]"
Ezechiel;23;41;116;1;"FJM";wrn;"<dc>";"make [2|smoke of sacrifice~my and oil~my] (to be) [4|upon~her]";?;"[4|upon~her] taken as extra direct object besides [2|smoke of sacrifice~my and oil~my]";1;0;0;0;0;0;0;0;0;1;0;"[1|W ] [2|QVRTJ W CMNJ ] [3|FMT ] [4|<LJH ]"
Ezechiel;24;7;22;1;"FJM";wrn;"<i.>";"be determined to do [2|to ascend heat]";?;"";0;1;0;0;0;1;0;0;0;1;0;"[1|<L YXJX SL< ] [2|FMTHW ]"
Ezechiel;24;17;64;1;"FJM";;"<dp>";"put; place [2|sandal~your:m] [4|in foot~your:m]";!;"";1;0;0;0;0;0;0;0;1;0;0;"[1|W ] [2|N<LJK ] [3|TFJM ] [4|B RGLJK ]"
Ezechiel;25;2;2;2;"FJM";wrn;"<di>";"prepare; put in place; institute [2|face~your:m] for [3|to son Ammon]";?;"[3|to son Ammon] taken as benefactive adjunct";1;0;0;0;0;0;0;1;0;0;0;"[1|FJM ] [2|PNJK ] [3|>L BNJ <MWN ]"
Ezechiel;26;12;42;1;"FJM";;"<dp>";"put; place [2|stone~your:f and tree~your:f and dust~your:f] [3|in midst water]";!;"";1;0;0;0;0;0;0;0;1;0;0;"[1|W ] [2|>BNJK W <YJK W <PRK ] [3|B TWK MJM ] [4|JFJMW ]"
Ezechiel;28;21;63;2;"FJM";;"<dp>";"put; place [2|face~your:m] [3|to Sidon]";!;"";1;0;0;0;0;0;0;0;1;0;0;"[1|FJM ] [2|PNJK ] [3|>L YJDWN ]"
Ezechiel;29;2;3;2;"FJM";;"<dp>";"put; place [2|face~your:m] [3|upon pharaoh king Egypt]";!;"";1;0;0;0;0;0;0;0;1;0;0;"[1|FJM ] [2|PNJK ] [3|<L PR<H MLK MYRJM ]"
Ezechiel;30;21;63;3;"FJM";wrn;"<-c>";"prepare; put in place; institute ";?;"[2|bandage] taken as extra direct object besides ";0;0;0;0;0;0;0;0;0;1;0;"[1|L FWM ] [2|XTWL ]"
Ezechiel;35;2;2;2;"FJM";;"<dp>";"put; place [2|face~your:m] [3|upon mountain Seir]";!;"";1;0;0;0;0;0;0;0;1;0;0;"[1|FJM ] [2|PNJK ] [3|<L HR F<JR ]"
Ezechiel;35;4;9;1;"FJM";;"<n.>";"make [1|town~your:m] to be [2|ruin]";!;"";0;1;1;0;0;0;0;0;0;0;0;"[1|<RJK ] [2|XRBH ] [3|>FJM ]"
Ezechiel;38;2;2;2;"FJM";wrn;"<-i>";"prepare; put in place; for [3|to Gog chief head Meshech and Tubal]";?;"[3|to Gog chief head Meshech and Tubal] taken as benefactive adjunct";0;0;0;0;0;0;0;1;1;0;0;"[1|FJM ] [2|PNJK ] [3|>L GWG NFJ> R>C MCK W TBL ] [4|>RY H MGWG ]"
Ezechiel;39;21;66;3;"FJM";;"<-p>";"place [3|in~them:mm]";!;"";0;0;0;0;0;0;0;0;1;0;0;"[1|>CR ] [2|FMTJ ] [3|BHM ]"
Ezechiel;40;4;12;4;"FJM";;"<l.>";"make [3|heart~your:m] to become [4|whole]";!;"";0;1;0;0;1;0;0;0;0;0;0;"[1|W ] [2|FJM ] [3|LBK ] [4|L KL ]"
Ezechiel;44;5;18;2;"FJM";;"<d->";"prepare; put in place; institute [2|heart~your:m]";!;"";1;0;0;0;0;0;0;0;0;0;0;"[1|FJM ] [2|LBK ]"
Ezechiel;44;5;21;1;"FJM";;"<l.>";"make [3|heart~your:m] to become [4|entrance the house in whole issue the sanctuary]";!;"";0;1;0;0;1;0;0;0;0;0;0;"[1|W ] [2|FMT ] [3|LBK ] [4|L MBW> H BJT B KL MWY>J H MQDC ]"
Hosea;2;2;7;1;"FJM";wrn;"<di>";"prepare; put in place; institute [4|head one] for [3|to~them:mm]";?;"[3|to~them:mm] taken as benefactive adjunct";1;0;0;0;0;0;0;1;0;0;0;"[1|W ] [2|FMW ] [3|LHM ] [4|R>C >XD ]"
Hosea;2;5;20;1;"FJM";wrn;"<dc>";"make [2|~her] (to be) [1|and]";?;"[1|and] taken as extra direct object besides [2|~her]";1;0;0;0;0;0;0;0;0;1;0;"[1|W ] [2|FMTJH ] [3|K  MDBR ]"
Hosea;2;14;51;1;"FJM";;"<l.>";"make [2|~them:mm] to become [3|wood]";!;"";0;1;0;0;1;0;0;0;0;0;0;"[1|W ] [2|FMTJM ] [3|L J<R ]"
Hosea;11;8;25;2;"FJM";;"<k.>";"make [1|~you:m] to be as [2|as Zeboiim]";!;"";0;1;0;1;0;0;0;0;0;0;0;"[1|>FJMK ] [2|K YB>JM ]"
Joel;1;7;16;1;"FJM";;"<l.>";"make [2|vine~my] to become [3|destruction]";!;"";0;1;0;0;1;0;0;0;0;0;0;"[1|FM ] [2|GPNJ ] [3|L CMH ]"
Amos;7;8;32;1;"FJM";;"<dp>";"put; place [3|plummet] [4|in interior people~my Israel]";!;"";1;0;0;0;0;0;0;0;1;0;0;"[1|HNNJ ] [2|FM ] [3|>NK ] [4|B QRB <MJ JFR>L ]"
Amos;8;10;33;1;"FJM";;"<k.>";"make [2|~her] to be as [3|as mourning rites only one]";!;"";0;1;0;1;0;0;0;0;0;0;0;"[1|W ] [2|FMTJH ] [3|K >BL JXJD ]"
Amos;9;4;21;1;"FJM";wrn;"<-c>";"prepare; put in place; institute ";?;"[4|upon~them:mm] taken as extra direct object besides ";0;0;0;0;1;0;0;0;0;1;0;"[1|W ] [2|FMTJ ] [3|<JNJ ] [4|<LJHM ] [5|L R<H ]"
Obadia;1;4;13;1;"FJM";wrn;"<dc>";"make [3|between star] (to be) [1|and]";?;"[1|and] taken as extra direct object besides [3|between star]";1;0;0;0;0;0;0;0;0;1;0;"[1|W ] [2|>M ] [3|BJN KWKBJM ] [4|FJM ] [5|QNK ]"
Obadia;1;7;26;1;"FJM";;"<dp>";"put; place [3|<uncertain>] [4|under part~your:m]";!;"";1;0;0;0;0;0;0;0;1;0;0;"[1|LXMK ] [2|JFJMW ] [3|MZWR ] [4|TXTJK ]"
Micha;1;6;13;1;"FJM";;"<l.>";"make [3|Samaria] to become [4|heap the open field to planting vineyard]";!;"";0;1;0;0;1;0;0;0;0;0;0;"[1|W ] [2|FMTJ ] [3|CMRWN ] [4|L <J H FDH L MV<J KRM ]"
Micha;1;7;18;1;"FJM";wrn;"<dc>";"make [2|whole image~her] (to be) [4|desolation]";?;"[4|desolation] taken as extra direct object besides [2|whole image~her]";1;0;0;0;0;0;0;0;0;1;0;"[1|W ] [2|KL <YBJH ] [3|>FJM ] [4|CMMH ]"
Micha;2;12;42;1;"FJM";wrn;"<dc>";"make [2|~him] (to be) [1|gathering]";?;"[1|gathering] taken as extra direct object besides [2|~him]";1;0;0;0;0;0;0;0;0;1;0;"[1|JXD ] [2|>FJMNW ] [3|K Y>N BYRH ]"
Micha;4;7;24;1;"FJM";;"<l.>";"make [3|& the limp] to become [4|rest]";!;"";0;1;0;0;1;0;0;0;0;0;0;"[1|W ] [2|FMTJ ] [3|>T H YL<H ] [4|L C>RJT ]"
Micha;4;13;46;1;"FJM";;"<n.>";"make [2|horn~your:f] to be [4|iron]";!;"";0;1;1;0;0;0;0;0;0;0;0;"[1|KJ ] [2|QRNK ] [3|>FJM ] [4|BRZL ]"
Micha;4;13;47;1;"FJM";;"<n.>";"make [2|hoof~your:f] to be [4|bronze]";!;"";0;1;1;0;0;0;0;0;0;0;0;"[1|W ] [2|PRSTJK ] [3|>FJM ] [4|NXWCH ]"
Micha;4;14;51;1;"FJM";wrn;"<dc>";"make [1|siege] (to be) [3|upon~us]";?;"[3|upon~us] taken as extra direct object besides [1|siege]";1;0;0;0;0;0;0;0;0;1;0;"[1|MYWR ] [2|FM ] [3|<LJNW ]"
Micha;7;16;48;1;"FJM";wrn;"<dc>";"make [2|hand] (to be) [3|upon mouth]";?;"[3|upon mouth] taken as extra direct object besides [2|hand]";1;0;0;0;0;0;0;0;0;1;0;"[1|JFJMW ] [2|JD ] [3|<L PH ]"
Nahum;1;14;44;1;"FJM";;"<d->";"prepare; put in place; institute [2|grave~your:m]";!;"";1;0;0;0;0;0;0;0;0;0;0;"[1|>FJM ] [2|QBRK ]"
Nahum;3;6;19;1;"FJM";;"<k.>";"make [2|~you:f] to be as [3|as looking]";!;"";0;1;0;1;0;0;0;0;0;0;0;"[1|W ] [2|FMTJK ] [3|K R>J ]"
Habakuk;1;12;43;2;"FJM";;"<l.>";"make [2|~him] to become [1|justice]";!;"";0;1;0;0;1;0;0;0;0;0;0;"[1|L MCPV ] [2|FMTW ]"
Habakuk;2;9;34;3;"FJM";wrn;"<i.>";"be determined to do [4|to deliver from palm evil]";?;"";0;1;0;0;0;1;0;0;1;0;0;"[1|L FWM ] [2|B  MRWM ] [3|QNW ]"
Habakuk;3;19;61;1;"FJM";;"<k.>";"make [3|foot~my] to be as [4|as the doe]";!;"";0;1;0;1;0;0;0;0;0;0;0;"[1|W ] [2|JFM ] [3|RGLJ ] [4|K  >JLWT ]"
Zephania;2;13;41;1;"FJM";;"<l.>";"make [3|& Nineveh] to become [4|desolation]";!;"";0;1;0;0;1;0;0;0;0;0;0;"[1|W ] [2|JFM ] [3|>T NJNWH ] [4|L CMMH ]"
Zephania;3;19;69;1;"FJM";err;"<c.>";"set [2|~them:mm] to [2|in whole the earth shame~their:mm]";-;"";0;1;0;0;1;0;1;0;0;0;0;"[1|W ] [2|FMTJM ] [3|L THLH W L CM ]"
Haggai;1;5;10;1;"FJM";;"<dp>";"put; place [2|heart~your:mm] [3|upon way~your:mm]";!;"";1;0;0;0;0;0;0;0;1;0;0;"[1|FJMW ] [2|LBBKM ] [3|<L DRKJKM ]"
Haggai;1;7;21;1;"FJM";;"<dp>";"put; place [2|heart~your:mm] [3|upon way~your:mm]";!;"";1;0;0;0;0;0;0;0;1;0;0;"[1|FJMW ] [2|LBBKM ] [3|<L DRKJKM ]"
Haggai;2;15;51;1;"FJM";;"<d->";"prepare; put in place; institute [5|heart~your:mm]";!;"";1;0;0;0;0;0;0;0;0;0;0;"[1|W ] [2|<TH ] [3|FJMW ] [4|N> ] [5|LBBKM ] [6|MN H JWM H ZH W M<LH ]"
Haggai;2;15;51;2;"FJM";;"<-p>";"place [4|in palace YHWH]";!;"";0;0;0;0;0;0;0;0;1;2;0;"[1|M VRM FWM ] [2|>BN ] [3|>L >BN ] [4|B HJKL JHWH ]"
Haggai;2;18;59;1;"FJM";;"<d->";"prepare; put in place; institute [3|heart~your:mm]";!;"";1;0;0;0;0;0;0;0;0;0;0;"[1|FJMW ] [2|N> ] [3|LBBKM ] [4|MN H JWM H ZH W M<LH M JWM <FRJM W >RB<H L  TCJ<J L MN H JWM ]"
Haggai;2;18;60;1;"FJM";;"<d->";"prepare; put in place; institute [2|heart~your:mm]";!;"";1;0;0;0;0;0;0;0;0;0;0;"[1|FJMW ] [2|LBBKM ]"
Haggai;2;23;74;1;"FJM";;"<k.>";"make [2|~you:m] to be as [3|as the seal]";!;"";0;1;0;1;0;0;0;0;0;0;0;"[1|W ] [2|FMTJK ] [3|K  XWTM ]"
Sacharia;3;5;16;1;"FJM";wrn;"<dc>";"make [2|turban pure] (to be) [3|upon head~his]";?;"[3|upon head~his] taken as extra direct object besides [2|turban pure]";1;0;0;0;0;0;0;0;0;1;0;"[1|JFJMW ] [2|YNJP VHWR ] [3|<L R>CW ]"
Sacharia;3;5;17;1;"FJM";wrn;"<dc>";"make [3|the turban the pure] (to be) [4|upon head~his]";?;"[4|upon head~his] taken as extra direct object besides [3|the turban the pure]";1;0;0;0;0;0;0;0;0;1;0;"[1|W ] [2|JFJMW ] [3|H YNJP H VHWR ] [4|<L R>CW ]"
Sacharia;6;11;36;1;"FJM";;"<-p>";"place [3|in head Joshua son Jehozadak the priest the great]";!;"";0;0;0;0;0;0;0;0;1;0;0;"[1|W ] [2|FMT ] [3|B R>C JHWC< BN JHWYDQ H KHN H GDWL ]"
Sacharia;7;12;21;1;"FJM";;"<n.>";"make [2|heart~their:mm] to be [4|diamond]";!;"";0;1;1;0;0;0;0;0;0;0;0;"[1|W ] [2|LBM ] [3|FMW ] [4|CMJR ]"
Sacharia;7;14;28;1;"FJM";;"<l.>";"make [3|earth what is desirable] to become [4|destruction]";!;"";0;1;0;0;1;0;0;0;0;0;0;"[1|W ] [2|JFJMW ] [3|>RY XMDH ] [4|L CMH ]"
Sacharia;9;13;41;1;"FJM";wrn;"<dc>";"make [2|~you:f] (to be) [1|and]";?;"[1|and] taken as extra direct object besides [2|~you:f]";1;0;0;0;0;0;0;0;0;1;0;"[1|W ] [2|FMTJK ] [3|K XRB GBWR ]"
Sacharia;12;2;4;1;"FJM";;"<l.>";"make [5|basin reeling] to become [6|whole the people surrounding]";!;"";0;1;0;0;1;0;0;0;0;0;0;"[1|HNH ] [2|>NKJ ] [3|FM ] [4|>T JRWCLM ] [5|SP R<L ] [6|L KL H <MJM SBJB ]"
Sacharia;12;3;7;1;"FJM";;"<n.>";"make [3|& Jerusalem] to be [4|stone heavy stone]";!;"";0;1;1;0;1;0;0;0;0;0;0;"[1|B  JWM H HW> ] [2|>FJM ] [3|>T JRWCLM ] [4|>BN M<MSH ] [5|L KL H <MJM ]"
Maleachi;1;3;11;1;"FJM";;"<n.>";"make [3|& mountain~his] to be [4|desolation]";!;"";0;1;1;0;0;0;0;0;0;0;0;"[1|W ] [2|>FJM ] [3|>T HRJW ] [4|CMMH ]"
Maleachi;2;2;3;1;"FJM";wrn;"<-c>";"prepare; put in place; institute ";?;"[5|upon heart] taken as extra direct object besides ";0;0;0;0;0;0;0;0;0;1;0;"[1|W ] [2|>M ] [3|L> ] [4|TFJMW ] [5|<L LB ]"
Maleachi;2;2;8;1;"FJM";wrn;"<-c>";"prepare; put in place; institute ";?;"[4|upon heart] taken as extra direct object besides ";0;0;0;0;0;0;0;0;0;1;0;"[1|KJ ] [2|>JNKM ] [3|FMJM ] [4|<L LB ]"
Psalmi;18;44;87;1;"FJM";;"<dp>";"put; place [1|~me] [2|to head people]";!;"";1;0;0;0;0;0;0;0;1;0;0;"[1|TFJMNJ ] [2|L R>C GWJM ]"
Psalmi;19;5;11;1;"FJM";;"<l.>";"make [3|tent] to become [1|the sun]";!;"";0;1;0;0;1;0;0;0;1;0;0;"[1|L  CMC ] [2|FM ] [3|>HL ] [4|BHM ]"
Psalmi;39;9;27;1;"FJM";;"<n.>";"make [3|~me] to be [1|reproach stupid]";!;"";0;1;1;0;0;0;0;0;0;0;0;"[1|XRPT NBL ] [2|>L ] [3|TFJMNJ ]"
Psalmi;40;5;14;2;"FJM";;"<n.>";"make [3|YHWH] to be [4|trust~his]";!;"";0;1;1;0;0;0;0;0;0;0;0;"[1|>CR ] [2|FM ] [3|JHWH ] [4|MBVXW ]"
Psalmi;46;9;23;2;"FJM";;"<dp>";"put; place [3|destruction] [4|in the earth]";!;"";1;0;0;0;0;0;0;0;1;0;0;"[1|>CR ] [2|FM ] [3|CMWT ] [4|B  >RY ]"
Psalmi;50;23;53;1;"FJM";;"<d->";"prepare; put in place; institute [3|way]";!;"";1;0;0;0;0;0;0;0;0;0;0;"[1|W ] [2|FM ] [3|DRK ]"
Psalmi;52;9;19;2;"FJM";;"<n.>";"make [3|god(s)] to be [4|fort~his]";!;"";0;1;1;0;0;0;0;0;0;0;0;"[1|L> ] [2|JFJM ] [3|>LHJM ] [4|M<WZW ]"
Psalmi;54;5;9;3;"FJM";;"<l.>";"make [3|god(s)] to become [4|counterpart~their:mm]";!;"";0;1;0;0;1;0;0;0;0;0;0;"[1|L> ] [2|FMW ] [3|>LHJM ] [4|L NGDM ]"
Psalmi;56;9;22;1;"FJM";;"<dp>";"put; place [2|tear~my] [3|in skin-bottle~your:m]";!;"";1;0;0;0;0;0;0;0;1;0;0;"[1|FJMH ] [2|DM<TJ ] [3|B N>DK ]"
Psalmi;66;2;5;1;"FJM";;"<n.>";"make [2|weight] to be [3|praise~his]";!;"";0;1;1;0;0;0;0;0;0;0;0;"[1|FJMW ] [2|KBWD ] [3|THLTW ]"
Psalmi;66;9;23;3;"FJM";;"<dp>";"put; place [3|soul~our] [4|in the life]";!;"";1;0;0;0;0;0;0;0;1;0;0;"[1|H ] [2|FM ] [3|NPCNW ] [4|B  XJJM ]"
Psalmi;66;11;25;6;"FJM";;"<dp>";"put; place [2|<uncertain>] [3|in hips~our]";!;"";1;0;0;0;0;0;0;0;1;0;0;"[1|FMT ] [2|MW<QH ] [3|B MTNJNW ]"
Psalmi;74;4;8;1;"FJM";;"<n.>";"make [2|sign~their:mm] to be [3|sign]";!;"";0;1;1;0;0;0;0;0;0;0;0;"[1|FMW ] [2|>WTTM ] [3|>TWT ]"
Psalmi;78;5;9;1;"FJM";wrn;"<-c>";"prepare; put in place; institute ";?;"[2|instruction] taken as extra direct object besides ";0;0;0;0;0;0;0;0;0;1;0;"[1|W ] [2|TWRH ] [3|FM ] [4|B JFR>L ]"
Psalmi;78;7;10;5;"FJM";;"<dp>";"put; place [4|imperturbability~their:mm] [3|in god(s)]";!;"";1;0;0;0;0;0;0;0;1;0;0;"[1|W ] [2|JFJMW ] [3|B >LHJM ] [4|KSLM ]"
Psalmi;78;43;68;4;"FJM";;"<dp>";"put; place [4|sign~his] [3|in Egypt]";!;"";1;0;0;0;0;0;0;0;1;1;0;"[1|>CR ] [2|FM ] [3|B MYRJM ] [4|>TWTJW ]"
Psalmi;79;1;4;1;"FJM";;"<l.>";"make [2|& Jerusalem] to become [3|heap]";!;"";0;1;0;0;1;0;0;0;0;0;0;"[1|FMW ] [2|>T JRWCLM ] [3|L <JJM ]"
Psalmi;81;6;9;3;"FJM";;"<n.>";"make [2|~him] to be [1|reminder in Joseph]";!;"";0;1;1;0;0;0;0;0;0;0;0;"[1|<DWT B JHWSP ] [2|FMW ]"
Psalmi;85;14;28;1;"FJM";;"<-->";"prepare; put in place; institute";!;"";0;0;0;0;1;0;0;0;0;0;0;"[1|W ] [2|JFM ] [3|L DRK P<MJW ]"
Psalmi;86;14;32;1;"FJM";;"<l.>";"make [3|~you:m] to become [4|counterpart~their:mm]";!;"";0;1;0;0;1;0;0;0;0;0;0;"[1|W ] [2|L> ] [3|FMWK ] [4|L NGDM ]"
Psalmi;89;26;50;1;"FJM";;"<dp>";"put; place [4|hand~his] [3|in the sea]";!;"";1;0;0;0;0;0;0;0;1;0;0;"[1|W ] [2|FMTJ ] [3|B  JM ] [4|JDW ]"
Psalmi;89;30;57;1;"FJM";;"<l.>";"make [4|seed~his] to become [3|future]";!;"";0;1;0;0;1;0;0;0;0;0;0;"[1|W ] [2|FMTJ ] [3|L <D ] [4|ZR<W ]"
Psalmi;89;41;74;1;"FJM";;"<n.>";"make [2|fortification~his] to be [3|terror]";!;"";0;1;1;0;0;0;0;0;0;0;0;"[1|FMT ] [2|MBYRJW ] [3|MXTH ]"
Psalmi;91;9;12;1;"FJM";;"<n.>";"make [1|upper] to be [3|dwelling~your:m]";!;"";0;1;1;0;0;0;0;0;0;0;0;"[1|<LJWN ] [2|FMT ] [3|M<WNK ]"
Psalmi;104;3;5;3;"FJM";;"<n.>";"make [3|cloud] to be [4|chariot~his]";!;"";0;1;1;0;0;0;0;0;0;0;0;"[1|H ] [2|FM ] [3|<BJM ] [4|RKWBW ]"
Psalmi;104;9;15;1;"FJM";;"<d->";"prepare; put in place; institute [1|boundary]";!;"";1;0;0;0;0;0;0;0;0;0;0;"[1|GBWL ] [2|FMT ]"
Psalmi;105;27;39;1;"FJM";;"<dp>";"put; place [3|word sign~his] [2|in~them:mm]";!;"";1;0;0;0;0;0;0;0;1;0;0;"[1|FMW ] [2|BM ] [3|DBRJ >TWTJW ]"
Psalmi;107;33;55;1;"FJM";;"<l.>";"make [2|stream] to become [3|desert]";!;"";0;1;0;0;1;0;0;0;0;0;0;"[1|JFM ] [2|NHRWT ] [3|L MDBR ]"
Psalmi;107;35;56;1;"FJM";;"<l.>";"make [2|desert] to become [3|reedy pool water]";!;"";0;1;0;0;1;0;0;0;0;0;0;"[1|JFM ] [2|MDBR ] [3|L >GM MJM ]"
Psalmi;107;41;70;1;"FJM";wrn;"<dc>";"make [4|clan] (to be) [1|and]";?;"[1|and] taken as extra direct object besides [4|clan]";1;0;0;0;0;0;0;0;0;1;0;"[1|W ] [2|JFM ] [3|K  Y>N ] [4|MCPXWT ]"
Psalmi;109;5;8;1;"FJM";wrn;"<dc>";"make [4|evil] (to be) [3|upon~me]";?;"[3|upon~me] taken as extra direct object besides [4|evil]";1;0;0;0;0;0;0;0;0;1;0;"[1|W ] [2|JFJMW ] [3|<LJ ] [4|R<H ] [5|TXT VWBH ]"
Psalmi;147;14;19;3;"FJM";;"<n.>";"make [3|boundary~your:f] to be [4|peace]";!;"";0;1;1;0;0;0;0;0;0;0;0;"[1|H ] [2|FM ] [3|GBWLK ] [4|CLWM ]"
Iob;1;8;32;1;"FJM";wrn;"<dc>";"make [3|heart~your:m] (to be) [4|upon servant~my Job]";?;"[4|upon servant~my Job] taken as extra direct object besides [3|heart~your:m]";1;0;0;0;0;0;0;0;0;1;0;"[1|H ] [2|FMT ] [3|LBK ] [4|<L <BDJ >JWB ]"
Iob;1;17;68;1;"FJM";;"<d->";"prepare; put in place; institute [3|three head]";!;"";1;0;0;0;0;0;0;0;0;0;0;"[1|KFDJM ] [2|FMW ] [3|CLCH R>CJM ]"
Iob;2;3;10;1;"FJM";wrn;"<dc>";"make [3|heart~your:m] (to be) [4|to servant~my Job]";?;"[4|to servant~my Job] taken as extra direct object besides [3|heart~your:m]";1;0;0;0;0;0;0;0;0;1;0;"[1|H ] [2|FMT ] [3|LBK ] [4|>L <BDJ >JWB ]"
Iob;4;18;41;1;"FJM";;"<dp>";"put; place [4|error] [2|in messenger~his]";!;"";1;0;0;0;0;0;0;0;1;0;0;"[1|W ] [2|B ML>KJW ] [3|JFJM ] [4|THLH ]"
Iob;5;8;19;1;"FJM";wrn;"<dc>";"make [4|cause~my] (to be) [2|to god(s)]";?;"[2|to god(s)] taken as extra direct object besides [4|cause~my]";1;0;0;0;0;0;0;0;0;1;0;"[1|W ] [2|>L >LHJM ] [3|>FJM ] [4|DBRTJ ]"
Iob;5;11;19;7;"FJM";;"<l.>";"make [2|low] to become [3|high place]";!;"";0;1;0;0;1;0;0;0;0;0;0;"[1|L FWM ] [2|CPLJM ] [3|L MRWM ]"
Iob;7;12;28;1;"FJM";wrn;"<dc>";"make [4|guard] (to be) [3|upon~me]";?;"[3|upon~me] taken as extra direct object besides [4|guard]";1;0;0;0;0;0;0;0;0;1;0;"[1|KJ ] [2|TFJM ] [3|<LJ ] [4|MCMR ]"
Iob;7;20;43;1;"FJM";;"<l.>";"make [2|~me] to become [3|target]";!;"";0;1;0;0;1;0;0;0;0;0;0;"[1|LMH ] [2|FMTNJ ] [3|L MPG< ] [4|LK ]"
Iob;13;14;34;1;"FJM";;"<dp>";"put; place [2|soul~my] [4|in palm~my]";!;"";1;0;0;0;0;0;0;0;1;0;0;"[1|W ] [2|NPCJ ] [3|>FJM ] [4|B KPJ ]"
Iob;17;3;6;1;"FJM";;"<-->";"prepare; put in place; institute";!;"";0;0;0;0;0;0;0;0;0;0;0;"[1|FJMH ] [2|N> ]"
Iob;17;12;27;1;"FJM";;"<l.>";"make [1|night] to become [2|day]";!;"";0;1;0;0;1;0;0;0;0;0;0;"[1|LJLH ] [2|L JWM ] [3|JFJMW ]"
Iob;18;2;3;1;"FJM";;"<l.>";"make [3|<uncertain>] to become [4|word]";!;"";0;1;0;0;1;0;0;0;0;0;0;"[1|<D >NH ] [2|TFJMWN ] [3|QNYJ ] [4|L MLJN ]"
Iob;19;8;20;1;"FJM";wrn;"<dc>";"make [3|darkness] (to be) [2|upon path~my]";?;"[2|upon path~my] taken as extra direct object besides [3|darkness]";1;0;0;0;0;0;0;0;0;1;0;"[1|W ] [2|<L NTJBWTJ ] [3|XCK ] [4|JFJM ]"
Iob;20;4;6;2;"FJM";;"<dp>";"put; place [2|human, mankind] [3|upon earth]";!;"";1;0;0;0;0;0;0;0;1;0;0;"[1|MNJ FJM ] [2|>DM ] [3|<LJ >RY ]"
Iob;21;5;12;1;"FJM";wrn;"<dc>";"make [3|hand] (to be) [4|upon mouth]";?;"[4|upon mouth] taken as extra direct object besides [3|hand]";1;0;0;0;0;0;0;0;0;1;0;"[1|W ] [2|FJMW ] [3|JD ] [4|<L PH ]"
Iob;22;22;33;1;"FJM";;"<dp>";"put; place [3|word~his] [4|in heart~your:m]";!;"";1;0;0;0;0;0;0;0;1;0;0;"[1|W ] [2|FJM ] [3|>MRJW ] [4|B LBBK ]"
Iob;23;6;14;1;"FJM";;"<-p>";"place [4|in~me]";!;"";0;0;0;0;0;0;0;0;1;0;0;"[1|>K ] [2|HW> ] [3|JFM ] [4|BJ ]"
Iob;24;12;28;1;"FJM";;"<d->";"prepare; put in place; institute [5|unseemliness]";!;"";1;0;0;0;0;0;0;0;0;0;0;"[1|W ] [2|>LWH ] [3|L> ] [4|JFJM ] [5|TPLH ]"
Iob;24;15;37;1;"FJM";;"<n.>";"make [2|hiding place] to be [3|face]";!;"";0;1;1;0;0;0;0;0;0;0;0;"[1|W ] [2|STR ] [3|PNJM ] [4|JFJM ]"
Iob;24;25;65;2;"FJM";;"<l.>";"make [4|word~my] to become [3|nothingness]";!;"";0;1;0;0;1;0;0;0;0;0;0;"[1|W ] [2|JFM ] [3|L >L ] [4|MLTJ ]"
Iob;28;3;6;1;"FJM";;"<l.>";"make [1|end] to become [3|the darkness]";!;"";0;1;0;0;1;0;0;0;0;0;0;"[1|QY ] [2|FM ] [3|L  XCK ]"
Iob;29;9;9;1;"FJM";;"<dp>";"put; place [2|palm] [4|to mouth~their:mm]";!;"";1;0;0;0;0;0;0;0;1;0;0;"[1|W ] [2|KP ] [3|JFJMW ] [4|L PJHM ]"
Iob;31;24;32;1;"FJM";;"<n.>";"make [3|gold] to be [4|imperturbability~my]";!;"";0;1;1;0;0;0;0;0;0;0;0;"[1|>M ] [2|FMTJ ] [3|ZHB ] [4|KSLJ ]"
Iob;33;11;26;1;"FJM";;"<dp>";"put; place [3|foot~my] [2|in the stock]";!;"";1;0;0;0;0;0;0;0;1;0;0;"[1|JFM ] [2|B  SD ] [3|RGLJ ]"
Iob;34;13;23;1;"FJM";;"<d->";"prepare; put in place; institute [4|world whole~her]";!;"";1;0;0;0;0;0;0;0;0;0;0;"[1|W ] [2|MJ ] [3|FM ] [4|TBL KLH ]"
Iob;34;14;24;1;"FJM";wrn;"<di>";"prepare; put in place; institute [4|heart~his] for [3|to~him]";?;"[3|to~him] taken as benefactive adjunct";1;0;0;0;0;0;0;1;0;0;0;"[1|>M ] [2|JFJM ] [3|>LJW ] [4|LBW ]"
Iob;34;23;40;1;"FJM";wrn;"<i.>";"be determined to do [2|to walk to god in the justice]";?;"";0;1;0;0;0;1;0;0;0;1;0;"[1|KJ ] [2|L> ] [3|<L >JC ] [4|JFJM ] [5|<WD ]"
Iob;36;13;28;1;"FJM";;"<d->";"prepare; put in place; institute [4|nose]";!;"";1;0;0;0;0;0;0;0;0;0;0;"[1|W ] [2|XNPJ LB ] [3|JFJMW ] [4|>P ]"
Iob;37;15;30;2;"FJM";wrn;"<-c>";"prepare; put in place; institute ";?;"[3|upon~them:mm] taken as extra direct object besides ";0;0;0;0;0;0;0;0;0;1;0;"[1|B FWM ] [2|>LWH ] [3|<LJHM ]"
Iob;38;5;10;1;"FJM";;"<d->";"prepare; put in place; institute [3|measurement~her]";!;"";1;0;0;0;0;0;0;0;0;0;0;"[1|MJ ] [2|FM ] [3|MMDJH ]"
Iob;38;9;14;7;"FJM";;"<n.>";"make [2|cloud] to be [3|clothing~his]";!;"";0;1;1;0;0;0;0;0;0;0;0;"[1|B FWMJ ] [2|<NN ] [3|LBCW ]"
Iob;38;10;14;10;"FJM";;"<d->";"prepare; put in place; institute [3|bar and door]";!;"";1;0;0;0;0;0;0;0;0;0;0;"[1|W ] [2|>FJM ] [3|BRJX W DLTJM ]"
Iob;38;33;43;2;"FJM";;"<dp>";"put; place [3|writing~his] [4|in the earth]";!;"";1;0;0;0;0;0;0;0;1;0;0;"[1|>M ] [2|TFJM ] [3|MCVRW ] [4|B  >RY ]"
Iob;39;6;9;2;"FJM";;"<n.>";"make [3|desert] to be [4|house~his]";!;"";0;1;1;0;0;0;0;0;0;0;0;"[1|>CR ] [2|FMTJ ] [3|<RBH ] [4|BJTW ]"
Iob;40;4;9;1;"FJM";wrn;"<dc>";"make [1|hand~my] (to be) [3|to mouth~my]";?;"[3|to mouth~my] taken as extra direct object besides [1|hand~my]";1;0;0;0;0;0;0;0;0;1;0;"[1|JDJ ] [2|FMTJ ] [3|LMW PJ ]"
Iob;40;26;53;1;"FJM";;"<dp>";"put; place [3|rush] [4|in nose~his]";!;"";1;0;0;0;0;0;0;0;1;0;0;"[1|H ] [2|TFJM ] [3|>GMWN ] [4|B >PW ]"
Iob;40;32;60;1;"FJM";wrn;"<dc>";"make [3|palm~your:m] (to be) [2|upon~him]";?;"[2|upon~him] taken as extra direct object besides [3|palm~your:m]";1;0;0;0;0;0;0;0;0;1;0;"[1|FJM ] [2|<LJW ] [3|KPK ]"
Iob;41;23;46;1;"FJM";;"<k.>";"make [1|sea] to be as [3|as the ointment pot]";!;"";0;1;0;1;0;0;0;0;0;0;0;"[1|JM ] [2|JFJM ] [3|K  MRQXH ]"
Proverbia;8;29;42;4;"FJM";;"<l.>";"make [3|law/precept~his] to become [2|the sea]";!;"";0;1;0;0;1;0;0;0;0;0;0;"[1|B FWMW ] [2|L  JM ] [3|XQW ]"
Proverbia;23;2;3;1;"FJM";;"<dp>";"put; place [3|knife] [4|in throat~your:m]";!;"";1;0;0;0;0;0;0;0;1;0;0;"[1|W ] [2|FMT ] [3|FKJN ] [4|B L<K ]"
Proverbia;30;26;68;1;"FJM";;"<dp>";"put; place [4|house~their:mm] [3|in the rock]";!;"";1;0;0;0;0;0;0;0;1;0;0;"[1|W ] [2|JFJMW ] [3|B  SL< ] [4|BJTM ]"
Ruth;3;3;8;1;"FJM";wrn;"<dc>";"make [3|mantle~your:f] (to be) [4|upon~you:f]";?;"[4|upon~you:f] taken as extra direct object besides [3|mantle~your:f]";1;0;0;0;0;0;0;0;0;1;0;"[1|W ] [2|FMT ] [3|FMLTK ] [4|<LJK ]"
Canticum;1;6;18;1;"FJM";err;"<c.>";"set [1|~me] to [2|keep & the vineyard]";-;"";0;1;0;0;0;0;1;0;0;0;0;"[1|FMNJ ]"
Canticum;6;12;24;1;"FJM";wrn;"<dc>";"make [2|~me] (to be) [3|chariot people willing]";?;"[3|chariot people willing] taken as extra direct object besides [2|~me]";1;0;0;0;0;0;0;0;0;1;0;"[1|NPCJ ] [2|FMTNJ ] [3|MRKBWT <MJ NDJB ]"
Canticum;8;6;15;1;"FJM";wrn;"<dc>";"make [1|~me] (to be) [3|upon heart~your:m]";?;"[3|upon heart~your:m] taken as extra direct object besides [1|~me]";1;0;0;0;0;0;0;0;0;1;0;"[1|FJMNJ ] [2|K  XWTM ] [3|<L LBK ]"
Threni;3;11;22;1;"FJM";;"<n.>";"make [1|~me] to be [2|be desolate]";!;"";0;1;1;0;0;0;0;0;0;0;0;"[1|FMNJ ] [2|CMM ]"
Threni;3;45;80;1;"FJM";wrn;"<dc>";"make [2|~us] (to be) [1|refuse and retract]";?;"[1|refuse and retract] taken as extra direct object besides [2|~us]";1;0;0;0;0;0;0;0;0;1;0;"[1|SXJ W M>WS ] [2|TFJMNW ] [3|B QRB H <MJM ]"
Esther;2;17;39;1;"FJM";;"<dp>";"put; place [3|headdress kingship] [4|in head~her]";!;"";1;0;0;0;0;0;0;0;1;0;0;"[1|W ] [2|JFM ] [3|KTR MLKWT ] [4|B R>CH ]"
Esther;3;1;3;1;"FJM";wrn;"<dc>";"make [3|& seat~his] (to be) [4|from upon whole the chief]";?;"[4|from upon whole the chief] taken as extra direct object besides [3|& seat~his]";1;0;0;0;0;0;0;0;0;1;0;"[1|W ] [2|JFM ] [3|>T KS>W ] [4|M <L KL H FRJM ]"
Esther;8;2;6;1;"FJM";;"<dp>";"put; place [4|& Mordecai] [5|upon house Haman]";!;"";1;0;0;0;0;0;0;0;1;0;0;"[1|W ] [2|TFM ] [3|>STR ] [4|>T MRDKJ ] [5|<L BJT HMN ]"
Esther;10;1;1;1;"FJM";;"<dp>";"put; place [4|forced labour] [5|upon the earth and coast, island the sea]";!;"";1;0;0;0;0;0;0;0;1;0;0;"[1|W ] [2|JFM ] [3|H MLK >XCRC ] [4|MS ] [5|<L H >RY W >JJ H JM ]"
Daniel;1;7;11;1;"FJM";wrn;"<di>";"prepare; put in place; institute [5|name] for [3|to~them:mm]";?;"[3|to~them:mm] taken as benefactive adjunct";1;0;0;0;0;0;0;1;0;0;0;"[1|W ] [2|JFM ] [3|LHM ] [4|FR H SRJSJM ] [5|CMWT ]"
Daniel;1;7;12;1;"FJM";;"<l.>";"make [4|Belteshazzar] to become [3|Daniel]";!;"";0;1;0;0;1;0;0;0;0;0;0;"[1|W ] [2|JFM ] [3|L DNJ>L ] [4|BLVC>YR ]"
Daniel;1;8;13;1;"FJM";wrn;"<dc>";"make [2|<relative> not pollute in table the king and in wine drinking~his] (to be) [4|upon heart~his]";?;"[4|upon heart~his] taken as extra direct object besides [2|<relative> not pollute in table the king and in wine drinking~his]";0;0;0;0;0;0;1;0;0;1;0;"[1|W ] [2|JFM ] [3|DNJ>L ] [4|<L LBW ]"
Daniel;11;17;63;1;"FJM";wrn;"<i.>";"be determined to do [2|to come in power whole kingship~his]";?;"";0;1;0;0;0;1;0;0;0;0;0;"[1|W ] [2|JFM ] [3|PNJW ]"
Daniel;11;18;69;1;"FJM";;"<l.>";"make [3|face~his] to become [4|coast, island]";!;"";0;1;0;0;1;0;0;0;0;0;0;"[1|W ] [2|JCB ] [3|PNJW ] [4|L >JJM ]"
Esra;8;17;37;1;"FJM";wrn;"<i.>";"be determined to do [2|to speak to Iddo brother~his the temple slave in Casiphia the place]";?;"";0;1;0;0;0;1;0;0;1;0;0;"[1|W ] [2|>FJMH ] [3|B PJHM ] [4|DBRJM ]"
Esra;10;44;60;1;"FJM";;"<d->";"prepare; put in place; institute [3|son]";!;"";1;0;0;0;0;0;0;0;0;0;0;"[1|W ] [2|JFJMW ] [3|BNJM ]"
Nehemia;8;8;19;1;"FJM";;"<d->";"prepare; put in place; institute [3|insight]";!;"";1;0;0;0;0;0;0;0;0;0;0;"[1|W ] [2|FWM ] [3|FKL ]"
Nehemia;9;7;21;5;"FJM";;"<n.>";"make [3|name~his] to be [4|Abraham]";!;"";0;1;1;0;0;0;0;0;0;0;0;"[1|W ] [2|FMT ] [3|CMW ] [4|>BRHM ]"
Chronica_I;11;25;76;1;"FJM";wrn;"<dc>";"make [2|~him] (to be) [4|upon subject~his]";?;"[4|upon subject~his] taken as extra direct object besides [2|~him]";1;0;0;0;0;0;0;0;0;1;0;"[1|W ] [2|JFJMHW ] [3|DWJD ] [4|<L MCM<TW ]"
Chronica_I;17;21;59;4;"FJM";;"<n.>";"make [3|name] to be [4|greatness and fear]";!;"";0;1;1;0;0;1;0;0;0;0;0;"[1|L FWM ] [2|LK ] [3|CM ] [4|GDLWT W NR>WT ]"
Chronica_I;18;6;13;1;"FJM";;"<-p>";"place [4|in Aram Damascus]";!;"";0;0;0;0;0;0;0;0;1;0;0;"[1|W ] [2|JFM ] [3|DWJD ] [4|B >RM DRMFQ ]"
Chronica_I;18;13;26;1;"FJM";;"<dp>";"put; place [4|pillar] [3|in Edom]";!;"";1;0;0;0;0;0;0;0;1;0;0;"[1|W ] [2|JFM ] [3|B >DWM ] [4|NYJBJM ]"
Chronica_I;26;10;30;1;"FJM";;"<dp>";"put; place [2|~him] [4|to head]";!;"";1;0;0;0;0;0;0;0;1;0;0;"[1|W ] [2|JFJMHW ] [3|>BJHW ] [4|L R>C ]"
Chronica_II;1;5;9;1;"FJM";;"<dp>";"put; place [2|altar the bronze] [4|to face dwelling-place YHWH]";!;"";1;0;0;0;0;0;0;0;1;0;0;"[1|W ] [2|MZBX H NXCT ] [3|FM ] [4|L PNJ MCKN JHWH ]"
Chronica_II;6;11;24;1;"FJM";;"<dp>";"put; place [4|& the ark] [3|there]";!;"";1;0;0;0;0;0;0;0;1;0;0;"[1|W ] [2|>FJM ] [3|CM ] [4|>T H >RWN ]"
Chronica_II;6;20;46;8;"FJM";;"<dp>";"put; place [2|name~your:m] [3|there]";!;"";1;0;0;0;0;0;0;0;1;0;0;"[1|L FWM ] [2|CMK ] [3|CM ]"
Chronica_II;12;13;39;3;"FJM";;"<dp>";"put; place [2|& name~his] [3|there]";!;"";1;0;0;0;0;0;0;0;1;0;0;"[1|L FWM ] [2|>T CMW ] [3|CM ]"
Chronica_II;18;26;112;1;"FJM";;"<dp>";"put; place [2|this] [3|house the prison]";!;"";1;0;0;0;0;0;0;0;1;0;0;"[1|FJMW ] [2|ZH ] [3|BJT H KL> ]"
Chronica_II;23;15;52;1;"FJM";;"<d->";"prepare; put in place; institute [4|hand]";!;"";1;0;0;0;0;0;0;0;0;0;0;"[1|W ] [2|JFJMW ] [3|LH ] [4|JDJM ]"
Chronica_II;23;18;60;1;"FJM";;"<n.>";"make [3|Jehoiada] to be [4|commission house YHWH]";!;"";0;1;1;0;0;0;0;0;1;0;0;"[1|W ] [2|JFM ] [3|JHWJD< ] [4|PQDT BJT JHWH ] [5|B JD H KHNJM H LWJM ]"
Chronica_II;33;7;19;1;"FJM";;"<dp>";"put; place [3|& idol the image] [4|in house the god(s)]";!;"";1;0;0;0;0;0;0;0;1;0;0;"[1|W ] [2|JFM ] [3|>T PSL H SML ] [4|B BJT H >LHJM ]"
Chronica_II;33;7;20;1;"FJM";;"<dp>";"put; place [3|& name~my] [1|in the house the this and in Jerusalem]";!;"";1;0;0;0;0;0;0;0;1;0;0;"[1|B  BJT H ZH W B JRWCLM ] [2|>FJM ] [3|>T CMJ ] [4|L <JLWM ]"
Chronica_II;33;14;40;1;"FJM";;"<dp>";"put; place [3|chief power] [4|in whole the town the fortified in Judah]";!;"";1;0;0;0;0;0;0;0;1;0;0;"[1|W ] [2|JFM ] [3|FRJ XJL ] [4|B KL H <RJM H BYRWT B JHWDH ]"
