Genesis;1;5;10;1;"QR>";;"<l.>";"call [5|day] (to be named) [4|the light]";!;"";0;1;0;0;1;0;0;0;0;0;0;"[1|W ] [2|JQR> ] [3|>LHJM ] [4|L  >WR ] [5|JWM ]"
Genesis;1;5;11;1;"QR>";;"<l.>";"call [4|night] (to be named) [2|the darkness]";!;"";0;1;0;0;1;0;0;0;0;0;0;"[1|W ] [2|L  XCK ] [3|QR> ] [4|LJLH ]"
Genesis;1;8;21;1;"QR>";;"<l.>";"call [5|heavens] (to be named) [4|the firmament]";!;"";0;1;0;0;1;0;0;0;0;0;0;"[1|W ] [2|JQR> ] [3|>LHJM ] [4|L  RQJ< ] [5|CMJM ]"
Genesis;1;10;29;1;"QR>";;"<l.>";"call [5|earth] (to be named) [4|the dry land]";!;"";0;1;0;0;1;0;0;0;0;0;0;"[1|W ] [2|JQR> ] [3|>LHJM ] [4|L  JBCH ] [5|>RY ]"
Genesis;1;10;30;1;"QR>";;"<l.>";"call [4|sea] (to be named) [2|collection the water]";!;"";0;1;0;0;1;0;0;0;0;0;0;"[1|W ] [2|L MQWH H MJM ] [3|QR> ] [4|JMJM ]"
Genesis;2;19;42;3;"QR>";;"<di>";"summon [1|what] for [3|to~him]";!;"";1;0;0;0;0;0;0;1;0;0;0;"[1|MH ] [2|JQR> ] [3|LW ]"
Genesis;2;19;43;2;"QR>";;"<di>";"summon [5|soul alive] for [3|to~him]";!;"";1;0;0;0;0;0;0;1;0;0;0;"[1|>CR ] [2|JQR> ] [3|LW ] [4|H >DM ] [5|NPC XJH ]"
Genesis;2;20;44;1;"QR>";;"<l.>";"call [4|name] (to be named) [5|whole the cattle and to birds the heavens and to whole wild animal the open field]";!;"";0;1;0;0;1;0;0;0;0;0;0;"[1|W ] [2|JQR> ] [3|H >DM ] [4|CMWT ] [5|L KL H BHMH W L <WP H CMJM W L KL XJT H FDH ]"
Genesis;3;9;25;1;"QR>";wrn;"<-c>";"call [4|to the human, mankind] (content)";?;"[4|to the human, mankind] taken as direct object";0;0;0;0;0;0;0;0;0;1;0;"[1|W ] [2|JQR> ] [3|JHWH >LHJM ] [4|>L H >DM ]"
Genesis;3;20;68;1;"QR>";;"<n.>";"call [4|name woman~his] (to be named) [5|Eve]";!;"";0;1;1;0;0;0;0;0;0;0;0;"[1|W ] [2|JQR> ] [3|H >DM ] [4|CM >CTW ] [5|XWH ]"
Genesis;4;17;58;1;"QR>";;"<k.>";"call [3|name the town] (to be named) according to [4|as name son~his Enoch]";!;"";0;1;0;1;0;0;0;0;0;0;0;"[1|W ] [2|JQR> ] [3|CM H <JR ] [4|K CM BNW XNWK ]"
Genesis;4;25;79;1;"QR>";;"<n.>";"call [3|& name~his] (to be named) [4|Seth]";!;"";0;1;1;0;0;0;0;0;0;0;0;"[1|W ] [2|TQR> ] [3|>T CMW ] [4|CT ]"
Genesis;4;26;83;1;"QR>";;"<n.>";"call [3|& name~his] (to be named) [4|Enosh]";!;"";0;1;1;0;0;0;0;0;0;0;0;"[1|W ] [2|JQR> ] [3|>T CMW ] [4|>NWC ]"
Genesis;4;26;84;2;"QR>";wrn;"<-p>";"call at [2|in name YHWH]";?;"[2|in name YHWH] taken as locative adjunct.";0;0;0;0;0;0;0;0;1;0;0;"[1|L QR> ] [2|B CM JHWH ]"
Genesis;5;2;5;1;"QR>";;"<n.>";"call [3|& name~their:mm] (to be named) [4|human, mankind]";!;"";0;1;1;0;0;0;0;0;0;0;0;"[1|W ] [2|JQR> ] [3|>T CMM ] [4|>DM ] [5|B JWM ]"
Genesis;5;3;8;1;"QR>";;"<n.>";"call [3|& name~his] (to be named) [4|Seth]";!;"";0;1;1;0;0;0;0;0;0;0;0;"[1|W ] [2|JQR> ] [3|>T CMW ] [4|CT ]"
Genesis;5;29;59;1;"QR>";;"<n.>";"call [3|& name~his] (to be named) [4|Noah]";!;"";0;1;1;0;0;1;0;0;0;0;0;"[1|W ] [2|JQR> ] [3|>T CMW ] [4|NX ]"
Genesis;11;9;28;1;"QR>";;"<n.>";"call [3|name~her] (to be named) [4|Babel]";!;"";0;1;1;0;0;0;0;0;0;0;0;"[1|<L KN ] [2|QR> ] [3|CMH ] [4|BBL ]"
Genesis;12;8;27;1;"QR>";wrn;"<-p>";"call at [3|in name YHWH]";?;"[3|in name YHWH] taken as locative adjunct.";0;0;0;0;0;0;0;0;1;0;0;"[1|W ] [2|JQR> ] [3|B CM JHWH ]"
Genesis;12;18;50;1;"QR>";;"<-->";"shout; call; invoke";!;"";0;0;0;0;1;0;0;0;0;0;0;"[1|W ] [2|JQR> ] [3|PR<H ] [4|L >BRM ]"
Genesis;13;4;5;1;"QR>";wrn;"<-p>";"call at [3|there] [5|in name YHWH]";?;"[3|there] [5|in name YHWH] taken as locative adjunct.";0;0;0;0;0;0;0;0;2;0;0;"[1|W ] [2|JQR> ] [3|CM ] [4|>BRM ] [5|B CM JHWH ]"
Genesis;16;11;40;1;"QR>";;"<n.>";"call [3|name~his] (to be named) [4|Ishmael]";!;"";0;1;1;0;0;0;0;0;0;0;0;"[1|W ] [2|QR>T ] [3|CMW ] [4|JCM<>L ]"
Genesis;16;13;46;1;"QR>";;"<d->";"call; summon [3|name YHWH] (content or addressee)";!;"";1;0;0;0;0;0;0;0;0;0;0;"[1|W ] [2|TQR> ] [3|CM JHWH ]"
Genesis;16;14;50;1;"QR>";;"<l.>";"call [4|well Beer Lahai Roi] (to be named) [3|the well]";!;"";0;1;0;0;1;0;0;0;0;0;0;"[1|<L KN ] [2|QR> ] [3|L  B>R ] [4|B>R LXJ_R>J ]"
Genesis;16;15;53;1;"QR>";;"<n.>";"call [4|name son~his] (to be named) [5|Ishmael]";!;"";0;1;1;0;0;0;0;0;0;0;0;"[1|W ] [2|JQR> ] [3|>BRM ] [4|CM BNW ] [5|JCM<>L ]"
Genesis;17;15;33;2;"QR>";;"<n.>";"call [3|& name~her] (to be named) [4|Sarai]";!;"";0;1;1;0;0;0;0;0;0;0;0;"[1|L> ] [2|TQR> ] [3|>T CMH ] [4|FRJ ]"
Genesis;17;19;48;1;"QR>";;"<n.>";"call [3|& name~his] (to be named) [4|Isaac]";!;"";0;1;1;0;0;0;0;0;0;0;0;"[1|W ] [2|QR>T ] [3|>T CMW ] [4|JYXQ ]"
Genesis;19;5;24;1;"QR>";;"<-i>";"call; summon [3|to Lot]";!;"";0;0;0;0;0;0;0;1;0;0;0;"[1|W ] [2|JQR>W ] [3|>L LWV ]"
Genesis;19;22;97;1;"QR>";;"<n.>";"call [3|name the town] (to be named) [4|Zoar]";!;"";0;1;1;0;0;0;0;0;0;0;0;"[1|<L KN ] [2|QR> ] [3|CM H <JR ] [4|YW<R ]"
Genesis;19;37;140;1;"QR>";;"<n.>";"call [3|name~his] (to be named) [4|Moab]";!;"";0;1;1;0;0;0;0;0;0;0;0;"[1|W ] [2|TQR> ] [3|CMW ] [4|MW>B ]"
Genesis;19;38;143;1;"QR>";;"<n.>";"call [3|name~his] (to be named) [4|Ben-Ammi]";!;"";0;1;1;0;0;0;0;0;0;0;0;"[1|W ] [2|TQR> ] [3|CMW ] [4|BN_<MJ ]"
Genesis;20;8;32;1;"QR>";;"<-->";"shout; call; invoke";!;"";0;0;0;0;1;0;0;0;0;0;0;"[1|W ] [2|JQR> ] [3|L KL <BDJW ]"
Genesis;20;9;35;1;"QR>";;"<-->";"shout; call; invoke";!;"";0;0;0;0;1;0;0;0;0;0;0;"[1|W ] [2|JQR> ] [3|>BJMLK ] [4|L >BRHM ]"
Genesis;21;3;5;1;"QR>";;"<n.>";"call [4|& name son~his] (to be named) [5|Isaac]";!;"";0;1;1;0;0;0;0;0;0;0;0;"[1|W ] [2|JQR> ] [3|>BRHM ] [4|>T CM BNW ] [5|JYXQ ]"
Genesis;21;17;44;1;"QR>";;"<-i>";"call; summon [4|to Hagar]";!;"";0;0;0;0;0;0;0;1;1;0;0;"[1|W ] [2|JQR> ] [3|ML>K >LHJM ] [4|>L HGR ] [5|MN H CMJM ]"
Genesis;21;31;88;1;"QR>";;"<l.>";"call [4|well Sheba] (to be named) [3|the place the he]";!;"";0;1;0;0;1;0;0;0;0;0;0;"[1|<L KN ] [2|QR> ] [3|L  MQWM H HW> ] [4|B>R CB< ]"
Genesis;21;33;94;1;"QR>";wrn;"<-p>";"call at [3|there] [4|in name YHWH god eternity]";?;"[3|there] [4|in name YHWH god eternity] taken as locative adjunct.";0;0;0;0;0;0;0;0;2;0;0;"[1|W ] [2|JQR> ] [3|CM ] [4|B CM JHWH >L <WLM ]"
Genesis;22;11;46;1;"QR>";;"<-i>";"call; summon [3|to~him]";!;"";0;0;0;0;0;0;0;1;1;0;0;"[1|W ] [2|JQR> ] [3|>LJW ] [4|ML>K JHWH ] [5|MN H CMJM ]"
Genesis;22;14;62;1;"QR>";;"<d->";"call; summon [4|name the place the he] (content or addressee)";!;"";1;0;0;0;0;0;0;0;0;0;0;"[1|W ] [2|JQR> ] [3|>BRHM ] [4|CM H MQWM H HW> ]"
Genesis;22;15;65;1;"QR>";;"<-i>";"call; summon [4|to Abraham]";!;"";0;0;0;0;0;0;0;1;1;0;0;"[1|W ] [2|JQR> ] [3|ML>K JHWH ] [4|>L >BRHM ] [5|CNJT ] [6|MN H CMJM ]"
Genesis;24;57;189;1;"QR>";;"<-->";"shout; call; invoke";!;"";0;0;0;0;1;0;0;0;0;0;0;"[1|NQR> ] [2|L  N<R ]"
Genesis;24;58;191;1;"QR>";;"<-->";"shout; call; invoke";!;"";0;0;0;0;1;0;0;0;0;0;0;"[1|W ] [2|JQR>W ] [3|L RBQH ]"
Genesis;25;25;52;1;"QR>";;"<n.>";"call [3|name~his] (to be named) [4|Esau]";!;"";0;1;1;0;0;0;0;0;0;0;0;"[1|W ] [2|JQR>W ] [3|CMW ] [4|<FW ]"
Genesis;25;26;55;1;"QR>";;"<n.>";"call [3|name~his] (to be named) [4|Jacob]";!;"";0;1;1;0;0;0;0;0;0;0;0;"[1|W ] [2|JQR> ] [3|CMW ] [4|J<QB ]"
Genesis;25;30;69;1;"QR>";;"<n.>";"call [3|name~his] (to be named) [4|Edom]";!;"";0;1;1;0;0;0;0;0;0;0;0;"[1|<L KN ] [2|QR> ] [3|CMW ] [4|>DWM ]"
Genesis;26;9;30;1;"QR>";;"<-->";"shout; call; invoke";!;"";0;0;0;0;1;0;0;0;0;0;0;"[1|W ] [2|JQR> ] [3|>BJMLK ] [4|L JYXQ ]"
Genesis;26;18;61;1;"QR>";;"<di>";"summon [4|name as the name] for [3|to~them:ff]";!;"";1;0;0;0;0;0;0;1;0;0;0;"[1|W ] [2|JQR> ] [3|LHN ] [4|CMWT K  CMT ]"
Genesis;26;18;61;2;"QR>";;"<-i>";"call; summon [3|to~them:ff]";!;"";0;0;0;0;0;0;0;1;0;0;0;"[1|>CR ] [2|QR> ] [3|LHN ] [4|>BJW ]"
Genesis;26;20;66;1;"QR>";;"<n.>";"call [3|name the well] (to be named) [4|Esek]";!;"";0;1;1;0;0;0;0;0;0;0;0;"[1|W ] [2|JQR> ] [3|CM H B>R ] [4|<FQ ]"
Genesis;26;21;70;1;"QR>";;"<n.>";"call [3|name~her] (to be named) [4|Sitnah]";!;"";0;1;1;0;0;0;0;0;0;0;0;"[1|W ] [2|JQR> ] [3|CMH ] [4|FVNH ]"
Genesis;26;22;74;1;"QR>";;"<n.>";"call [3|name~her] (to be named) [4|Rehoboth]";!;"";0;1;1;0;0;0;0;0;0;0;0;"[1|W ] [2|JQR> ] [3|CMH ] [4|RXBWT ]"
Genesis;26;25;87;1;"QR>";wrn;"<-p>";"call at [3|in name YHWH]";?;"[3|in name YHWH] taken as locative adjunct.";0;0;0;0;0;0;0;0;1;0;0;"[1|W ] [2|JQR> ] [3|B CM JHWH ]"
Genesis;26;33;115;1;"QR>";;"<n.>";"call [3|&~her] (to be named) [4|Shibah]";!;"";0;1;1;0;0;0;0;0;0;0;0;"[1|W ] [2|JQR> ] [3|>TH ] [4|CB<H ]"
Genesis;27;1;4;1;"QR>";;"<d->";"call; summon [3|& Esau son~his the great] (content or addressee)";!;"";1;0;0;0;0;0;0;0;0;0;0;"[1|W ] [2|JQR> ] [3|>T <FW BNW H GDL ]"
Genesis;27;36;143;1;"QR>";;"<n.>";"call [4|name~his] (to be named) [5|Jacob]";!;"";0;1;1;0;0;0;0;0;0;0;0;"[1|H ] [2|KJ ] [3|QR> ] [4|CMW ] [5|J<QB ]"
Genesis;27;42;173;1;"QR>";;"<-->";"shout; call; invoke";!;"";0;0;0;0;1;0;0;0;0;0;0;"[1|W ] [2|TQR> ] [3|L J<QB BNH H QVN ]"
Genesis;28;1;1;1;"QR>";;"<-i>";"call; summon [4|to Jacob]";!;"";0;0;0;0;0;0;0;1;0;0;0;"[1|W ] [2|JQR> ] [3|JYXQ ] [4|>L J<QB ]"
Genesis;28;19;61;1;"QR>";;"<n.>";"call [3|& name the place the he] (to be named) [4|Bethel]";!;"";0;1;1;0;0;0;0;0;0;0;0;"[1|W ] [2|JQR> ] [3|>T CM H MQWM H HW> ] [4|BJT_>L ]"
Genesis;29;32;106;1;"QR>";;"<n.>";"call [3|name~his] (to be named) [4|Reuben]";!;"";0;1;1;0;0;0;0;0;0;0;0;"[1|W ] [2|TQR> ] [3|CMW ] [4|R>WBN ]"
Genesis;29;33;114;1;"QR>";;"<n.>";"call [3|name~his] (to be named) [4|Simeon]";!;"";0;1;1;0;0;0;0;0;0;0;0;"[1|W ] [2|TQR> ] [3|CMW ] [4|CM<WN ]"
Genesis;29;34;120;1;"QR>";;"<n.>";"call [3|name~his] (to be named) [4|Levi]";!;"";0;1;1;0;0;0;0;0;0;0;0;"[1|<L KN ] [2|QR> ] [3|CMW ] [4|LWJ ]"
Genesis;29;35;125;1;"QR>";;"<n.>";"call [3|name~his] (to be named) [4|Judah]";!;"";0;1;1;0;0;0;0;0;0;0;0;"[1|<L KN ] [2|QR>H ] [3|CMW ] [4|JHWDH ]"
Genesis;30;6;22;1;"QR>";;"<n.>";"call [3|name~his] (to be named) [4|Dan]";!;"";0;1;1;0;0;0;0;0;0;0;0;"[1|<L KN ] [2|QR>H ] [3|CMW ] [4|DN ]"
Genesis;30;8;28;1;"QR>";;"<n.>";"call [3|name~his] (to be named) [4|Naphtali]";!;"";0;1;1;0;0;0;0;0;0;0;0;"[1|W ] [2|TQR> ] [3|CMW ] [4|NPTLJ ]"
Genesis;30;11;35;1;"QR>";;"<n.>";"call [3|& name~his] (to be named) [4|Gad]";!;"";0;1;1;0;0;0;0;0;0;0;0;"[1|W ] [2|TQR> ] [3|>T CMW ] [4|GD ]"
Genesis;30;13;40;1;"QR>";;"<n.>";"call [3|& name~his] (to be named) [4|Asher]";!;"";0;1;1;0;0;0;0;0;0;0;0;"[1|W ] [2|TQR> ] [3|>T CMW ] [4|>CR ]"
Genesis;30;18;61;1;"QR>";;"<n.>";"call [3|name~his] (to be named) [4|Issachar]";!;"";0;1;1;0;0;0;0;0;0;0;0;"[1|W ] [2|TQR> ] [3|CMW ] [4|JFFKR ]"
Genesis;30;20;68;1;"QR>";;"<n.>";"call [3|& name~his] (to be named) [4|Zebulun]";!;"";0;1;1;0;0;0;0;0;0;0;0;"[1|W ] [2|TQR> ] [3|>T CMW ] [4|ZBLWN ]"
Genesis;30;21;70;1;"QR>";;"<n.>";"call [3|& name~her] (to be named) [4|Dinah]";!;"";0;1;1;0;0;0;0;0;0;0;0;"[1|W ] [2|TQR> ] [3|>T CMH ] [4|DJNH ]"
Genesis;30;24;78;1;"QR>";;"<n.>";"call [3|& name~his] (to be named) [4|Joseph]";!;"";0;1;1;0;0;1;0;0;0;0;0;"[1|W ] [2|TQR> ] [3|>T CMW ] [4|JWSP ]"
Genesis;31;4;10;1;"QR>";wrn;"<-p>";"call at [4|the open field] [5|to cattle~his]";?;"[4|the open field] [5|to cattle~his] taken as locative adjunct.";0;0;0;0;1;0;0;0;2;0;0;"[1|W ] [2|JQR> ] [3|L RXL W L L>H ] [4|H FDH ] [5|>L Y>NW ]"
Genesis;31;47;159;1;"QR>";;"<di>";"summon [5|heap of stones testimony] for [3|to~him]";!;"";1;0;0;0;0;0;0;1;0;0;0;"[1|W ] [2|JQR> ] [3|LW ] [4|LBN ] [5|JGR FHDWT> ]"
Genesis;31;47;160;1;"QR>";;"<di>";"summon [5|Galeed] for [4|to~him]";!;"";1;0;0;0;0;0;0;1;0;0;0;"[1|W ] [2|J<QB ] [3|QR> ] [4|LW ] [5|GL<D ]"
Genesis;31;48;163;1;"QR>";;"<n.>";"call [3|name~his] (to be named) [4|Galeed]";!;"";0;1;1;0;0;0;0;0;0;0;0;"[1|<L KN ] [2|QR> ] [3|CMW ] [4|GL<D ]"
Genesis;31;54;181;1;"QR>";;"<-->";"shout; call; invoke";!;"";0;0;0;0;1;0;0;0;0;0;0;"[1|W ] [2|JQR> ] [3|L >XJW ]"
Genesis;32;3;10;1;"QR>";;"<n.>";"call [3|name the place the he] (to be named) [4|Mahanaim]";!;"";0;1;1;0;0;0;0;0;0;0;0;"[1|W ] [2|JQR> ] [3|CM H MQWM H HW> ] [4|MXNJM ]"
Genesis;32;31;102;1;"QR>";;"<n.>";"call [4|name the place] (to be named) [5|Peniel]";!;"";0;1;1;0;0;0;0;0;0;0;0;"[1|W ] [2|JQR> ] [3|J<QB ] [4|CM H MQWM ] [5|PNJ>L ]"
Genesis;33;17;62;1;"QR>";;"<n.>";"call [3|name the place] (to be named) [4|Succoth]";!;"";0;1;1;0;0;0;0;0;0;0;0;"[1|<L KN ] [2|QR> ] [3|CM H MQWM ] [4|SKWT ]"
Genesis;33;20;68;1;"QR>";;"<di>";"summon [4|god god(s) Israel] for [3|to~him]";!;"";1;0;0;0;0;0;0;1;0;0;0;"[1|W ] [2|JQR> ] [3|LW ] [4|>L >LHJ JFR>L ]"
Genesis;35;7;22;1;"QR>";;"<l.>";"call [4|god Bethel] (to be named) [3|the place]";!;"";0;1;0;0;1;0;0;0;0;0;0;"[1|W ] [2|JQR> ] [3|L  MQWM ] [4|>L BJT_>L ]"
Genesis;35;8;26;1;"QR>";;"<n.>";"call [3|name~his] (to be named) [4|big tree weeping]";!;"";0;1;1;0;0;0;0;0;0;0;0;"[1|W ] [2|JQR> ] [3|CMW ] [4|>LWN BKWT ]"
Genesis;35;10;33;1;"QR>";;"<n.>";"call [3|& name~his] (to be named) [4|Israel]";!;"";0;1;1;0;0;0;0;0;0;0;0;"[1|W ] [2|JQR> ] [3|>T CMW ] [4|JFR>L ]"
Genesis;35;15;46;1;"QR>";;"<n.>";"call [4|& name the place] (to be named) [5|Bethel]";!;"";0;1;1;0;0;0;0;0;0;0;0;"[1|W ] [2|JQR> ] [3|J<QB ] [4|>T CM H MQWM ] [5|BJT_>L ]"
Genesis;35;18;56;1;"QR>";;"<n.>";"call [3|name~his] (to be named) [4|Ben-Oni]";!;"";0;1;1;0;0;0;0;0;0;0;0;"[1|W ] [2|TQR> ] [3|CMW ] [4|BN_>WNJ ]"
Genesis;35;18;57;1;"QR>";;"<di>";"summon [5|Benjamin] for [4|to~him]";!;"";1;0;0;0;0;0;0;1;0;0;0;"[1|W ] [2|>BJW ] [3|QR> ] [4|LW ] [5|BNJMJN ]"
Genesis;38;3;11;1;"QR>";;"<n.>";"call [3|& name~his] (to be named) [4|Er]";!;"";0;1;1;0;0;0;0;0;0;0;0;"[1|W ] [2|JQR> ] [3|>T CMW ] [4|<R ]"
Genesis;38;4;14;1;"QR>";;"<n.>";"call [3|& name~his] (to be named) [4|Onan]";!;"";0;1;1;0;0;0;0;0;0;0;0;"[1|W ] [2|TQR> ] [3|>T CMW ] [4|>WNN ]"
Genesis;38;5;17;1;"QR>";;"<n.>";"call [3|& name~his] (to be named) [4|Shelah]";!;"";0;1;1;0;0;0;0;0;0;0;0;"[1|W ] [2|TQR> ] [3|>T CMW ] [4|CLH ]"
Genesis;38;29;122;1;"QR>";;"<n.>";"call [3|name~his] (to be named) [4|Perez]";!;"";0;1;1;0;0;0;0;0;0;0;0;"[1|W ] [2|JQR> ] [3|CMW ] [4|PRY ]"
Genesis;38;30;124;1;"QR>";;"<n.>";"call [3|name~his] (to be named) [4|Zerah]";!;"";0;1;1;0;0;0;0;0;0;0;0;"[1|W ] [2|JQR> ] [3|CMW ] [4|ZRX ]"
Genesis;39;14;40;1;"QR>";;"<-->";"shout; call; invoke";!;"";0;0;0;0;1;0;0;0;0;0;0;"[1|W ] [2|TQR> ] [3|L >NCJ BJTH ]"
Genesis;39;14;45;1;"QR>";;"<-->";"shout; call; invoke";!;"";0;0;0;0;0;0;0;0;0;0;0;"[1|W ] [2|>QR> ] [3|B QWL GDWL ]"
Genesis;39;15;46;4;"QR>";;"<-->";"shout; call; invoke";!;"";0;0;0;0;0;0;0;0;0;0;0;"[1|W ] [2|>QR> ]"
Genesis;39;18;53;3;"QR>";;"<-->";"shout; call; invoke";!;"";0;0;0;0;0;0;0;0;0;0;0;"[1|W ] [2|>QR> ]"
Genesis;41;8;20;1;"QR>";;"<d->";"call; summon [3|& whole magician Egypt and & whole wise~her] (content or addressee)";!;"";1;0;0;0;0;0;0;0;0;0;0;"[1|W ] [2|JQR> ] [3|>T KL XRVMJ MYRJM W >T KL XKMJH ]"
Genesis;41;14;38;1;"QR>";;"<d->";"call; summon [3|& Joseph] (content or addressee)";!;"";1;0;0;0;0;0;0;0;0;0;0;"[1|W ] [2|JQR> ] [3|>T JWSP ]"
Genesis;41;43;114;1;"QR>";;"<dp>";"call out [2|<uncertain>] before [3|to face~his]";!;"";0;0;0;0;0;0;1;0;1;0;0;"[1|W ] [2|JQR>W ] [3|L PNJW ]"
Genesis;41;45;119;1;"QR>";;"<n.>";"call [4|name Joseph] (to be named) [5|Zaphenath-Paneah]";!;"";0;1;1;0;0;0;0;0;0;0;0;"[1|W ] [2|JQR> ] [3|PR<H ] [4|CM JWSP ] [5|YPNT_P<NX ]"
Genesis;41;51;131;1;"QR>";;"<n.>";"call [4|& name the first-born] (to be named) [5|Manasseh]";!;"";0;1;1;0;0;0;0;0;0;0;0;"[1|W ] [2|JQR> ] [3|JWSP ] [4|>T CM H BKWR ] [5|MNCH ]"
Genesis;41;52;133;1;"QR>";;"<n.>";"call [2|& name the second] (to be named) [4|Ephraim]";!;"";0;1;1;0;0;0;0;0;0;0;0;"[1|W ] [2|>T CM H CNJ ] [3|QR> ] [4|>PRJM ]"
Genesis;45;1;2;1;"QR>";;"<-->";"shout; call; invoke";!;"";0;0;0;0;0;0;0;0;0;0;0;"[1|W ] [2|JQR> ]"
Genesis;46;33;70;1;"QR>";;"<-i>";"call; summon [3|to~you:mm]";!;"";0;0;0;0;0;0;0;1;0;0;0;"[1|KJ ] [2|JQR> ] [3|LKM ] [4|PR<H ]"
Genesis;47;29;100;1;"QR>";;"<-->";"shout; call; invoke";!;"";0;0;0;0;1;0;0;0;0;0;0;"[1|W ] [2|JQR> ] [3|L BNW L JWSP ]"
Genesis;49;1;1;1;"QR>";;"<-i>";"call; summon [4|to son~his]";!;"";0;0;0;0;0;0;0;1;0;0;0;"[1|W ] [2|JQR> ] [3|J<QB ] [4|>L BNJW ]"
Genesis;50;11;34;1;"QR>";;"<n.>";"call [3|name~her] (to be named) [4|Abel Mizraim]";!;"";0;1;1;0;0;0;0;0;0;0;0;"[1|<L KN ] [2|QR> ] [3|CMH ] [4|>BL_MYRJM ]"
Exodus;1;18;39;1;"QR>";;"<-->";"shout; call; invoke";!;"";0;0;0;0;1;0;0;0;0;0;0;"[1|W ] [2|JQR> ] [3|MLK MYRJM ] [4|L  MJLDT ]"
Exodus;2;7;26;1;"QR>";;"<di>";"summon [4|woman nursing woman from the Hebrew] for [3|to~you:f]";!;"";1;0;0;0;0;0;0;1;0;0;0;"[1|W ] [2|QR>TJ ] [3|LK ] [4|>CH MJNQT MN H <BRJT ]"
Exodus;2;8;31;1;"QR>";;"<d->";"call; summon [3|& mother the boy] (content or addressee)";!;"";1;0;0;0;0;0;0;0;0;0;0;"[1|W ] [2|TQR> ] [3|>T >M H JLD ]"
Exodus;2;10;41;1;"QR>";;"<n.>";"call [3|name~his] (to be named) [4|Moses]";!;"";0;1;1;0;0;0;0;0;0;0;0;"[1|W ] [2|TQR> ] [3|CMW ] [4|MCH ]"
Exodus;2;20;89;1;"QR>";;"<-i>";"call; summon [2|to~him]";!;"";0;0;0;0;0;0;0;1;0;0;0;"[1|QR>N ] [2|LW ]"
Exodus;2;22;94;1;"QR>";;"<n.>";"call [3|& name~his] (to be named) [4|Gershom]";!;"";0;1;1;0;0;0;0;0;0;0;0;"[1|W ] [2|JQR> ] [3|>T CMW ] [4|GRCM ]"
Exodus;3;4;14;1;"QR>";;"<-i>";"call; summon [3|to~him]";!;"";0;0;0;0;0;0;0;1;1;0;0;"[1|W ] [2|JQR> ] [3|>LJW ] [4|>LHJM ] [5|M TWK H SNH ]"
Exodus;7;11;29;1;"QR>";;"<-->";"shout; call; invoke";!;"";0;0;0;0;1;0;0;0;0;0;0;"[1|W ] [2|JQR> ] [3|GM PR<H ] [4|L  XKMJM W L  MKCPJM ]"
Exodus;8;4;10;1;"QR>";;"<-->";"shout; call; invoke";!;"";0;0;0;0;1;0;0;0;0;0;0;"[1|W ] [2|JQR> ] [3|PR<H ] [4|L MCH W L >HRN ]"
Exodus;8;21;71;1;"QR>";;"<-i>";"call; summon [4|to Moses]";!;"";0;0;0;0;0;0;0;1;0;0;0;"[1|W ] [2|JQR> ] [3|PR<H ] [4|>L MCH ]"
Exodus;9;27;75;1;"QR>";;"<-->";"shout; call; invoke";!;"";0;0;0;0;1;0;0;0;0;0;0;"[1|W ] [2|JQR> ] [3|L MCH W L >HRN ]"
Exodus;10;16;58;2;"QR>";;"<-->";"shout; call; invoke";!;"";0;0;0;0;1;0;0;0;0;0;0;"[1|L QR> ] [2|L MCH W L >HRN ]"
Exodus;10;24;81;1;"QR>";;"<-i>";"call; summon [4|to Moses]";!;"";0;0;0;0;0;0;0;1;0;0;0;"[1|W ] [2|JQR> ] [3|PR<H ] [4|>L MCH ]"
Exodus;12;21;52;1;"QR>";;"<-->";"shout; call; invoke";!;"";0;0;0;0;1;0;0;0;0;0;0;"[1|W ] [2|JQR> ] [3|MCH ] [4|L KL ZQNJ JFR>L ]"
Exodus;12;31;84;1;"QR>";;"<-->";"shout; call; invoke";!;"";0;0;0;0;1;0;0;0;0;0;0;"[1|W ] [2|JQR> ] [3|L MCH W L >HRN ] [4|LJLH ]"
Exodus;15;23;70;1;"QR>";;"<n.>";"call [3|name~her] (to be named) [4|Marah]";!;"";0;1;1;0;0;0;0;0;0;0;0;"[1|<L KN ] [2|QR> ] [3|CMH ] [4|MRH ]"
Exodus;16;31;102;1;"QR>";;"<n.>";"call [4|& name~his] (to be named) [5|manna]";!;"";0;1;1;0;0;0;0;0;0;0;0;"[1|W ] [2|JQR>W ] [3|BJT JFR>L ] [4|>T CMW ] [5|MN ]"
Exodus;17;7;29;1;"QR>";;"<n.>";"call [3|name the place] (to be named) [4|Massah and Meribah]";!;"";0;1;1;0;0;0;0;0;0;0;0;"[1|W ] [2|JQR> ] [3|CM H MQWM ] [4|MSH W MRJBH ]"
Exodus;17;15;59;1;"QR>";;"<d->";"call; summon [3|name~his] (content or addressee)";!;"";1;0;0;0;0;0;0;0;0;0;0;"[1|W ] [2|JQR> ] [3|CMW ]"
Exodus;19;3;7;1;"QR>";;"<-i>";"call; summon [3|to~him]";!;"";0;0;0;0;0;0;0;1;1;0;0;"[1|W ] [2|JQR> ] [3|>LJW ] [4|JHWH ] [5|MN H HR ]"
Exodus;19;7;19;1;"QR>";;"<-->";"shout; call; invoke";!;"";0;0;0;0;1;0;0;0;0;0;0;"[1|W ] [2|JQR> ] [3|L ZQNJ H <M ]"
Exodus;19;20;68;1;"QR>";wrn;"<-p>";"call at [5|to head the mountain]";?;"[5|to head the mountain] taken as locative adjunct.";0;0;0;0;1;0;0;0;1;0;0;"[1|W ] [2|JQR> ] [3|JHWH ] [4|L MCH ] [5|>L R>C H HR ]"
Exodus;24;7;22;1;"QR>";;"<-->";"shout; call; invoke";!;"";0;0;0;0;0;0;0;0;0;0;0;"[1|W ] [2|JQR> ] [3|B >ZNJ H <M ]"
Exodus;24;16;51;1;"QR>";;"<-i>";"call; summon [3|to Moses]";!;"";0;0;0;0;0;0;0;1;0;0;0;"[1|W ] [2|JQR> ] [3|>L MCH ] [4|B  JWM H CBJ<J ] [5|M TWK H <NN ]"
Exodus;31;2;3;1;"QR>";;"<dp>";"call out [3|Bezalel son Uri son Hur to staff Judah] before [2|in name]";!;"";1;0;0;0;0;0;0;0;1;0;0;"[1|QR>TJ ] [2|B CM ] [3|BYL>L BN >WRJ BN XWR L MVH JHWDH ]"
Exodus;32;5;19;1;"QR>";;"<-->";"shout; call; invoke";!;"";0;0;0;0;0;0;0;0;0;0;0;"[1|W ] [2|JQR> ] [3|>HRN ]"
Exodus;33;7;25;1;"QR>";;"<di>";"summon [4|tent appointment] for [3|to~him]";!;"";1;0;0;0;0;0;0;1;0;0;0;"[1|W ] [2|QR> ] [3|LW ] [4|>HL MW<D ]"
Exodus;33;19;72;1;"QR>";wrn;"<-p>";"call at [3|in name YHWH] [4|to face~your:m]";?;"[3|in name YHWH] [4|to face~your:m] taken as locative adjunct.";0;0;0;0;0;0;0;0;2;0;0;"[1|W ] [2|QR>TJ ] [3|B CM JHWH ] [4|L PNJK ]"
Exodus;34;5;16;1;"QR>";wrn;"<-p>";"call at [3|in name YHWH]";?;"[3|in name YHWH] taken as locative adjunct.";0;0;0;0;0;0;0;0;1;0;0;"[1|W ] [2|JQR> ] [3|B CM JHWH ]"
Exodus;34;6;18;1;"QR>";;"<-->";"shout; call; invoke";!;"";0;0;0;0;0;0;0;0;0;0;0;"[1|W ] [2|JQR> ]"
Exodus;34;15;45;1;"QR>";;"<-i>";"call; summon [3|to~you:m]";!;"";0;0;0;0;0;0;0;1;0;0;0;"[1|W ] [2|QR> ] [3|LK ]"
Exodus;34;31;86;1;"QR>";;"<-i>";"call; summon [3|to~them:mm]";!;"";0;0;0;0;0;0;0;1;0;0;0;"[1|W ] [2|JQR> ] [3|>LHM ] [4|MCH ]"
Exodus;35;30;28;1;"QR>";;"<dp>";"call out [4|Bezalel son Uri son Hur to staff Judah] before [3|in name]";!;"";1;0;0;0;0;0;0;0;1;0;0;"[1|QR> ] [2|JHWH ] [3|B CM ] [4|BYL>L BN >WRJ BN XWR L MVH JHWDH ]"
Exodus;36;2;2;1;"QR>";;"<-i>";"call; summon [4|to Bezalel and to Oholiab and to whole man wise heart whole]";!;"";0;0;0;0;0;0;0;1;0;0;0;"[1|W ] [2|JQR> ] [3|MCH ] [4|>L BYL>L W >L >HLJ>B W >L KL >JC XKM LB KL ]"
Leviticus;1;1;1;1;"QR>";;"<-i>";"call; summon [3|to Moses]";!;"";0;0;0;0;0;0;0;1;0;0;0;"[1|W ] [2|JQR> ] [3|>L MCH ]"
Leviticus;9;1;2;1;"QR>";;"<-->";"shout; call; invoke";!;"";0;0;0;0;1;0;0;0;0;0;0;"[1|QR> ] [2|MCH ] [3|L >HRN W L BNJW W L ZQNJ JFR>L ]"
Leviticus;10;4;13;1;"QR>";;"<-i>";"call; summon [4|to Mishael and to Elizaphan son Uzziel beloved one Aaron]";!;"";0;0;0;0;0;0;0;1;0;0;0;"[1|W ] [2|JQR> ] [3|MCH ] [4|>L MJC>L W >L >LYPN BNJ <ZJ>L DD >HRN ]"
Leviticus;13;45;170;1;"QR>";;"<d->";"call; summon [2|unclean unclean] (content or addressee)";!;"";0;0;0;0;0;0;1;0;0;0;0;"[1|W ] [2|JQR> ]"
Leviticus;23;2;4;2;"QR>";;"<d->";"call; summon [3|&~them:mm] (content or addressee)";!;"";1;0;0;0;0;0;0;0;0;0;0;"[1|>CR ] [2|TQR>W ] [3|>TM ]"
Leviticus;23;4;9;2;"QR>";;"<d->";"call; summon [3|&~them:mm] (content or addressee)";!;"";1;0;0;0;0;0;0;0;0;0;0;"[1|>CR ] [2|TQR>W ] [3|>TM ] [4|B MW<DM ]"
Leviticus;23;21;46;1;"QR>";;"<-->";"shout; call; invoke";!;"";0;0;0;0;0;0;0;0;0;0;0;"[1|W ] [2|QR>TM ] [3|B <YM H JWM H ZH ]"
Leviticus;23;37;83;2;"QR>";;"<n.>";"call [3|&~them:mm] (to be named) [4|convocation holiness]";!;"";0;1;1;0;0;1;0;0;0;0;0;"[1|>CR ] [2|TQR>W ] [3|>TM ] [4|MQR>J QDC ]"
Leviticus;25;10;22;1;"QR>";;"<l.>";"call [3|release] (to be named) [5|whole sit~her]";!;"";0;1;0;0;1;0;0;0;1;0;0;"[1|W ] [2|QR>TM ] [3|DRWR ] [4|B  >RY ] [5|L KL JCBJH ]"
Numeri;1;16;18;1;"QR>";;"<-->";"shout; call; invoke";!;"";0;0;0;0;0;0;0;0;0;0;0;"[1|>LH ] [2|QRJ>J H <DH NFJ>J MVWT >BWTM ]"
Numeri;11;3;10;1;"QR>";;"<n.>";"call [3|name the place the he] (to be named) [4|Taberah]";!;"";0;1;1;0;0;0;0;0;0;0;0;"[1|W ] [2|JQR> ] [3|CM H MQWM H HW> ] [4|TB<RH ]"
Numeri;11;34;125;1;"QR>";;"<n.>";"call [3|& name the place the he] (to be named) [4|Kibroth Hattaavah]";!;"";0;1;1;0;0;0;0;0;0;0;0;"[1|W ] [2|JQR> ] [3|>T CM H MQWM H HW> ] [4|QBRWT_HT>WH ]"
Numeri;12;5;13;1;"QR>";;"<d->";"call; summon [3|Aaron and Miriam] (content or addressee)";!;"";1;0;0;0;0;0;0;0;0;0;0;"[1|W ] [2|JQR> ] [3|>HRN W MRJM ]"
Numeri;13;16;23;1;"QR>";;"<l.>";"call [5|Joshua] (to be named) [4|Hosea son Nun]";!;"";0;1;0;0;1;0;0;0;0;0;0;"[1|W ] [2|JQR> ] [3|MCH ] [4|L HWC< BN NWN ] [5|JHWC< ]"
Numeri;13;24;55;1;"QR>";;"<l.>";"call [3|wadi <valley of grapes>] (to be named) [1|the place the he]";!;"";0;1;0;0;1;0;0;0;0;0;0;"[1|L  MQWM H HW> ] [2|QR> ] [3|NXL >CKWL ] [4|<L >DWT H >CKWL ]"
Numeri;16;12;29;2;"QR>";;"<-->";"shout; call; invoke";!;"";0;0;0;0;1;0;0;0;0;0;0;"[1|L QR> ] [2|L DTN W L >BJRM BNJ >LJ>B ]"
Numeri;21;3;11;1;"QR>";;"<n.>";"call [3|name the place] (to be named) [4|Hormah]";!;"";0;1;1;0;0;0;0;0;0;0;0;"[1|W ] [2|JQR> ] [3|CM H MQWM ] [4|XRMH ]"
Numeri;22;5;10;3;"QR>";;"<-i>";"call; summon [2|to~him]";!;"";0;0;0;0;0;0;0;1;0;0;0;"[1|L QR> ] [2|LW ]"
Numeri;22;20;68;2;"QR>";;"<-i>";"call; summon [2|to~you:m]";!;"";0;0;0;0;0;0;0;1;0;0;0;"[1|L QR> ] [2|LK ]"
Numeri;22;37;136;2;"QR>";;"<-i>";"call; summon [2|to~you:m]";!;"";0;0;0;0;0;0;0;1;0;0;0;"[1|L QR> ] [2|LK ]"
Numeri;24;10;32;2;"QR>";wrn;"<i.>";"!specific significance!";?;"";0;1;0;0;0;1;0;0;0;0;0;"[1|QR>TJK ]"
Numeri;25;2;3;1;"QR>";;"<-->";"shout; call; invoke";!;"";0;0;0;0;2;0;0;0;0;0;0;"[1|W ] [2|TQR>N ] [3|L  <M ] [4|L ZBXJ >LHJHN ]"
Numeri;32;38;70;1;"QR>";;"<dp>";"call out [4|& name the town] before [3|in name]";!;"";1;0;0;0;0;0;0;0;1;0;0;"[1|W ] [2|JQR>W ] [3|B CMT ] [4|>T CMWT H <RJM ]"
Numeri;32;41;78;1;"QR>";;"<n.>";"call [3|&~them:ff] (to be named) [4|tent camp Jair]";!;"";0;1;1;0;0;0;0;0;0;0;0;"[1|W ] [2|JQR> ] [3|>THN ] [4|XWT J>JR ]"
Numeri;32;42;81;1;"QR>";;"<di>";"summon [4|Nobah] for [3|to~her]";!;"";1;0;0;0;0;0;0;1;0;0;0;"[1|W ] [2|JQR> ] [3|LH ] [4|NBX ] [5|B CMW ]"
Deuteronomium;2;11;31;1;"QR>";;"<di>";"summon [5|Emim] for [4|to~them:mm]";!;"";1;0;0;0;0;0;0;1;0;0;0;"[1|W ] [2|H M>BJM ] [3|JQR>W ] [4|LHM ] [5|>MJM ]"
Deuteronomium;2;20;53;1;"QR>";;"<di>";"summon [5|Zamzummites] for [4|to~them:mm]";!;"";1;0;0;0;0;0;0;1;0;0;0;"[1|W ] [2|H <MNJM ] [3|JQR>W ] [4|LHM ] [5|ZMZMJM ]"
Deuteronomium;3;9;17;1;"QR>";;"<l.>";"call [4|Sirion] (to be named) [3|Hermon]";!;"";0;1;0;0;1;0;0;0;0;0;0;"[1|YJDNJM ] [2|JQR>W ] [3|L XRMWN ] [4|FRJN ]"
Deuteronomium;3;9;18;1;"QR>";;"<di>";"summon [5|Senir] for [4|to~him]";!;"";1;0;0;0;0;0;0;1;0;0;0;"[1|W ] [2|H >MRJ ] [3|JQR>W ] [4|LW ] [5|FNJR ]"
Deuteronomium;4;7;16;5;"QR>";;"<-i>";"call; summon [2|to~him]";!;"";0;0;0;0;0;0;0;1;0;0;0;"[1|QR>NW ] [2|>LJW ]"
Deuteronomium;5;1;1;1;"QR>";wrn;"<-p>";"call at [4|to whole Israel]";?;"[4|to whole Israel] taken as locative adjunct.";0;0;0;0;0;0;0;0;1;0;0;"[1|W ] [2|JQR> ] [3|MCH ] [4|>L KL JFR>L ]"
Deuteronomium;15;9;26;1;"QR>";;"<-i>";"call; summon [4|to YHWH]";!;"";0;0;0;0;0;0;0;1;0;1;0;"[1|W ] [2|QR> ] [3|<LJK ] [4|>L JHWH ]"
Deuteronomium;17;19;53;1;"QR>";wrn;"<-p>";"call at [3|in~him]";?;"[3|in~him] taken as locative adjunct.";0;0;0;0;0;0;0;0;1;0;0;"[1|W ] [2|QR> ] [3|BW ] [4|KL JMJ XJJW ]"
Deuteronomium;20;10;41;1;"QR>";;"<-i>";"call; summon [3|to~her]";!;"";0;0;0;0;1;0;0;1;0;0;0;"[1|W ] [2|QR>T ] [3|>LJH ] [4|L CLWM ]"
Deuteronomium;24;15;48;1;"QR>";;"<-i>";"call; summon [5|to YHWH]";!;"";0;0;0;0;0;0;0;1;0;1;0;"[1|W ] [2|L> ] [3|JQR> ] [4|<LJK ] [5|>L JHWH ]"
Deuteronomium;25;8;30;1;"QR>";;"<-i>";"call; summon [3|to~him]";!;"";0;0;0;0;0;0;0;1;0;0;0;"[1|W ] [2|QR>W ] [3|LW ] [4|ZQNJ <JRW ]"
Deuteronomium;29;1;1;1;"QR>";wrn;"<-p>";"call at [4|to whole Israel]";?;"[4|to whole Israel] taken as locative adjunct.";0;0;0;0;0;0;0;0;1;0;0;"[1|W ] [2|JQR> ] [3|MCH ] [4|>L KL JFR>L ]"
Deuteronomium;31;7;20;1;"QR>";;"<-->";"shout; call; invoke";!;"";0;0;0;0;1;0;0;0;0;0;0;"[1|W ] [2|JQR> ] [3|MCH ] [4|L JHWC< ]"
Deuteronomium;31;11;35;1;"QR>";;"<dp>";"call out [5|& the instruction the this] before [7|in ear~their:mm]";!;"";1;0;0;0;0;0;0;0;1;0;0;"[1|M QY CB< CNJM ] [2|B M<D CNT H CMVH ] [3|B XG H SKWT ] [4|TQR> ] [5|>T H TWRH H Z>T ] [6|NGD KL JFR>L ] [7|B >ZNJHM ]"
Deuteronomium;31;14;45;1;"QR>";;"<d->";"call; summon [2|& Joshua] (content or addressee)";!;"";1;0;0;0;0;0;0;0;0;0;0;"[1|QR> ] [2|>T JHWC< ]"
Deuteronomium;32;3;6;1;"QR>";;"<d->";"call; summon [2|name YHWH] (content or addressee)";!;"";1;0;0;0;0;0;0;0;0;0;0;"[1|KJ ] [2|CM JHWH ] [3|>QR> ]"
Deuteronomium;33;19;48;1;"QR>";;"<dp>";"call out [1|people] before [2|mountain]";!;"";1;0;0;0;0;0;0;0;1;0;0;"[1|<MJM ] [2|HR ] [3|JQR>W ]"
Josua;4;4;8;1;"QR>";wrn;"<-p>";"call at [4|to two the -teen man from son Israel man one man one from rod]";?;"[4|to two the -teen man from son Israel man one man one from rod] taken as locative adjunct.";0;0;0;0;0;0;0;0;1;0;0;"[1|W ] [2|JQR> ] [3|JHWC< ] [4|>L CNJM H <FR >JC M BNJ JFR>L >JC >XD >JC >XD M CBV ]"
Josua;5;9;22;1;"QR>";;"<n.>";"call [3|name the place the he] (to be named) [4|Gilgal]";!;"";0;1;1;0;0;0;0;0;0;0;0;"[1|W ] [2|JQR> ] [3|CM H MQWM H HW> ] [4|GLGL ] [5|<D H JWM H ZH ]"
Josua;6;6;18;1;"QR>";wrn;"<-c>";"call [4|to the priest] (content)";?;"[4|to the priest] taken as direct object";0;0;0;0;0;0;0;0;0;1;0;"[1|W ] [2|JQR> ] [3|JHWC< BN NWN ] [4|>L H KHNJM ]"
Josua;7;26;110;1;"QR>";;"<n.>";"call [3|name the place the he] (to be named) [4|valley Achor]";!;"";0;1;1;0;0;0;0;0;0;0;0;"[1|<L KN ] [2|QR> ] [3|CM H MQWM H HW> ] [4|<MQ <KWR ] [5|<D H JWM H ZH ]"
Josua;8;34;110;1;"QR>";;"<d->";"call; summon [4|& whole word the instruction the blessing and the curse] (content or addressee)";!;"";1;0;0;0;0;0;0;0;0;0;0;"[1|W ] [2|>XRJ KN ] [3|QR> ] [4|>T KL DBRJ H TWRH H BRKH W H QLLH ] [5|K KL ]"
Josua;8;35;111;3;"QR>";wrn;"<-p>";"call at [5|counterpart whole assembly Israel and the woman and the <those unable to march> and the sojourner]";?;"[5|counterpart whole assembly Israel and the woman and the <those unable to march> and the sojourner] taken as locative adjunct.";0;0;0;0;0;0;0;0;1;0;0;"[1|>CR ] [2|L> ] [3|QR> ] [4|JHWC< ] [5|NGD KL QHL JFR>L W H NCJM W H VP W H GR ]"
Josua;9;22;64;1;"QR>";;"<-i>";"call; summon [3|to~them:mm]";!;"";0;0;0;0;0;0;0;1;0;0;0;"[1|W ] [2|JQR> ] [3|LHM ] [4|JHWC< ]"
Josua;10;24;72;1;"QR>";wrn;"<-p>";"call at [4|to whole man Israel]";?;"[4|to whole man Israel] taken as locative adjunct.";0;0;0;0;0;0;0;0;1;0;0;"[1|W ] [2|JQR> ] [3|JHWC< ] [4|>L KL >JC JFR>L ]"
Josua;19;47;59;1;"QR>";;"<l.>";"call [4|Dan] (to be named) [3|Leshem]";!;"";0;1;0;0;1;0;0;0;0;0;0;"[1|W ] [2|JQR>W ] [3|L LCM ] [4|DN ] [5|K CM DN >BJHM ]"
Josua;21;9;11;2;"QR>";;"<dp>";"call out [3|&~them:ff] before [4|in name]";!;"";1;0;0;0;0;0;0;0;1;0;0;"[1|>CR ] [2|JQR> ] [3|>THN ] [4|B CM ]"
Josua;22;1;1;1;"QR>";;"<-->";"shout; call; invoke";!;"";0;0;0;0;1;0;0;0;0;0;0;"[1|>Z ] [2|JQR> ] [3|JHWC< ] [4|L  R>WBNJ W L  GDJ W L XYJ MVH MNCH ]"
Josua;22;34;91;1;"QR>";;"<d->";"call; summon [2|that witness he between~our] (content or addressee)";!;"";0;0;0;0;1;0;1;0;0;0;0;"[1|W ] [2|JQR>W ] [3|BNJ R>WBN W BNJ GD ] [4|L  MZBX ]"
Josua;23;2;4;1;"QR>";;"<-->";"shout; call; invoke";!;"";0;0;0;0;1;0;0;0;0;0;0;"[1|W ] [2|JQR> ] [3|JHWC< ] [4|L KL JFR>L L ZQNJW W L R>CJW W L CPVJW W L CVRJW ]"
Josua;24;1;2;1;"QR>";;"<-->";"shout; call; invoke";!;"";0;0;0;0;1;0;0;0;0;0;0;"[1|W ] [2|JQR> ] [3|L ZQNJ JFR>L W L R>CJW W L CPVJW W L CVRJW ]"
Josua;24;9;35;1;"QR>";;"<-->";"shout; call; invoke";!;"";0;0;0;0;1;0;0;0;0;0;0;"[1|W ] [2|JQR> ] [3|L BL<M BN B<WR ]"
Judices;1;17;57;1;"QR>";;"<n.>";"call [3|& name the town] (to be named) [4|Hormah]";!;"";0;1;1;0;0;0;0;0;0;0;0;"[1|W ] [2|JQR> ] [3|>T CM H <JR ] [4|XRMH ]"
Judices;1;26;80;1;"QR>";;"<n.>";"call [3|name~her] (to be named) [4|Luz]";!;"";0;1;1;0;0;0;0;0;0;0;0;"[1|W ] [2|JQR> ] [3|CMH ] [4|LWZ ]"
Judices;2;5;17;1;"QR>";;"<n.>";"call [3|name the place the he] (to be named) [4|Bokim]";!;"";0;1;1;0;0;0;0;0;0;0;0;"[1|W ] [2|JQR>W ] [3|CM H MQWM H HW> ] [4|BKJM ]"
Judices;4;6;12;1;"QR>";;"<-->";"shout; call; invoke";!;"";0;0;0;0;1;0;0;0;0;0;0;"[1|W ] [2|TQR> ] [3|L BRQ BN >BJN<M M QDC NPTLJ ]"
Judices;6;24;93;1;"QR>";;"<-i>";"call; summon [3|to~him]";!;"";0;0;0;0;0;0;0;1;0;0;0;"[1|W ] [2|JQR> ] [3|LW ]"
Judices;6;32;131;1;"QR>";wrn;"<i.>";"!specific significance!";?;"";0;1;0;0;0;1;0;1;0;0;0;"[1|W ] [2|JQR> ] [3|LW ] [4|B  JWM H HW> ] [5|JRB<L ]"
Judices;7;3;9;1;"QR>";wrn;"<-p>";"call at [3|in ear the people]";?;"[3|in ear the people] taken as locative adjunct.";0;0;0;0;0;0;0;0;1;0;0;"[1|QR> ] [2|N> ] [3|B >ZNJ H <M ]"
Judices;7;20;92;1;"QR>";;"<-->";"shout; call; invoke";!;"";0;0;0;0;0;0;0;0;0;0;0;"[1|W ] [2|JQR>W ]"
Judices;8;1;3;2;"QR>";;"<-i>";"call; summon [2|to~us]";!;"";0;0;0;0;0;0;0;1;0;0;0;"[1|L BLTJ QR>WT ] [2|LNW ]"
Judices;9;7;25;1;"QR>";;"<-->";"shout; call; invoke";!;"";0;0;0;0;0;0;0;0;0;0;0;"[1|W ] [2|JQR> ]"
Judices;9;54;199;1;"QR>";wrn;"<-c>";"call [4|to the boy lift tool~his] (content)";?;"[4|to the boy lift tool~his] taken as direct object";0;0;0;0;0;0;0;0;0;1;0;"[1|W ] [2|JQR> ] [3|MHRH ] [4|>L H N<R NF> KLJW ]"
Judices;10;4;10;1;"QR>";;"<di>";"summon [3|tent camp Jair] for [1|to~them:mm]";!;"";1;0;0;0;0;0;0;1;0;0;0;"[1|LHM ] [2|JQR>W ] [3|XWT J>JR ] [4|<D H JWM H ZH ]"
Judices;13;24;98;1;"QR>";;"<n.>";"call [3|& name~his] (to be named) [4|Samson]";!;"";0;1;1;0;0;0;0;0;0;0;0;"[1|W ] [2|TQR> ] [3|>T CMW ] [4|CMCWN ]"
Judices;14;15;61;1;"QR>";;"<-i>";"call; summon [2|to~us]";!;"";0;0;0;0;0;0;0;1;0;0;0;"[1|QR>TM ] [2|LNW ]"
Judices;15;17;77;1;"QR>";;"<l.>";"call [4|high place jaw] (to be named) [3|the place the he]";!;"";0;1;0;0;1;0;0;0;0;0;0;"[1|W ] [2|JQR> ] [3|L  MQWM H HW> ] [4|RMT LXJ ]"
Judices;15;18;79;1;"QR>";;"<-i>";"call; summon [3|to YHWH]";!;"";0;0;0;0;0;0;0;1;0;0;0;"[1|W ] [2|JQR> ] [3|>L JHWH ]"
Judices;15;19;89;1;"QR>";;"<n.>";"call [3|name~her] (to be named) [4|eye the call]";!;"";0;1;1;0;0;0;0;0;0;0;0;"[1|<L KN ] [2|QR> ] [3|CMH ] [4|<JN H QWR> ] [5|<D H JWM H ZH ]"
Judices;16;18;83;1;"QR>";;"<-->";"shout; call; invoke";!;"";0;0;0;0;1;0;0;0;0;0;0;"[1|W ] [2|TQR> ] [3|L SRNJ PLCTJM ]"
Judices;16;19;89;1;"QR>";;"<-->";"shout; call; invoke";!;"";0;0;0;0;1;0;0;0;0;0;0;"[1|W ] [2|TQR> ] [3|L  >JC ]"
Judices;16;25;115;1;"QR>";;"<-->";"shout; call; invoke";!;"";0;0;0;0;1;0;0;0;0;0;0;"[1|QR>W ] [2|L CMCWN ]"
Judices;16;25;117;1;"QR>";wrn;"<-p>";"call at [4|from house the fetter]";?;"[4|from house the fetter] taken as locative adjunct.";0;0;0;0;1;0;0;0;1;0;0;"[1|W ] [2|JQR>W ] [3|L CMCWN ] [4|M BJT H >SJRJM ]"
Judices;16;28;127;1;"QR>";;"<-i>";"call; summon [4|to YHWH]";!;"";0;0;0;0;0;0;0;1;0;0;0;"[1|W ] [2|JQR> ] [3|CMCWN ] [4|>L JHWH ]"
Judices;18;12;49;1;"QR>";;"<l.>";"call [4|Mahaneh Dan] (to be named) [3|the place the he]";!;"";0;1;0;0;1;0;0;0;0;0;0;"[1|<L KN ] [2|QR>W ] [3|L  MQWM H HW> ] [4|MXNH_DN ] [5|<D H JWM H ZH ]"
Judices;18;23;84;1;"QR>";;"<-i>";"call; summon [3|to son Dan]";!;"";0;0;0;0;0;0;0;1;0;0;0;"[1|W ] [2|JQR>W ] [3|>L BNJ DN ]"
Judices;18;29;113;1;"QR>";;"<n.>";"call [3|name the town] (to be named) [4|Dan]";!;"";0;1;1;0;0;0;0;0;0;0;0;"[1|W ] [2|JQR>W ] [3|CM H <JR ] [4|DN ] [5|B CM DN >BJHM ]"
Judices;21;13;39;1;"QR>";;"<di>";"summon [4|peace] for [3|to~them:mm]";!;"";1;0;0;0;0;0;0;1;0;0;0;"[1|W ] [2|JQR>W ] [3|LHM ] [4|CLWM ]"
Samuel_I;1;20;70;1;"QR>";;"<n.>";"call [3|& name~his] (to be named) [4|Samuel]";!;"";0;1;1;0;0;0;0;0;0;0;0;"[1|W ] [2|TQR> ] [3|>T CMW ] [4|CMW>L ]"
Samuel_I;3;4;10;1;"QR>";;"<-i>";"call; summon [4|to Samuel]";!;"";0;0;0;0;0;0;0;1;0;0;0;"[1|W ] [2|JQR> ] [3|JHWH ] [4|>L CMW>L ]"
Samuel_I;3;5;16;1;"QR>";;"<-i>";"call; summon [3|to~me]";!;"";0;0;0;0;0;0;0;1;0;0;0;"[1|KJ ] [2|QR>T ] [3|LJ ]"
Samuel_I;3;5;18;1;"QR>";;"<-->";"shout; call; invoke";!;"";0;0;0;0;0;0;0;0;0;0;0;"[1|L> ] [2|QR>TJ ]"
Samuel_I;3;6;23;2;"QR>";;"<d->";"call; summon [3|Samuel] (content or addressee)";!;"";1;0;0;0;0;0;0;0;0;0;0;"[1|QR> ] [2|<WD ] [3|CMW>L ]"
Samuel_I;3;6;28;1;"QR>";;"<-i>";"call; summon [3|to~me]";!;"";0;0;0;0;0;0;0;1;0;0;0;"[1|KJ ] [2|QR>T ] [3|LJ ]"
Samuel_I;3;6;30;1;"QR>";;"<-->";"shout; call; invoke";!;"";0;0;0;0;0;0;0;0;0;0;0;"[1|L> ] [2|QR>TJ ]"
Samuel_I;3;8;35;2;"QR>";;"<d->";"call; summon [2|Samuel] (content or addressee)";!;"";1;0;0;0;0;0;0;0;0;0;0;"[1|QR> ] [2|CMW>L ]"
Samuel_I;3;8;40;1;"QR>";;"<-i>";"call; summon [3|to~me]";!;"";0;0;0;0;0;0;0;1;0;0;0;"[1|KJ ] [2|QR>T ] [3|LJ ]"
Samuel_I;3;8;41;2;"QR>";;"<-->";"shout; call; invoke";!;"";0;0;0;0;1;0;0;0;0;0;0;"[1|KJ ] [2|JHWH ] [3|QR> ] [4|L  N<R ]"
Samuel_I;3;9;46;1;"QR>";;"<-i>";"call; summon [3|to~you:m]";!;"";0;0;0;0;0;0;0;1;0;0;0;"[1|>M ] [2|JQR> ] [3|>LJK ]"
Samuel_I;3;10;54;1;"QR>";;"<-->";"shout; call; invoke";!;"";0;0;0;0;0;0;0;0;0;0;0;"[1|W ] [2|JQR> ] [3|K P<M B P<M ]"
Samuel_I;3;16;69;1;"QR>";;"<d->";"call; summon [4|& Samuel] (content or addressee)";!;"";1;0;0;0;0;0;0;0;0;0;0;"[1|W ] [2|JQR> ] [3|<LJ ] [4|>T CMW>L ]"
Samuel_I;4;21;92;1;"QR>";;"<l.>";"call [4|Ichabod] (to be named) [3|the boy]";!;"";0;1;0;0;1;1;0;0;0;0;0;"[1|W ] [2|TQR> ] [3|L  N<R ] [4|>J_KBWD ]"
Samuel_I;6;2;2;1;"QR>";;"<-->";"shout; call; invoke";!;"";0;0;0;0;1;0;0;0;0;0;0;"[1|W ] [2|JQR>W ] [3|PLCTJM ] [4|L  KHNJM W L  QSMJM ]"
Samuel_I;7;12;49;1;"QR>";;"<n.>";"call [3|& name~her] (to be named) [4|Ebenezer]";!;"";0;1;1;0;0;0;0;0;0;0;0;"[1|W ] [2|JQR> ] [3|>T CMH ] [4|>BN_H<ZR ]"
Samuel_I;9;24;119;1;"QR>";;"<d->";"call; summon [1|the people] (content or addressee)";!;"";1;0;0;0;0;0;0;0;0;0;0;"[1|H <M ] [2|QR>TJ ]"
Samuel_I;9;26;125;1;"QR>";;"<-i>";"call; summon [4|to Saul]";!;"";0;0;0;0;0;0;0;1;1;0;0;"[1|W ] [2|JQR> ] [3|CMW>L ] [4|>L C>WL ] [5|H GG ]"
Samuel_I;12;17;73;1;"QR>";;"<-i>";"call; summon [2|to YHWH]";!;"";0;0;0;0;0;0;0;1;0;0;0;"[1|>QR> ] [2|>L JHWH ]"
Samuel_I;12;18;77;1;"QR>";;"<-i>";"call; summon [4|to YHWH]";!;"";0;0;0;0;0;0;0;1;0;0;0;"[1|W ] [2|JQR> ] [3|CMW>L ] [4|>L JHWH ]"
Samuel_I;16;3;16;1;"QR>";wrn;"<-p>";"call at [4|in the sacrifice]";?;"[4|in the sacrifice] taken as locative adjunct.";0;0;0;0;1;0;0;0;1;0;0;"[1|W ] [2|QR>T ] [3|L JCJ ] [4|B  ZBX ]"
Samuel_I;16;5;30;1;"QR>";;"<-i>";"call; summon [3|to~them:mm]";!;"";0;0;0;0;1;0;0;1;0;0;0;"[1|W ] [2|JQR> ] [3|LHM ] [4|L  ZBX ]"
Samuel_I;16;8;40;1;"QR>";;"<-i>";"call; summon [4|to Abinadab]";!;"";0;0;0;0;0;0;0;1;0;0;0;"[1|W ] [2|JQR> ] [3|JCJ ] [4|>L >BJNDB ]"
Samuel_I;17;8;23;1;"QR>";wrn;"<-p>";"call at [3|to row Israel]";?;"[3|to row Israel] taken as locative adjunct.";0;0;0;0;0;0;0;0;1;0;0;"[1|W ] [2|JQR> ] [3|>L M<RKT JFR>L ]"
Samuel_I;19;7;29;1;"QR>";;"<-->";"shout; call; invoke";!;"";0;0;0;0;1;0;0;0;0;0;0;"[1|W ] [2|JQR> ] [3|JHWNTN ] [4|L DWD ]"
Samuel_I;20;37;160;1;"QR>";wrn;"<-p>";"call at [4|after the boy]";?;"[4|after the boy] taken as locative adjunct.";0;0;0;0;0;0;0;0;1;0;0;"[1|W ] [2|JQR> ] [3|JHWNTN ] [4|>XRJ H N<R ]"
Samuel_I;20;38;163;1;"QR>";wrn;"<-p>";"call at [4|after the boy]";?;"[4|after the boy] taken as locative adjunct.";0;0;0;0;0;0;0;0;1;0;0;"[1|W ] [2|JQR> ] [3|JHWNTN ] [4|>XRJ H N<R ]"
Samuel_I;22;11;38;2;"QR>";;"<d->";"call; summon [2|& Ahimelech son Ahitub the priest and & whole house father~his the priest] (content or addressee)";!;"";1;0;0;0;0;0;0;0;0;0;0;"[1|L QR> ] [2|>T >XJMLK BN >XJVWB H KHN W >T KL BJT >BJW H KHNJM ]"
Samuel_I;23;28;110;1;"QR>";;"<l.>";"call [4|rock the division] (to be named) [3|the place the he]";!;"";0;1;0;0;1;0;0;0;0;0;0;"[1|<L KN ] [2|QR>W ] [3|L  MQWM H HW> ] [4|SL< H MXLQWT ]"
Samuel_I;24;9;30;1;"QR>";wrn;"<-p>";"call at [3|after Saul]";?;"[3|after Saul] taken as locative adjunct.";0;0;0;0;0;0;0;0;1;0;0;"[1|W ] [2|JQR> ] [3|>XRJ C>WL ]"
Samuel_I;26;14;55;1;"QR>";;"<-i>";"call; summon [4|to the people and to Abner son Ner]";!;"";0;0;0;0;0;0;0;1;0;0;0;"[1|W ] [2|JQR> ] [3|DWD ] [4|>L H <M W >L >BNR BN NR ]"
Samuel_I;26;14;59;2;"QR>";wrn;"<-c>";"call [2|to the king] (content)";?;"[2|to the king] taken as direct object";0;0;0;0;0;0;0;0;0;1;0;"[1|QR>T ] [2|>L H MLK ]"
Samuel_I;28;15;72;1;"QR>";;"<-i>";"call; summon [3|to~you:m]";!;"";0;0;0;0;0;0;0;1;0;0;0;"[1|W ] [2|>QR>H ] [3|LK ]"
Samuel_I;29;6;20;1;"QR>";;"<-i>";"call; summon [4|to David]";!;"";0;0;0;0;0;0;0;1;0;0;0;"[1|W ] [2|JQR> ] [3|>KJC ] [4|>L DWD ]"
Samuel_II;1;7;27;1;"QR>";;"<-i>";"call; summon [3|to~me]";!;"";0;0;0;0;0;0;0;1;0;0;0;"[1|W ] [2|JQR> ] [3|>LJ ]"
Samuel_II;1;15;56;1;"QR>";;"<-->";"shout; call; invoke";!;"";0;0;0;0;1;0;0;0;0;0;0;"[1|W ] [2|JQR> ] [3|DWD ] [4|L >XD M H N<RJM ]"
Samuel_II;2;16;49;1;"QR>";;"<l.>";"call [4|Helkath Hazzurim] (to be named) [3|the place the he]";!;"";0;1;0;0;1;0;0;0;0;0;0;"[1|W ] [2|JQR> ] [3|L  MQWM H HW> ] [4|XLQT_HYRJM ]"
Samuel_II;2;26;83;1;"QR>";;"<-i>";"call; summon [4|to Joab]";!;"";0;0;0;0;0;0;0;1;0;0;0;"[1|W ] [2|JQR> ] [3|>BNR ] [4|>L JW>B ]"
Samuel_II;5;9;29;1;"QR>";;"<di>";"summon [4|town David] for [3|to~her]";!;"";1;0;0;0;0;0;0;1;0;0;0;"[1|W ] [2|JQR> ] [3|LH ] [4|<JR DWD ]"
Samuel_II;5;20;56;1;"QR>";;"<n.>";"call [3|name the place the he] (to be named) [4|Baal Perazim]";!;"";0;1;1;0;0;0;0;0;0;0;0;"[1|<L KN ] [2|QR> ] [3|CM H MQWM H HW> ] [4|B<L_PRYJM ]"
Samuel_II;6;8;18;1;"QR>";;"<l.>";"call [4|Perez Uzzah] (to be named) [3|the place the he]";!;"";0;1;0;0;1;0;0;0;0;0;0;"[1|W ] [2|JQR> ] [3|L  MQWM H HW> ] [4|PRY_<ZH ] [5|<D H JWM H ZH ]"
Samuel_II;9;2;6;1;"QR>";;"<-i>";"call; summon [3|to~him] [4|to David]";!;"";0;0;0;0;0;0;0;2;0;0;0;"[1|W ] [2|JQR>W ] [3|LW ] [4|>L DWD ]"
Samuel_II;9;9;37;1;"QR>";;"<-i>";"call; summon [4|to Ziba boy Saul]";!;"";0;0;0;0;0;0;0;1;0;0;0;"[1|W ] [2|JQR> ] [3|H MLK ] [4|>L YJB> N<R C>WL ]"
Samuel_II;11;13;53;1;"QR>";;"<-i>";"call; summon [3|to~him]";!;"";0;0;0;0;0;0;0;1;0;0;0;"[1|W ] [2|JQR> ] [3|LW ] [4|DWD ]"
Samuel_II;12;24;115;1;"QR>";;"<n.>";"call [3|& name~his] (to be named) [4|Solomon]";!;"";0;1;1;0;0;0;0;0;0;0;0;"[1|W ] [2|JQR> ] [3|>T CMW ] [4|CLMH ]"
Samuel_II;12;25;118;1;"QR>";;"<n.>";"call [3|& name~his] (to be named) [4|Jedidiah in way YHWH]";!;"";0;1;1;0;0;0;0;0;0;0;0;"[1|W ] [2|JQR> ] [3|>T CMW ] [4|JDJDJH B <BWR JHWH ]"
Samuel_II;13;17;78;1;"QR>";;"<d->";"call; summon [3|& boy~his] (content or addressee)";!;"";1;0;0;0;0;0;0;0;0;0;0;"[1|W ] [2|JQR> ] [3|>T N<RW ]"
Samuel_II;13;23;105;1;"QR>";;"<-->";"shout; call; invoke";!;"";0;0;0;0;1;0;0;0;0;0;0;"[1|W ] [2|JQR> ] [3|>BCLWM ] [4|L KL BNJ H MLK ]"
Samuel_II;14;33;138;1;"QR>";;"<-i>";"call; summon [3|to Absalom]";!;"";0;0;0;0;0;0;0;1;0;0;0;"[1|W ] [2|JQR> ] [3|>L >BCLWM ]"
Samuel_II;15;2;7;4;"QR>";;"<-i>";"call; summon [4|to~him]";!;"";0;0;0;0;0;0;0;1;0;0;0;"[1|W ] [2|JQR> ] [3|>BCLWM ] [4|>LJW ]"
Samuel_II;15;11;40;2;"QR>";;"<-->";"shout; call; invoke";!;"";0;0;0;0;0;0;0;0;0;0;0;"[1|QR>JM ]"
Samuel_II;17;5;15;1;"QR>";;"<-i>";"call; summon [3|even to Hushai the Arkite]";!;"";0;0;0;0;0;0;0;1;0;0;0;"[1|QR> ] [2|N> ] [3|GM L XWCJ H >RKJ ]"
Samuel_II;18;18;73;1;"QR>";wrn;"<-c>";"call [4|upon name~his] (content)";?;"[4|upon name~his] taken as direct object";0;0;0;0;1;0;0;0;0;1;0;"[1|W ] [2|JQR> ] [3|L  MYBT ] [4|<L CMW ]"
Samuel_II;18;25;106;1;"QR>";;"<-->";"shout; call; invoke";!;"";0;0;0;0;0;0;0;0;0;0;0;"[1|W ] [2|JQR> ] [3|H YPH ]"
Samuel_II;18;26;113;1;"QR>";wrn;"<-c>";"call [4|to the porter] (content)";?;"[4|to the porter] taken as direct object";0;0;0;0;0;0;0;0;0;1;0;"[1|W ] [2|JQR> ] [3|H YPH ] [4|>L H C<R ]"
Samuel_II;18;28;123;1;"QR>";;"<-->";"shout; call; invoke";!;"";0;0;0;0;0;0;0;0;0;0;0;"[1|W ] [2|JQR> ] [3|>XJM<Y ]"
Samuel_II;20;16;59;1;"QR>";;"<-->";"shout; call; invoke";!;"";0;0;0;0;0;0;0;0;0;0;0;"[1|W ] [2|TQR> ] [3|>CH XKMH MN H <JR ]"
Samuel_II;21;2;5;1;"QR>";;"<-->";"shout; call; invoke";!;"";0;0;0;0;1;0;0;0;0;0;0;"[1|W ] [2|JQR> ] [3|H MLK ] [4|L  GB<NJM ]"
Samuel_II;22;4;5;1;"QR>";;"<d->";"call; summon [3|YHWH] (content or addressee)";!;"";1;0;0;0;0;0;0;0;0;0;0;"[1|MHLL ] [2|>QR> ] [3|JHWH ]"
Samuel_II;22;7;11;1;"QR>";;"<d->";"call; summon [3|YHWH] (content or addressee)";!;"";1;0;0;0;0;0;0;0;0;0;0;"[1|B  YR LJ ] [2|>QR> ] [3|JHWH ]"
Samuel_II;22;7;12;1;"QR>";wrn;"<-c>";"call [2|to god(s)~my] (content)";?;"[2|to god(s)~my] taken as direct object";0;0;0;0;0;0;0;0;0;1;0;"[1|W ] [2|>L >LHJ ] [3|>QR> ]"
Reges_I;1;9;29;1;"QR>";;"<d->";"call; summon [3|& whole brother~his son the king and to whole man Judah servant the king] (content or addressee)";!;"";1;0;0;0;0;0;0;0;0;0;0;"[1|W ] [2|JQR> ] [3|>T KL >XJW BNJ H MLK W L KL >NCJ JHWDH <BDJ H MLK ]"
Reges_I;1;10;30;1;"QR>";;"<d->";"call; summon [2|& Nathan the prophet and Benaiah and & the vigorous and & Solomon brother~his] (content or addressee)";!;"";1;0;0;0;0;0;0;0;0;0;0;"[1|W ] [2|>T NTN H NBJ> W BNJHW W >T H GBWRJM W >T CLMH >XJW ] [3|L> ] [4|QR> ]"
Reges_I;1;19;61;1;"QR>";;"<-->";"shout; call; invoke";!;"";0;0;0;0;1;0;0;0;0;0;0;"[1|W ] [2|JQR> ] [3|L KL BNJ H MLK W L >BJTR H KHN W L J>B FR H YB> ]"
Reges_I;1;19;62;1;"QR>";;"<-->";"shout; call; invoke";!;"";0;0;0;0;1;0;0;0;0;0;0;"[1|W ] [2|L CLMH <BDK ] [3|L> ] [4|QR> ]"
Reges_I;1;25;79;1;"QR>";;"<-->";"shout; call; invoke";!;"";0;0;0;0;1;0;0;0;0;0;0;"[1|W ] [2|JQR> ] [3|L KL BNJ H MLK W L FRJ H YB> W L >BJTR H KHN ]"
Reges_I;1;26;84;1;"QR>";;"<-i>";"call; summon [2|to~me i servant~your:m and to Zadok the priest and to Benaiah son Jehoiada and to Solomon servant~your:m]";!;"";0;0;0;0;0;0;0;1;0;0;0;"[1|W ] [2|LJ >NJ <BDK W L YDQ H KHN W L BNJHW BN JHWJD< W L CLMH <BDK ] [3|L> ] [4|QR> ]"
Reges_I;1;28;89;1;"QR>";;"<-i>";"call; summon [2|to~me]";!;"";0;0;0;0;1;0;0;1;0;0;0;"[1|QR>W ] [2|LJ ] [3|L BT_CB< ]"
Reges_I;1;32;104;1;"QR>";;"<-->";"shout; call; invoke";!;"";0;0;0;0;1;0;0;0;0;0;0;"[1|QR>W ] [2|LJ ] [3|L YDWQ H KHN W L NTN H NBJ> W L BNJHW BN JHWJD< ]"
Reges_I;2;36;131;1;"QR>";;"<-->";"shout; call; invoke";!;"";0;0;0;0;1;0;0;0;0;0;0;"[1|W ] [2|JQR> ] [3|L CM<J ]"
Reges_I;2;42;154;1;"QR>";;"<-->";"shout; call; invoke";!;"";0;0;0;0;1;0;0;0;0;0;0;"[1|W ] [2|JQR> ] [3|L CM<J ]"
Reges_I;7;21;48;1;"QR>";;"<n.>";"call [3|& name~his] (to be named) [4|Jakin]";!;"";0;1;1;0;0;0;0;0;0;0;0;"[1|W ] [2|JQR> ] [3|>T CMW ] [4|JKJN ]"
Reges_I;7;21;50;1;"QR>";;"<n.>";"call [3|& name~his] (to be named) [4|Boaz]";!;"";0;1;1;0;0;0;0;0;0;0;0;"[1|W ] [2|JQR> ] [3|>T CMW ] [4|B<Z ]"
Reges_I;8;43;93;2;"QR>";;"<-i>";"call; summon [3|to~you:m]";!;"";0;0;0;0;0;0;0;1;0;0;0;"[1|>CR ] [2|JQR> ] [3|>LJK ] [4|H NKRJ ]"
Reges_I;8;52;118;3;"QR>";;"<-i>";"call; summon [2|to~you:m]";!;"";0;0;0;0;0;0;0;1;0;0;0;"[1|QR>M ] [2|>LJK ]"
Reges_I;9;13;33;1;"QR>";;"<di>";"summon [4|earth Cabul] for [3|to~them:mm]";!;"";1;0;0;0;0;0;0;1;0;0;0;"[1|W ] [2|JQR> ] [3|LHM ] [4|>RY KBWL ] [5|<D H JWM H ZH ]"
Reges_I;12;3;7;1;"QR>";;"<-i>";"call; summon [3|to~him]";!;"";0;0;0;0;0;0;0;1;0;0;0;"[1|W ] [2|JQR>W ] [3|LW ]"
Reges_I;12;20;67;1;"QR>";wrn;"<dc>";"call [3|&~him] (to be named) [4|to the gathering]";?;"[4|to the gathering] taken as extra direct object besides [3|&~him]";1;0;0;0;0;0;0;0;0;1;0;"[1|W ] [2|JQR>W ] [3|>TW ] [4|>L H <DH ]"
Reges_I;13;2;4;1;"QR>";wrn;"<-p>";"call at [3|upon the altar]";?;"[3|upon the altar] taken as locative adjunct.";0;0;0;0;0;0;0;0;1;0;0;"[1|W ] [2|JQR> ] [3|<L H MZBX ] [4|B DBR JHWH ]"
Reges_I;13;4;15;3;"QR>";wrn;"<-p>";"call at [3|upon the altar in Bethel]";?;"[3|upon the altar in Bethel] taken as locative adjunct.";0;0;0;0;0;0;0;0;1;0;0;"[1|>CR ] [2|QR> ] [3|<L H MZBX B BJT_>L ]"
Reges_I;13;21;86;1;"QR>";;"<-i>";"call; summon [3|to man the god(s)]";!;"";0;0;0;0;0;0;0;1;0;0;0;"[1|W ] [2|JQR> ] [3|>L >JC H >LHJM ]"
Reges_I;13;32;131;6;"QR>";wrn;"<-p>";"call at [4|upon the altar and upon whole house the high place]";?;"[4|upon the altar and upon whole house the high place] taken as locative adjunct.";0;0;0;0;0;0;0;0;1;0;0;"[1|>CR ] [2|QR> ] [3|B DBR JHWH ] [4|<L H MZBX W <L KL BTJ H BMWT ]"
Reges_I;16;24;45;1;"QR>";;"<n.>";"call [3|& name the town] (to be named) [5|Samaria]";!;"";0;1;1;0;0;0;0;0;1;0;0;"[1|W ] [2|JQR> ] [3|>T CM H <JR ] [4|<L CM CMR >DNJ H HR ] [5|CMRWN ]"
Reges_I;17;10;30;1;"QR>";;"<-i>";"call; summon [3|to~her]";!;"";0;0;0;0;0;0;0;1;0;0;0;"[1|W ] [2|JQR> ] [3|>LJH ]"
Reges_I;17;11;35;1;"QR>";;"<-i>";"call; summon [3|to~her]";!;"";0;0;0;0;0;0;0;1;0;0;0;"[1|W ] [2|JQR> ] [3|>LJH ]"
Reges_I;17;20;72;1;"QR>";;"<-i>";"call; summon [3|to YHWH]";!;"";0;0;0;0;0;0;0;1;0;0;0;"[1|W ] [2|JQR> ] [3|>L JHWH ]"
Reges_I;17;21;77;1;"QR>";;"<-i>";"call; summon [3|to YHWH]";!;"";0;0;0;0;0;0;0;1;0;0;0;"[1|W ] [2|JQR> ] [3|>L JHWH ]"
Reges_I;18;3;8;1;"QR>";;"<-i>";"call; summon [4|to Obadiah]";!;"";0;0;0;0;0;0;0;1;0;0;0;"[1|W ] [2|JQR> ] [3|>X>B ] [4|>L <BDJHW ]"
Reges_I;18;24;93;1;"QR>";wrn;"<-p>";"call at [3|in name god(s)~your:mm]";?;"[3|in name god(s)~your:mm] taken as locative adjunct.";0;0;0;0;0;0;0;0;1;0;0;"[1|W ] [2|QR>TM ] [3|B CM >LHJKM ]"
Reges_I;18;24;94;1;"QR>";wrn;"<-p>";"call at [4|in name YHWH]";?;"[4|in name YHWH] taken as locative adjunct.";0;0;0;0;0;0;0;0;1;0;0;"[1|W ] [2|>NJ ] [3|>QR> ] [4|B CM JHWH ]"
Reges_I;18;25;104;1;"QR>";wrn;"<-p>";"call at [3|in name god(s)~your:mm]";?;"[3|in name god(s)~your:mm] taken as locative adjunct.";0;0;0;0;0;0;0;0;1;0;0;"[1|W ] [2|QR>W ] [3|B CM >LHJKM ]"
Reges_I;18;26;108;1;"QR>";wrn;"<-p>";"call at [3|in name the lord, baal]";?;"[3|in name the lord, baal] taken as locative adjunct.";0;0;0;0;0;0;0;0;1;0;0;"[1|W ] [2|JQR>W ] [3|B CM H B<L ] [4|M H BQR W <D H YHRJM ]"
Reges_I;18;27;116;1;"QR>";;"<-->";"shout; call; invoke";!;"";0;0;0;0;0;0;0;0;0;0;0;"[1|QR>W ] [2|B QWL GDWL ]"
Reges_I;18;28;123;1;"QR>";;"<-->";"shout; call; invoke";!;"";0;0;0;0;0;0;0;0;0;0;0;"[1|W ] [2|JQR>W ] [3|B QWL GDWL ]"
Reges_I;20;7;23;1;"QR>";;"<-->";"shout; call; invoke";!;"";0;0;0;0;1;0;0;0;0;0;0;"[1|W ] [2|JQR> ] [3|MLK JFR>L ] [4|L KL ZQNJ H >RY ]"
Reges_I;21;9;37;1;"QR>";;"<d->";"call; summon [2|fasting] (content or addressee)";!;"";1;0;0;0;0;0;0;0;0;0;0;"[1|QR>W ] [2|YWM ]"
Reges_I;21;12;46;3;"QR>";;"<d->";"call; summon [2|fasting] (content or addressee)";!;"";1;0;0;0;0;0;0;0;0;0;0;"[1|QR>W ] [2|YWM ]"
Reges_I;22;9;33;1;"QR>";;"<-i>";"call; summon [4|to official one]";!;"";0;0;0;0;0;0;0;1;0;0;0;"[1|W ] [2|JQR> ] [3|MLK JFR>L ] [4|>L SRJS >XD ]"
Reges_I;22;13;46;3;"QR>";;"<d->";"call; summon [2|<prophet>] (content or addressee)";!;"";1;0;0;0;0;0;0;0;0;0;0;"[1|L QR> ] [2|MJKJHW ]"
Reges_II;3;10;31;1;"QR>";;"<-->";"shout; call; invoke";!;"";0;0;0;0;1;0;0;0;0;0;0;"[1|KJ ] [2|QR> ] [3|JHWH ] [4|L CLCT H MLKJM H >LH ]"
Reges_II;3;13;46;1;"QR>";;"<-->";"shout; call; invoke";!;"";0;0;0;0;1;0;0;0;0;0;0;"[1|KJ ] [2|QR> ] [3|JHWH ] [4|L CLCT H MLKJM H >LH ]"
Reges_II;4;12;52;1;"QR>";;"<-->";"shout; call; invoke";!;"";0;0;0;0;1;0;0;0;0;0;0;"[1|QR> ] [2|L  CWNMJT H Z>T ]"
Reges_II;4;12;53;1;"QR>";;"<-i>";"call; summon [3|to~her]";!;"";0;0;0;0;0;0;0;1;0;0;0;"[1|W ] [2|JQR> ] [3|LH ]"
Reges_II;4;15;68;1;"QR>";;"<-i>";"call; summon [2|to~her]";!;"";0;0;0;0;0;0;0;1;0;0;0;"[1|QR> ] [2|LH ]"
Reges_II;4;15;69;1;"QR>";;"<-i>";"call; summon [3|to~her]";!;"";0;0;0;0;0;0;0;1;0;0;0;"[1|W ] [2|JQR> ] [3|LH ]"
Reges_II;4;22;94;1;"QR>";;"<-i>";"call; summon [3|to man~her]";!;"";0;0;0;0;0;0;0;1;0;0;0;"[1|W ] [2|TQR> ] [3|>L >JCH ]"
Reges_II;4;36;173;1;"QR>";;"<-i>";"call; summon [3|to Gehazi]";!;"";0;0;0;0;0;0;0;1;0;0;0;"[1|W ] [2|JQR> ] [3|>L GJXZJ ]"
Reges_II;4;36;175;1;"QR>";wrn;"<-c>";"call [2|to the Shunammite the this] (content)";?;"[2|to the Shunammite the this] taken as direct object";0;0;0;0;0;0;0;0;0;1;0;"[1|QR> ] [2|>L H CNMJT H Z>T ]"
Reges_II;4;36;176;1;"QR>";;"<d->";"call; summon [2|~her] (content or addressee)";!;"";1;0;0;0;0;0;0;0;0;0;0;"[1|W ] [2|JQR>H ]"
Reges_II;5;7;24;2;"QR>";;"<d->";"call; summon [3|& the letter] (content or addressee)";!;"";1;0;0;0;0;0;0;0;0;0;0;"[1|K QR> ] [2|MLK JFR>L ] [3|>T H SPR ]"
Reges_II;5;11;49;1;"QR>";wrn;"<-p>";"call at [3|in name YHWH god(s)~his]";?;"[3|in name YHWH god(s)~his] taken as locative adjunct.";0;0;0;0;0;0;0;0;1;0;0;"[1|W ] [2|QR> ] [3|B CM JHWH >LHJW ]"
Reges_II;6;11;44;1;"QR>";wrn;"<-c>";"call [3|to servant~his] (content)";?;"[3|to servant~his] taken as direct object";0;0;0;0;0;0;0;0;0;1;0;"[1|W ] [2|JQR> ] [3|>L <BDJW ]"
Reges_II;7;10;62;1;"QR>";wrn;"<-c>";"call [3|to porter the town] (content)";?;"[3|to porter the town] taken as direct object";0;0;0;0;0;0;0;0;0;1;0;"[1|W ] [2|JQR>W ] [3|>L C<R H <JR ]"
Reges_II;7;11;68;1;"QR>";;"<d->";"call; summon [3|the porter] (content or addressee)";!;"";1;0;0;0;0;0;0;0;0;0;0;"[1|W ] [2|JQR> ] [3|H C<RJM ]"
Reges_II;8;1;5;1;"QR>";;"<-->";"shout; call; invoke";!;"";0;0;0;0;1;0;0;0;0;0;0;"[1|KJ ] [2|QR> ] [3|JHWH ] [4|L  R<B ]"
Reges_II;9;1;1;1;"QR>";;"<-->";"shout; call; invoke";!;"";0;0;0;0;1;0;0;0;0;0;0;"[1|W ] [2|>LJC< H NBJ> ] [3|QR> ] [4|L >XD M BNJ H NBJ>JM ]"
Reges_II;10;19;85;1;"QR>";;"<di>";"summon [1|whole prophet the lord, baal whole work, serve~him and whole priest~his] for [3|to~me]";!;"";1;0;0;0;0;0;0;1;0;0;0;"[1|KL NBJ>J H B<L KL <BDJW W KL KHNJW ] [2|QR>W ] [3|>LJ ]"
Reges_II;10;20;92;1;"QR>";;"<-->";"shout; call; invoke";!;"";0;0;0;0;0;0;0;0;0;0;0;"[1|W ] [2|JQR>W ]"
Reges_II;11;14;45;1;"QR>";;"<-->";"shout; call; invoke";!;"";0;0;0;0;0;0;0;0;0;0;0;"[1|W ] [2|TQR> ]"
Reges_II;12;8;14;1;"QR>";;"<-->";"shout; call; invoke";!;"";0;0;0;0;1;0;0;0;0;0;0;"[1|W ] [2|JQR> ] [3|H MLK JHW>C ] [4|L JHWJD< H KHN W L  KHNJM ]"
Reges_II;14;7;18;1;"QR>";;"<n.>";"call [3|& name~her] (to be named) [4|Joktheel]";!;"";0;1;1;0;0;0;0;0;0;0;0;"[1|W ] [2|JQR> ] [3|>T CMH ] [4|JQT>L ] [5|<D H JWM H ZH ]"
Reges_II;18;4;12;1;"QR>";;"<di>";"summon [4|Nehushtan] for [3|to~him]";!;"";1;0;0;0;0;0;0;1;0;0;0;"[1|W ] [2|JQR> ] [3|LW ] [4|NXCTN ]"
Reges_II;18;18;50;1;"QR>";wrn;"<-c>";"call [3|to the king] (content)";?;"[3|to the king] taken as direct object";0;0;0;0;0;0;0;0;0;1;0;"[1|W ] [2|JQR>W ] [3|>L H MLK ]"
Reges_II;18;28;86;1;"QR>";;"<-->";"shout; call; invoke";!;"";0;0;0;0;0;0;0;0;0;0;0;"[1|W ] [2|JQR> ] [3|B QWL GDWL ] [4|JHWDJT ]"
Reges_II;19;14;38;1;"QR>";;"<d->";"call; summon [2|~them:mm] (content or addressee)";!;"";1;0;0;0;0;0;0;0;0;0;0;"[1|W ] [2|JQR>M ]"
Reges_II;20;11;43;1;"QR>";;"<-i>";"call; summon [4|to YHWH]";!;"";0;0;0;0;0;0;0;1;0;0;0;"[1|W ] [2|JQR> ] [3|JC<JHW H NBJ> ] [4|>L JHWH ]"
Reges_II;22;8;18;1;"QR>";;"<d->";"call; summon [2|~him] (content or addressee)";!;"";1;0;0;0;0;0;0;0;0;0;0;"[1|W ] [2|JQR>HW ]"
Reges_II;22;10;26;1;"QR>";;"<dp>";"call out [2|~him] before [4|to face the king]";!;"";1;0;0;0;0;0;0;0;1;0;0;"[1|W ] [2|JQR>HW ] [3|CPN ] [4|L PNJ H MLK ]"
Reges_II;22;16;40;2;"QR>";;"<-->";"shout; call; invoke";!;"";0;0;0;0;0;0;0;0;0;0;0;"[1|>CR ] [2|QR> ] [3|MLK JHWDH ]"
Reges_II;23;2;5;1;"QR>";;"<dp>";"call out [4|& whole word letter the covenant] before [3|in ear~their:mm]";!;"";1;0;0;0;0;0;0;0;1;0;0;"[1|W ] [2|JQR> ] [3|B >ZNJHM ] [4|>T KL DBRJ SPR H BRJT ]"
Reges_II;23;16;42;3;"QR>";;"<-->";"shout; call; invoke";!;"";0;0;0;0;0;0;0;0;0;0;0;"[1|>CR ] [2|QR> ] [3|>JC H >LHJM ]"
Reges_II;23;16;42;4;"QR>";;"<d->";"call; summon [3|& the word the these] (content or addressee)";!;"";1;0;0;0;0;0;0;0;0;0;0;"[1|>CR ] [2|QR> ] [3|>T H DBRJM H >LH ]"
Reges_II;23;17;46;3;"QR>";;"<dp>";"call out [3|& the word the these] before [4|upon the altar Bethel]";!;"";1;0;0;0;0;0;0;0;1;0;0;"[1|W ] [2|JQR> ] [3|>T H DBRJM H >LH ] [4|<L H MZBX BJT_>L ]"
Jesaia;1;13;42;1;"QR>";;"<d->";"call; summon [2|convocation] (content or addressee)";!;"";1;0;0;0;0;0;0;0;0;0;0;"[1|QR> ] [2|MQR> ]"
Jesaia;6;3;8;1;"QR>";wrn;"<-c>";"call [4|to this] (content)";?;"[4|to this] taken as direct object";0;0;0;0;0;0;0;0;0;1;0;"[1|W ] [2|QR> ] [3|ZH ] [4|>L ZH ]"
Jesaia;7;14;43;1;"QR>";;"<n.>";"call [3|name~his] (to be named) [4|Immanuel]";!;"";0;1;1;0;0;0;0;0;0;0;0;"[1|W ] [2|QR>T ] [3|CMW ] [4|<MNW_>L ]"
Jesaia;8;3;10;1;"QR>";;"<n.>";"call [2|name~his] (to be named) [3|Maher-Shalal-Hash-Baz]";!;"";0;1;1;0;0;0;0;0;0;0;0;"[1|QR> ] [2|CMW ] [3|MHR_CLL_XC_BZ ]"
Jesaia;8;4;11;3;"QR>";;"<d->";"call; summon [2|father~my and mother~my] (content or addressee)";!;"";1;0;0;0;0;0;0;0;0;0;0;"[1|QR> ] [2|>BJ W >MJ ]"
Jesaia;9;5;14;1;"QR>";;"<n.>";"call [3|name~his] (to be named) [4|miracle advise god vigorous father future chief peace]";!;"";0;1;1;0;0;0;0;0;0;0;0;"[1|W ] [2|JQR> ] [3|CMW ] [4|PL> JW<Y >L GBWR >BJ <D FR CLWM ]"
Jesaia;12;4;14;1;"QR>";wrn;"<-p>";"call at [2|in name~his]";?;"[2|in name~his] taken as locative adjunct.";0;0;0;0;0;0;0;0;1;0;0;"[1|QR>W ] [2|B CMW ]"
Jesaia;13;3;7;1;"QR>";;"<n.>";"call [3|vigorous~my to nose~my] (to be named) [4|rejoicing uproar~my]";!;"";0;1;1;0;0;0;0;0;0;0;0;"[1|GM ] [2|QR>TJ ] [3|GBWRJ L >PJ ] [4|<LJZJ G>WTJ ]"
Jesaia;21;8;28;1;"QR>";;"<-->";"shout; call; invoke";!;"";0;0;0;0;0;0;0;0;0;0;0;"[1|W ] [2|JQR> ]"
Jesaia;21;11;39;1;"QR>";;"<-i>";"call; summon [1|to~me]";!;"";0;0;0;0;0;0;0;1;1;0;0;"[1|>LJ ] [2|QR> ] [3|M F<JR ]"
Jesaia;22;12;27;1;"QR>";;"<-->";"shout; call; invoke";!;"";0;0;0;0;0;0;0;0;0;0;0;"[1|W ] [2|JQR> ] [3|>DNJ JHWH YB>WT ] [4|B  JWM H HW> ] [5|L BKJ W L MSPD W L QRXH ]"
Jesaia;22;20;57;1;"QR>";;"<-->";"shout; call; invoke";!;"";0;0;0;0;1;0;0;0;0;0;0;"[1|W ] [2|QR>TJ ] [3|L <BDJ L >LJQJM BN XLQJHW ]"
Jesaia;29;11;33;1;"QR>";;"<d->";"call; summon [3|this] (content or addressee)";!;"";1;0;0;0;0;0;0;0;0;0;0;"[1|QR> ] [2|N> ] [3|ZH ]"
Jesaia;29;12;38;1;"QR>";;"<d->";"call; summon [3|this] (content or addressee)";!;"";1;0;0;0;0;0;0;0;0;0;0;"[1|QR> ] [2|N> ] [3|ZH ]"
Jesaia;30;7;15;1;"QR>";;"<d->";"call; summon [2|<Egypt>] (content or addressee)";!;"";0;0;0;0;1;0;1;0;0;0;0;"[1|LKN ] [2|QR>TJ ] [3|L Z>T ]"
Jesaia;34;12;32;2;"QR>";;"<dp>";"call out [4|kingship] before [3|there]";!;"";1;0;0;0;0;0;0;0;1;0;0;"[1|W ] [2|>JN ] [3|CM ] [4|MLWKH ] [5|JQR>W ]"
Jesaia;34;16;47;1;"QR>";;"<-->";"shout; call; invoke";!;"";0;0;0;0;0;0;0;0;0;0;0;"[1|W ] [2|QR>W ]"
Jesaia;36;13;41;1;"QR>";;"<-->";"shout; call; invoke";!;"";0;0;0;0;0;0;0;0;0;0;0;"[1|W ] [2|JQR> ] [3|B QWL GDWL ] [4|JHWDJT ]"
Jesaia;37;14;38;1;"QR>";;"<d->";"call; summon [2|~him] (content or addressee)";!;"";1;0;0;0;0;0;0;0;0;0;0;"[1|W ] [2|JQR>HW ]"
Jesaia;40;2;4;1;"QR>";;"<-i>";"call; summon [3|to~her]";!;"";0;0;0;0;0;0;0;1;0;0;0;"[1|W ] [2|QR>W ] [3|>LJH ]"
Jesaia;40;3;8;1;"QR>";;"<-->";"shout; call; invoke";!;"";0;0;0;0;0;0;0;0;0;0;0;"[1|QWL ] [2|QWR> ]"
Jesaia;40;6;18;1;"QR>";;"<-->";"shout; call; invoke";!;"";0;0;0;0;0;0;0;0;0;0;0;"[1|QR> ]"
Jesaia;40;6;20;1;"QR>";;"<d->";"call; summon [1|what] (content or addressee)";!;"";1;0;0;0;0;0;0;0;0;0;0;"[1|MH ] [2|>QR> ]"
Jesaia;40;26;91;1;"QR>";wrn;"<-p>";"call at [2|in name]";?;"[2|in name] taken as locative adjunct.";0;0;0;0;1;0;0;0;1;0;0;"[1|L KLM ] [2|B CM ] [3|JQR> ]"
Jesaia;41;4;15;1;"QR>";;"<d->";"call; summon [2|the generation] (content or addressee)";!;"";1;0;0;0;0;0;0;0;0;0;0;"[1|QR> ] [2|H DRWT ] [3|M R>C ]"
Jesaia;41;9;34;3;"QR>";wrn;"<dc>";"call [3|~you:m] (to be named) [2|from remote part~her]";?;"[2|from remote part~her] taken as extra direct object besides [3|~you:m]";1;0;0;0;0;0;0;0;0;1;0;"[1|W ] [2|M >YJLJH ] [3|QR>TJK ]"
Jesaia;41;25;104;1;"QR>";wrn;"<-p>";"call at [3|in name~my]";?;"[3|in name~my] taken as locative adjunct.";0;0;0;0;0;0;0;0;1;0;0;"[1|M MZRX CMC ] [2|JQR> ] [3|B CMJ ]"
Jesaia;42;6;16;1;"QR>";;"<d->";"call; summon [2|~you:m] (content or addressee)";!;"";1;0;0;0;0;0;0;0;0;0;0;"[1|>NJ JHWH ] [2|QR>TJK ] [3|B YDQ ]"
Jesaia;43;1;4;1;"QR>";wrn;"<-p>";"call at [2|in name~your:m]";?;"[2|in name~your:m] taken as locative adjunct.";0;0;0;0;0;0;0;0;1;0;0;"[1|QR>TJ ] [2|B CMK ]"
Jesaia;43;22;72;1;"QR>";;"<d->";"call; summon [3|&~me] (content or addressee)";!;"";1;0;0;0;0;0;0;0;0;0;0;"[1|W ] [2|L> ] [3|>TJ ] [4|QR>T ]"
Jesaia;44;5;11;1;"QR>";;"<-->";"shout; call; invoke";!;"";0;0;0;0;0;0;0;0;0;0;0;"[1|W ] [2|ZH ] [3|JQR> ] [4|B CM J<QB ]"
Jesaia;44;7;19;1;"QR>";;"<-->";"shout; call; invoke";!;"";0;0;0;0;0;0;0;0;0;0;0;"[1|JQR> ]"
Jesaia;45;3;7;3;"QR>";wrn;"<-p>";"call at [3|in name~your:m]";?;"[3|in name~your:m] taken as locative adjunct.";0;0;0;0;0;0;0;0;1;0;0;"[1|H ] [2|QWR> ] [3|B CMK ]"
Jesaia;45;4;8;2;"QR>";;"<-i>";"call; summon [3|to~you:m]";!;"";0;0;0;0;0;0;0;1;1;0;0;"[1|W ] [2|>QR> ] [3|LK ] [4|B CMK ]"
Jesaia;46;11;34;6;"QR>";wrn;"<dc>";"call [3|bird of prey] (to be named) [2|from sunrise]";?;"[2|from sunrise] taken as extra direct object besides [3|bird of prey]";1;0;0;0;0;0;0;0;0;1;0;"[1|QR> ] [2|M MZRX ] [3|<JV ]"
Jesaia;47;1;6;1;"QR>";;"<di>";"summon [3|tender and dainty] for [2|to~you:f]";!;"";1;0;0;0;0;0;0;1;0;0;0;"[1|JQR>W ] [2|LK ] [3|RKH W <NGH ]"
Jesaia;47;5;21;1;"QR>";;"<di>";"summon [3|lady kingdom] for [2|to~you:f]";!;"";1;0;0;0;0;0;0;1;0;0;0;"[1|JQR>W ] [2|LK ] [3|GBRT MMLKWT ]"
Jesaia;48;13;45;1;"QR>";;"<-i>";"call; summon [3|to~them:mm]";!;"";0;0;0;0;0;0;0;1;0;0;0;"[1|QR> ] [2|>NJ ] [3|>LJHM ]"
Jesaia;48;15;53;1;"QR>";;"<d->";"call; summon [2|~him] (content or addressee)";!;"";1;0;0;0;0;0;0;0;0;0;0;"[1|>P ] [2|QR>TJW ]"
Jesaia;49;1;3;1;"QR>";;"<d->";"call; summon [3|~me] (content or addressee)";!;"";1;0;0;0;0;0;0;0;0;0;0;"[1|JHWH ] [2|M BVN ] [3|QR>NJ ]"
Jesaia;50;2;8;1;"QR>";;"<-->";"shout; call; invoke";!;"";0;0;0;0;0;0;0;0;0;0;0;"[1|QR>TJ ]"
Jesaia;51;2;5;1;"QR>";;"<d->";"call; summon [3|~him] (content or addressee)";!;"";1;0;0;0;0;0;0;0;0;0;0;"[1|KJ ] [2|>XD ] [3|QR>TJW ]"
Jesaia;54;6;25;1;"QR>";;"<d->";"call; summon [3|~you:f] (content or addressee)";!;"";1;0;0;0;0;0;0;0;0;0;0;"[1|KJ ] [2|K >CH <ZWBH W <YWBT RWX ] [3|QR>K ] [4|JHWH ]"
Jesaia;55;5;18;1;"QR>";;"<d->";"call; summon [2|people] (content or addressee)";!;"";1;0;0;0;0;0;0;0;0;0;0;"[1|HN ] [2|GWJ ] [3|TQR> ]"
Jesaia;55;6;22;1;"QR>";;"<d->";"call; summon [1|~him] (content or addressee)";!;"";1;0;0;0;0;0;0;0;0;0;0;"[1|QR>HW ]"
Jesaia;58;1;1;1;"QR>";;"<-->";"shout; call; invoke";!;"";0;0;0;0;0;0;0;0;0;0;0;"[1|QR> ] [2|B GRWN ]"
Jesaia;58;5;21;1;"QR>";;"<l.>";"call [4|fasting and day pleasure to YHWH] (to be named) [2|this]";!;"";0;1;0;0;1;0;0;0;0;0;0;"[1|H ] [2|L ZH ] [3|TQR> ] [4|YWM W JWM RYWN L JHWH ]"
Jesaia;58;9;36;1;"QR>";;"<-->";"shout; call; invoke";!;"";0;0;0;0;0;0;0;0;0;0;0;"[1|>Z ] [2|TQR> ]"
Jesaia;58;13;54;1;"QR>";;"<l.>";"call [4|delight] (to be named) [3|the sabbath]";!;"";0;1;0;0;1;0;0;0;0;0;0;"[1|W ] [2|QR>T ] [3|L  CBT ] [4|<NG ]"
Jesaia;59;4;8;1;"QR>";;"<-->";"shout; call; invoke";!;"";0;0;0;0;0;0;0;0;0;0;0;"[1|>JN ] [2|QR> ] [3|B YDQ ]"
Jesaia;60;14;46;1;"QR>";;"<di>";"summon [4|town YHWH Zion holy Israel] for [3|to~you:f]";!;"";1;0;0;0;0;0;0;1;0;0;0;"[1|W ] [2|QR>W ] [3|LK ] [4|<JR JHWH YJWN QDWC JFR>L ]"
Jesaia;60;18;55;1;"QR>";;"<n.>";"call [3|salvation] (to be named) [4|wall~your:f]";!;"";0;1;1;0;0;0;0;0;0;0;0;"[1|W ] [2|QR>T ] [3|JCW<H ] [4|XWMTJK ]"
Jesaia;61;1;3;3;"QR>";;"<l.>";"call [3|release] (to be named) [2|take captive]";!;"";0;1;0;0;1;1;0;0;0;0;0;"[1|L QR> ] [2|L CBWJM ] [3|DRWR ]"
Jesaia;61;2;3;5;"QR>";wrn;"<i.>";"!specific significance!";?;"";0;1;0;0;0;1;0;0;0;0;0;"[1|L QR> ] [2|CNT RYWN ] [3|L JHWH ]"
Jesaia;62;12;37;1;"QR>";;"<di>";"summon [2|people the holiness redeem YHWH] for [3|to~them:mm]";!;"";0;0;0;0;0;0;1;1;0;0;0;"[1|W ] [2|QR>W ] [3|LHM ]"
Jesaia;64;6;15;1;"QR>";wrn;"<-p>";"call at [4|in name~your:m]";?;"[4|in name~your:m] taken as locative adjunct.";0;0;0;0;0;0;0;0;1;0;0;"[1|W ] [2|>JN ] [3|QWR> ] [4|B CMK ]"
Jesaia;65;12;28;1;"QR>";;"<-->";"shout; call; invoke";!;"";0;0;0;0;0;0;0;0;0;0;0;"[1|J<N ] [2|QR>TJ ]"
Jesaia;65;15;46;1;"QR>";;"<l.>";"call [4|name other] (to be named) [2|servant~his]";!;"";0;1;0;0;1;0;0;0;0;0;0;"[1|W ] [2|L <BDJW ] [3|JQR> ] [4|CM >XR ]"
Jesaia;65;24;77;1;"QR>";;"<-->";"shout; call; invoke";!;"";0;0;0;0;0;0;0;0;0;0;0;"[1|VRM ] [2|JQR>W ]"
Jesaia;66;4;17;1;"QR>";;"<-->";"shout; call; invoke";!;"";0;0;0;0;0;0;0;0;0;0;0;"[1|J<N ] [2|QR>TJ ]"
Jeremia;1;15;39;1;"QR>";;"<-->";"shout; call; invoke";!;"";0;0;0;0;1;0;0;0;0;0;0;"[1|KJ ] [2|HNNJ ] [3|QR> ] [4|L KL MCPXWT MMLKWT YPWNH ]"
Jeremia;2;2;3;1;"QR>";wrn;"<-p>";"call at [3|in ear Jerusalem]";?;"[3|in ear Jerusalem] taken as locative adjunct.";0;0;0;0;0;0;0;0;1;0;0;"[1|W ] [2|QR>T ] [3|B >ZNJ JRWCLM ]"
Jeremia;3;4;19;1;"QR>";;"<-i>";"call; summon [5|to~me]";!;"";0;0;0;0;0;0;0;1;0;0;0;"[1|H ] [2|LW> ] [3|M <TH ] [4|QR>TJ ] [5|LJ ]"
Jeremia;3;12;45;1;"QR>";;"<dp>";"call out [3|& the word the these] before [4|toward north]";!;"";1;0;0;0;0;0;0;0;1;0;0;"[1|W ] [2|QR>T ] [3|>T H DBRJM H >LH ] [4|YPWNH ]"
Jeremia;3;17;72;1;"QR>";;"<l.>";"call [4|seat YHWH] (to be named) [3|Jerusalem]";!;"";0;1;0;0;1;0;0;0;0;0;0;"[1|B  <T H HJ> ] [2|JQR>W ] [3|L JRWCLM ] [4|KS> JHWH ]"
Jeremia;3;19;81;1;"QR>";;"<di>";"summon [1|father~my] for [3|to~me]";!;"";1;0;0;0;0;0;0;1;0;0;0;"[1|>BJ ] [2|TQR>W ] [3|LJ ]"
Jeremia;4;5;21;1;"QR>";;"<-->";"shout; call; invoke";!;"";0;0;0;0;0;0;0;0;0;0;0;"[1|QR>W ]"
Jeremia;6;30;112;1;"QR>";;"<di>";"summon [1|silver retract] for [3|to~them:mm]";!;"";1;0;0;0;0;0;0;1;0;0;0;"[1|KSP NM>S ] [2|QR>W ] [3|LHM ]"
Jeremia;7;2;3;1;"QR>";;"<dp>";"call out [4|& the word the this] before [3|there]";!;"";1;0;0;0;0;0;0;0;1;0;0;"[1|W ] [2|QR>T ] [3|CM ] [4|>T H DBR H ZH ]"
Jeremia;7;13;32;1;"QR>";;"<d->";"call; summon [3|&~you:mm] (content or addressee)";!;"";1;0;0;0;0;0;0;0;0;0;0;"[1|W ] [2|>QR> ] [3|>TKM ]"
Jeremia;7;27;74;1;"QR>";;"<-i>";"call; summon [3|to~them:mm]";!;"";0;0;0;0;0;0;0;1;0;0;0;"[1|W ] [2|QR>T ] [3|>LJHM ]"
Jeremia;9;16;57;1;"QR>";;"<-->";"shout; call; invoke";!;"";0;0;0;0;1;0;0;0;0;0;0;"[1|W ] [2|QR>W ] [3|L  MQWNNWT ]"
Jeremia;10;25;74;4;"QR>";wrn;"<-p>";"call at [2|in name~your:m]";?;"[2|in name~your:m] taken as locative adjunct.";0;0;0;0;0;0;0;0;1;0;0;"[1|>CR ] [2|B CMK ] [3|L> ] [4|QR>W ]"
Jeremia;11;6;17;1;"QR>";wrn;"<i.>";"!specific significance!";?;"";0;1;0;0;0;1;0;0;1;0;0;"[1|QR> ] [2|>T KL H DBRJM H >LH ] [3|B <RJ JHWDH W B XYWT JRWCLM ]"
Jeremia;11;14;43;2;"QR>";;"<-i>";"call; summon [2|to~me]";!;"";0;0;0;0;0;0;0;1;0;0;0;"[1|QR>M ] [2|>LJ ] [3|B<D R<TM ]"
Jeremia;11;16;48;1;"QR>";;"<n.>";"call [1|olive luxuriant beautiful fruit form] (to be named) [4|name~your:f]";!;"";0;1;1;0;0;0;0;0;0;0;0;"[1|ZJT R<NN JPH PRJ T>R ] [2|QR> ] [3|JHWH ] [4|CMK ]"
Jeremia;12;6;26;3;"QR>";;"<dp>";"call out [4|full] before [3|after~your:m]";!;"";1;0;0;0;0;0;0;0;1;0;0;"[1|GM HMH ] [2|QR>W ] [3|>XRJK ] [4|ML> ]"
Jeremia;19;2;5;1;"QR>";;"<dp>";"call out [4|& the word] before [3|there]";!;"";1;0;0;0;0;0;0;0;1;0;0;"[1|W ] [2|QR>T ] [3|CM ] [4|>T H DBRJM ]"
Jeremia;20;3;8;1;"QR>";;"<n.>";"call [2|Pashhur] (to be named) [5|name~your:m]";!;"";0;1;1;0;0;0;0;0;0;0;0;"[1|L> ] [2|PCXWR ] [3|QR> ] [4|JHWH ] [5|CMK ]"
Jeremia;20;8;33;1;"QR>";;"<d->";"call; summon [1|violence and violence] (content or addressee)";!;"";1;0;0;0;0;0;0;0;0;0;0;"[1|XMS W CD ] [2|>QR> ]"
Jeremia;23;6;27;2;"QR>";;"<d->";"call; summon [2|~him] (content or addressee)";!;"";1;0;0;0;0;0;0;0;0;0;0;"[1|>CR ] [2|JQR>W ]"
Jeremia;25;29;61;1;"QR>";;"<dp>";"call out [2|dagger] before [5|upon whole sit the earth]";!;"";1;0;0;0;0;0;0;0;1;0;0;"[1|KJ ] [2|XRB ] [3|>NJ ] [4|QR> ] [5|<L KL JCBJ H >RY ]"
Jeremia;29;12;28;1;"QR>";;"<d->";"call; summon [3|&~me] (content or addressee)";!;"";1;0;0;0;0;0;0;0;0;0;0;"[1|W ] [2|QR>TM ] [3|>TJ ]"
Jeremia;29;29;73;1;"QR>";;"<d->";"call; summon [4|& the letter the this] (content or addressee)";!;"";1;0;0;0;0;0;0;0;0;0;0;"[1|W ] [2|JQR> ] [3|YPNJH H KHN ] [4|>T H SPR H ZH ] [5|B >ZNJ JRMJHW H NBJ> ]"
Jeremia;30;17;60;1;"QR>";;"<di>";"summon [2|wield] for [4|to~you:f]";!;"";1;0;0;0;0;0;0;1;0;0;0;"[1|KJ ] [2|NDXH ] [3|QR>W ] [4|LK ]"
Jeremia;31;6;17;2;"QR>";wrn;"<-p>";"call at [3|in mountain Ephraim]";?;"[3|in mountain Ephraim] taken as locative adjunct.";0;0;0;0;0;0;0;0;1;0;0;"[1|QR>W ] [2|NYRJM ] [3|B HR >PRJM ]"
Jeremia;33;3;5;1;"QR>";;"<-i>";"call; summon [2|to~me]";!;"";0;0;0;0;0;0;0;1;0;0;0;"[1|QR> ] [2|>LJ ]"
Jeremia;33;16;37;2;"QR>";;"<-i>";"call; summon [3|to~her]";!;"";0;0;0;0;0;0;0;1;0;0;0;"[1|>CR ] [2|JQR> ] [3|LH ]"
Jeremia;34;8;26;5;"QR>";wrn;"<i.>";"!specific significance!";?;"";0;1;0;0;0;1;0;1;0;0;0;"[1|L QR> ] [2|LHM ] [3|DRWR ]"
Jeremia;34;15;42;2;"QR>";;"<d->";"call; summon [2|release] (content or addressee)";!;"";1;0;0;0;0;0;0;0;0;0;0;"[1|L QR> ] [2|DRWR ]"
Jeremia;34;17;49;2;"QR>";;"<d->";"call; summon [2|release] (content or addressee)";!;"";1;0;0;0;0;0;0;0;0;0;0;"[1|L QR> ] [2|DRWR ]"
Jeremia;34;17;50;1;"QR>";;"<di>";"summon [4|release] for [3|to~you:mm]";!;"";1;0;0;0;0;0;0;1;0;1;0;"[1|HNNJ ] [2|QR> ] [3|LKM ] [4|DRWR ] [5|>L H XRB >L H DBR W >L H R<B ]"
Jeremia;35;17;54;1;"QR>";;"<-i>";"call; summon [3|to~them:mm]";!;"";0;0;0;0;0;0;0;1;0;0;0;"[1|W ] [2|>QR> ] [3|LHM ]"
Jeremia;36;4;8;1;"QR>";;"<d->";"call; summon [4|& Baruch son Neriah] (content or addressee)";!;"";1;0;0;0;0;0;0;0;0;0;0;"[1|W ] [2|JQR> ] [3|JRMJHW ] [4|>T BRWK BN NRJH ]"
Jeremia;36;6;14;1;"QR>";;"<dp>";"call out [4|& word YHWH] before [3|in the roll] [6|house YHWH]";!;"";1;0;0;0;0;0;0;0;2;0;0;"[1|W ] [2|QR>T ] [3|B  MGLH ] [4|>T DBRJ JHWH ] [5|B >ZNJ H <M ] [6|BJT JHWH ] [7|B JWM YWM ]"
Jeremia;36;6;15;1;"QR>";;"<d->";"call; summon [3|~them:mm] (content or addressee)";!;"";1;0;0;0;0;0;0;0;0;0;0;"[1|W ] [2|GM B >ZNJ KL JHWDH ] [3|TQR>M ]"
Jeremia;36;8;19;3;"QR>";;"<dp>";"call out [3|word YHWH] before [2|in the letter] [4|house YHWH]";!;"";1;0;0;0;0;0;0;0;2;0;0;"[1|L QR> ] [2|B  SPR ] [3|DBRJ JHWH ] [4|BJT JHWH ]"
Jeremia;36;9;21;1;"QR>";;"<d->";"call; summon [2|fasting] (content or addressee)";!;"";1;0;0;0;0;0;0;0;0;0;0;"[1|QR>W ] [2|YWM ] [3|L PNJ JHWH ] [4|KL H <M B JRWCLM W KL H <M ]"
Jeremia;36;10;22;1;"QR>";;"<dp>";"call out [5|& word Jeremiah] before [4|in the letter] [6|house YHWH in hall Gemariah son Shaphan the scribe] [7|in the court the upper opening gate house YHWH the new]";!;"";1;0;0;0;0;0;0;0;3;0;0;"[1|W ] [2|JQR> ] [3|BRWK ] [4|B  SPR ] [5|>T DBRJ JRMJHW ] [6|BJT JHWH B LCKT GMRJHW BN CPN H SPR ] [7|B  XYR H <LJWN PTX C<R BJT JHWH H XDC ] [8|B >ZNJ KL H <M ]"
Jeremia;36;13;26;3;"QR>";wrn;"<-p>";"call at [3|in the letter]";?;"[3|in the letter] taken as locative adjunct.";0;0;0;0;0;0;0;0;1;0;0;"[1|B QR> ] [2|BRWK ] [3|B  SPR ] [4|B >ZNJ H <M ]"
Jeremia;36;14;28;2;"QR>";wrn;"<-p>";"call at [3|in~her]";?;"[3|in~her] taken as locative adjunct.";0;0;0;0;0;0;0;0;1;0;0;"[1|>CR ] [2|QR>T ] [3|BH ] [4|B >ZNJ H <M ]"
Jeremia;36;15;33;1;"QR>";;"<d->";"call; summon [2|~her] (content or addressee)";!;"";1;0;0;0;0;0;0;0;0;0;0;"[1|W ] [2|QR>NH ] [3|B >ZNJNW ]"
Jeremia;36;15;34;1;"QR>";;"<-->";"shout; call; invoke";!;"";0;0;0;0;0;0;0;0;0;0;0;"[1|W ] [2|JQR> ] [3|BRWK ] [4|B >ZNJHM ]"
Jeremia;36;18;42;1;"QR>";;"<di>";"summon [4|& whole the word the these] for [3|to~me]";!;"";1;0;0;0;0;0;0;1;0;0;0;"[1|M PJW ] [2|JQR> ] [3|>LJ ] [4|>T KL H DBRJM H >LH ]"
Jeremia;36;21;53;1;"QR>";;"<d->";"call; summon [2|~her] (content or addressee)";!;"";1;0;0;0;0;0;0;0;0;0;0;"[1|W ] [2|JQR>H ] [3|JHWDJ ] [4|B >ZNJ H MLK W B >ZNJ KL H FRJM ]"
Jeremia;36;23;57;1;"QR>";;"<d->";"call; summon [3|three door and four] (content or addressee)";!;"";1;0;0;0;0;0;0;0;0;0;0;"[1|K QRW> ] [2|JHWDJ ] [3|CLC DLTWT W >RB<H ]"
Jeremia;42;8;22;1;"QR>";;"<-i>";"call; summon [3|to Johanan son Kareah and to whole chief the power and to whole the people to from small and unto great]";!;"";0;0;0;0;0;0;0;1;0;0;0;"[1|W ] [2|JQR> ] [3|>L JWXNN BN QRX W >L KL FRJ H XJLJM W L KL H <M L M QVN W <D GDWL ]"
Jeremia;46;17;60;1;"QR>";wrn;"<-p>";"call at [2|there]";?;"[2|there] taken as locative adjunct.";0;0;0;0;0;0;0;0;1;0;0;"[1|QR>W ] [2|CM ]"
Jeremia;49;29;112;1;"QR>";wrn;"<-c>";"call [3|upon~them:mm] (content)";?;"[3|upon~them:mm] taken as direct object";0;0;0;0;0;0;0;0;0;1;0;"[1|W ] [2|QR>W ] [3|<LJHM ]"
Jeremia;51;61;206;1;"QR>";;"<d->";"call; summon [3|& whole the word the these] (content or addressee)";!;"";1;0;0;0;0;0;0;0;0;0;0;"[1|W ] [2|QR>T ] [3|>T KL H DBRJM H >LH ]"
Jeremia;51;63;210;3;"QR>";;"<d->";"call; summon [2|& the letter the this] (content or addressee)";!;"";1;0;0;0;0;0;0;0;0;0;0;"[1|L QR> ] [2|>T H SPR H ZH ]"
Ezechiel;8;18;67;1;"QR>";wrn;"<-c>";"call [4|sound great] (content)";?;"[4|sound great] taken as direct object";0;0;0;0;0;0;0;0;0;1;0;"[1|W ] [2|QR>W ] [3|B >ZNJ ] [4|QWL GDWL ]"
Ezechiel;9;1;1;1;"QR>";wrn;"<-p>";"call at [3|in ear~my]";?;"[3|in ear~my] taken as locative adjunct.";0;0;0;0;0;0;0;0;1;0;0;"[1|W ] [2|JQR> ] [3|B >ZNJ ] [4|QWL GDWL ]"
Ezechiel;9;3;12;1;"QR>";wrn;"<-c>";"call [3|to the man] (content)";?;"[3|to the man] taken as direct object";0;0;0;0;0;0;0;0;0;1;0;"[1|W ] [2|JQR> ] [3|>L H >JC ]"
Ezechiel;36;29;97;1;"QR>";wrn;"<-c>";"call [3|to the corn] (content)";?;"[3|to the corn] taken as direct object";0;0;0;0;0;0;0;0;0;1;0;"[1|W ] [2|QR>TJ ] [3|>L H DGN ]"
Ezechiel;38;21;54;1;"QR>";wrn;"<dc>";"call [5|dagger] (to be named) [3|upon~him]";?;"[3|upon~him] taken as extra direct object besides [5|dagger]";1;0;0;0;0;0;0;0;0;1;0;"[1|W ] [2|QR>TJ ] [3|<LJW ] [4|L KL HRJ ] [5|XRB ]"
Ezechiel;39;11;39;1;"QR>";;"<d->";"call; summon [3|valley commotion Gog] (content or addressee)";!;"";1;0;0;0;0;0;0;0;0;0;0;"[1|W ] [2|QR>W ] [3|GJ> HMWN GWG ]"
Hosea;1;4;12;1;"QR>";;"<n.>";"call [2|name~his] (to be named) [3|Jezreel]";!;"";0;1;1;0;0;0;0;0;0;0;0;"[1|QR> ] [2|CMW ] [3|JZR<>L ]"
Hosea;1;6;21;1;"QR>";;"<n.>";"call [2|name~her] (to be named) [3|Lo-Ruhamah]";!;"";0;1;1;0;0;0;0;0;0;0;0;"[1|QR> ] [2|CMH ] [3|L>_RXMH ]"
Hosea;1;9;31;1;"QR>";;"<n.>";"call [2|name~his] (to be named) [3|Lo-Ammi]";!;"";0;1;1;0;0;0;0;0;0;0;0;"[1|QR> ] [2|CMW ] [3|L>_<MJ ]"
Hosea;2;18;63;1;"QR>";;"<-->";"shout; call; invoke";!;"";0;0;0;0;0;0;0;0;0;0;0;"[1|B  JWM H HW> ] [2|TQR>J ]"
Hosea;2;18;66;1;"QR>";;"<-i>";"call; summon [4|to~me]";!;"";0;0;0;0;0;0;0;1;0;0;0;"[1|W ] [2|L> ] [3|TQR>J ] [4|LJ ] [5|<WD ]"
Hosea;7;7;20;1;"QR>";;"<-i>";"call; summon [4|to~me]";!;"";0;0;0;0;0;0;0;1;0;0;0;"[1|>JN ] [2|QR> ] [3|BHM ] [4|>LJ ]"
Hosea;7;11;31;1;"QR>";wrn;"<-p>";"call at [1|Egypt]";?;"[1|Egypt] taken as locative adjunct.";0;0;0;0;0;0;0;0;1;0;0;"[1|MYRJM ] [2|QR>W ]"
Hosea;11;1;3;1;"QR>";;"<-->";"shout; call; invoke";!;"";0;0;0;0;1;0;0;0;0;0;0;"[1|W ] [2|M MYRJM ] [3|QR>TJ ] [4|L BNJ ]"
Hosea;11;2;4;1;"QR>";;"<-i>";"call; summon [2|to~them:mm]";!;"";0;0;0;0;0;0;0;1;0;0;0;"[1|QR>W ] [2|LHM ]"
Hosea;11;7;22;1;"QR>";;"<dp>";"call out [3|~him] before [2|to height]";!;"";1;0;0;0;0;0;0;0;1;0;0;"[1|W ] [2|>L <L ] [3|JQR>HW ]"
Joel;1;14;42;1;"QR>";;"<d->";"call; summon [2|assembly] (content or addressee)";!;"";1;0;0;0;0;0;0;0;0;0;0;"[1|QR>W ] [2|<YRH ]"
Joel;1;19;57;1;"QR>";;"<-i>";"call; summon [1|to~you:m]";!;"";0;0;0;0;0;0;0;1;0;0;0;"[1|>LJK ] [2|>QR> ]"
Joel;2;15;48;1;"QR>";;"<d->";"call; summon [2|assembly] (content or addressee)";!;"";1;0;0;0;0;0;0;0;0;0;0;"[1|QR>W ] [2|<YRH ]"
Joel;3;5;10;2;"QR>";wrn;"<-p>";"call at [3|in name YHWH]";?;"[3|in name YHWH] taken as locative adjunct.";0;0;0;0;0;0;0;0;1;0;0;"[1|>CR ] [2|JQR> ] [3|B CM JHWH ]"
Joel;3;5;11;4;"QR>";;"<-->";"shout; call; invoke";!;"";0;0;0;0;0;0;0;0;0;0;0;"[1|>CR ] [2|JHWH ] [3|QR> ]"
Joel;4;9;14;1;"QR>";;"<d->";"call; summon [2|this] (content or addressee)";!;"";1;0;0;0;0;0;0;0;0;0;0;"[1|QR>W ] [2|Z>T ] [3|B  GWJM ]"
Amos;4;5;14;1;"QR>";;"<d->";"call; summon [3|free will] (content or addressee)";!;"";1;0;0;0;0;0;0;0;0;0;0;"[1|W ] [2|QR>W ] [3|NDBWT ]"
Amos;5;8;23;4;"QR>";;"<-->";"shout; call; invoke";!;"";0;0;0;0;1;0;0;0;0;0;0;"[1|H ] [2|QWR> ] [3|L MJ H JM ]"
Amos;5;16;47;1;"QR>";wrn;"<dc>";"call [3|farmer] (to be named) [4|to mourning rites]";?;"[4|to mourning rites] taken as extra direct object besides [3|farmer]";1;0;0;0;0;0;0;0;0;1;0;"[1|W ] [2|QR>W ] [3|>KR ] [4|>L >BL ]"
Amos;7;4;14;1;"QR>";;"<-->";"shout; call; invoke";!;"";0;0;0;0;0;0;0;0;0;0;0;"[1|W ] [2|HNH ] [3|QR> ] [4|>DNJ JHWH ]"
Amos;9;6;22;10;"QR>";;"<-->";"shout; call; invoke";!;"";0;0;0;0;1;0;0;0;0;0;0;"[1|H ] [2|QR> ] [3|L MJ H JM ]"
Jona;1;2;4;1;"QR>";wrn;"<-c>";"call [3|upon~her] (content)";?;"[3|upon~her] taken as direct object";0;0;0;0;0;0;0;0;0;1;0;"[1|W ] [2|QR> ] [3|<LJH ]"
Jona;1;6;24;1;"QR>";wrn;"<-c>";"call [2|to god(s)~your:m] (content)";?;"[2|to god(s)~your:m] taken as direct object";0;0;0;0;0;0;0;0;0;1;0;"[1|QR> ] [2|>L >LHJK ]"
Jona;1;14;58;1;"QR>";;"<-i>";"call; summon [3|to YHWH]";!;"";0;0;0;0;0;0;0;1;0;0;0;"[1|W ] [2|JQR>W ] [3|>L JHWH ]"
Jona;2;3;5;1;"QR>";;"<-i>";"call; summon [4|to YHWH]";!;"";0;0;0;0;0;0;0;1;0;0;1;"[1|QR>TJ ] [2|M YRH ] [3|LJ ] [4|>L JHWH ]"
Jona;3;2;4;1;"QR>";;"<di>";"summon [4|& the proclamation] for [3|to~her]";!;"";1;0;0;0;0;0;0;1;0;0;0;"[1|W ] [2|QR> ] [3|>LJH ] [4|>T H QRJ>H ]"
Jona;3;4;9;1;"QR>";;"<-->";"shout; call; invoke";!;"";0;0;0;0;0;0;0;0;0;0;0;"[1|W ] [2|JQR> ]"
Jona;3;5;14;1;"QR>";;"<d->";"call; summon [3|fasting] (content or addressee)";!;"";1;0;0;0;0;0;0;0;0;0;0;"[1|W ] [2|JQR>W ] [3|YWM ]"
Jona;3;8;28;1;"QR>";wrn;"<-c>";"call [3|to god(s)] (content)";?;"[3|to god(s)] taken as direct object";0;0;0;0;0;0;0;0;0;1;0;"[1|W ] [2|JQR>W ] [3|>L >LHJM ] [4|B XZQH ]"
Micha;3;5;9;1;"QR>";;"<d->";"call; summon [3|peace] (content or addressee)";!;"";1;0;0;0;0;0;0;0;0;0;0;"[1|W ] [2|QR>W ] [3|CLWM ]"
Micha;6;9;19;1;"QR>";;"<-->";"shout; call; invoke";!;"";0;0;0;0;1;0;0;0;0;0;0;"[1|QWL JHWH ] [2|L  <JR ] [3|JQR> ]"
Habakuk;2;2;8;2;"QR>";wrn;"<-p>";"call at [2|in~him]";?;"[2|in~him] taken as locative adjunct.";0;0;0;0;0;0;0;0;1;0;0;"[1|QWR> ] [2|BW ]"
Zephania;3;9;34;2;"QR>";wrn;"<-p>";"call at [3|in name YHWH]";?;"[3|in name YHWH] taken as locative adjunct.";0;0;0;0;0;0;0;0;1;0;0;"[1|L QR> ] [2|KLM ] [3|B CM JHWH ]"
Haggai;1;11;38;1;"QR>";;"<d->";"call; summon [3|dryness] (content or addressee)";!;"";1;0;0;0;0;0;0;0;0;0;0;"[1|W ] [2|>QR> ] [3|XRB ] [4|<L H >RY W <L H HRJM W <L H DGN W <L H TJRWC W <L H JYHR ]"
Sacharia;1;4;9;2;"QR>";;"<-i>";"call; summon [3|to~them:mm]";!;"";0;0;0;0;0;0;0;1;0;0;0;"[1|>CR ] [2|QR>W ] [3|>LJHM ] [4|H NBJ>JM H R>CNJM ]"
Sacharia;1;14;46;1;"QR>";;"<-->";"shout; call; invoke";!;"";0;0;0;0;0;0;0;0;0;0;0;"[1|QR> ]"
Sacharia;1;17;57;1;"QR>";;"<-->";"shout; call; invoke";!;"";0;0;0;0;0;0;0;0;0;0;0;"[1|<WD ] [2|QR> ]"
Sacharia;3;10;32;1;"QR>";wrn;"<-p>";"call at [3|to under part vine and to under part fig]";?;"[3|to under part vine and to under part fig] taken as locative adjunct.";0;0;0;0;0;0;0;0;1;0;0;"[1|B  JWM H HW> ] [2|TQR>W ] [3|>L TXT GPN W >L TXT T>NH ]"
Sacharia;7;7;11;6;"QR>";;"<-->";"shout; call; invoke";!;"";0;0;0;0;0;0;0;0;0;0;0;"[1|>CR ] [2|QR> ] [3|JHWH ] [4|B JD H NBJ>JM H R>CNJM ]"
Sacharia;7;13;24;1;"QR>";;"<-->";"shout; call; invoke";!;"";0;0;0;0;0;0;0;0;0;0;0;"[1|K >CR ] [2|QR> ]"
Sacharia;7;13;24;3;"QR>";;"<-->";"shout; call; invoke";!;"";0;0;0;0;0;0;0;0;0;0;0;"[1|KN ] [2|JQR>W ]"
Sacharia;11;7;25;1;"QR>";;"<d->";"call; summon [2|kindness] (content or addressee)";!;"";0;0;0;0;1;0;1;0;0;0;0;"[1|L >XD ] [2|QR>TJ ]"
Sacharia;11;7;26;1;"QR>";;"<d->";"call; summon [2|union] (content or addressee)";!;"";0;0;0;0;1;0;1;0;0;0;0;"[1|W ] [2|L >XD ] [3|QR>TJ ]"
Sacharia;13;9;37;1;"QR>";wrn;"<-p>";"call at [3|in name~my]";?;"[3|in name~my] taken as locative adjunct.";0;0;0;0;0;0;0;0;1;0;0;"[1|HW> ] [2|JQR> ] [3|B CMJ ]"
Maleachi;1;4;19;1;"QR>";;"<di>";"summon [4|boundary guilt] for [3|to~them:mm]";!;"";1;0;0;0;0;0;0;1;0;0;0;"[1|W ] [2|QR>W ] [3|LHM ] [4|GBWL RC<H ]"
Psalmi;3;5;11;1;"QR>";;"<-i>";"call; summon [2|to YHWH]";!;"";0;0;0;0;0;0;0;1;0;0;0;"[1|QWLJ ] [2|>L JHWH ] [3|>QR> ]"
Psalmi;4;2;4;1;"QR>";;"<-->";"shout; call; invoke";!;"";0;0;0;0;0;0;0;0;0;0;0;"[1|B QR>J ]"
Psalmi;4;4;11;4;"QR>";;"<-i>";"call; summon [2|to~him]";!;"";0;0;0;0;0;0;0;1;0;0;0;"[1|B QR>J ] [2|>LJW ]"
Psalmi;14;4;15;1;"QR>";;"<d->";"call; summon [1|YHWH] (content or addressee)";!;"";1;0;0;0;0;0;0;0;0;0;0;"[1|JHWH ] [2|L> ] [3|QR>W ]"
Psalmi;17;6;16;1;"QR>";;"<d->";"call; summon [2|~you:m] (content or addressee)";!;"";1;0;0;0;0;0;0;0;0;0;0;"[1|>NJ ] [2|QR>TJK ]"
Psalmi;18;4;7;1;"QR>";;"<d->";"call; summon [3|YHWH] (content or addressee)";!;"";1;0;0;0;0;0;0;0;0;0;0;"[1|MHLL ] [2|>QR> ] [3|JHWH ]"
Psalmi;18;7;13;1;"QR>";;"<d->";"call; summon [3|YHWH] (content or addressee)";!;"";1;0;0;0;0;0;0;0;0;0;0;"[1|B  YR LJ ] [2|>QR> ] [3|JHWH ]"
Psalmi;20;10;23;2;"QR>";;"<-->";"shout; call; invoke";!;"";0;0;0;0;0;0;0;0;0;0;0;"[1|QR>NW ]"
Psalmi;22;3;5;2;"QR>";;"<-->";"shout; call; invoke";!;"";0;0;0;0;0;0;0;0;0;0;0;"[1|>QR> ] [2|JWMM ]"
Psalmi;27;7;20;1;"QR>";;"<-->";"shout; call; invoke";!;"";0;0;0;0;0;0;0;0;0;0;0;"[1|QWLJ ] [2|>QR> ]"
Psalmi;28;1;2;1;"QR>";;"<-i>";"call; summon [1|to~you:m]";!;"";0;0;0;0;0;0;0;1;0;0;0;"[1|>LJK ] [2|>QR> ]"
Psalmi;30;9;17;1;"QR>";;"<-i>";"call; summon [1|to~you:m]";!;"";0;0;0;0;0;0;0;1;0;0;0;"[1|>LJK ] [2|>QR> ]"
Psalmi;31;18;35;1;"QR>";;"<d->";"call; summon [2|~you:m] (content or addressee)";!;"";1;0;0;0;0;0;0;0;0;0;0;"[1|KJ ] [2|QR>TJK ]"
Psalmi;34;7;15;1;"QR>";;"<-->";"shout; call; invoke";!;"";0;0;0;0;0;0;0;0;0;0;0;"[1|ZH <NJ ] [2|QR> ]"
Psalmi;42;8;16;1;"QR>";wrn;"<-c>";"call [2|to primeval ocean] (content)";?;"[2|to primeval ocean] taken as direct object";0;0;0;0;0;0;0;0;0;1;0;"[1|THWM ] [2|>L THWM ] [3|QWR> ] [4|L QWL YNWRJK ]"
Psalmi;49;12;21;1;"QR>";wrn;"<-p>";"call at [2|in name~their:mm]";?;"[2|in name~their:mm] taken as locative adjunct.";0;0;0;0;0;0;0;0;1;1;0;"[1|QR>W ] [2|B CMWTM ] [3|<LJ >DMWT ]"
Psalmi;50;1;3;1;"QR>";;"<dp>";"call out [3|earth] before [4|from sunrise sun] [5|unto entrance~his]";!;"";1;0;0;0;0;0;0;0;2;0;0;"[1|W ] [2|JQR> ] [3|>RY ] [4|M MZRX CMC ] [5|<D MB>W ]"
Psalmi;50;4;9;1;"QR>";wrn;"<-p>";"call at [2|to the heavens from height and to the earth]";?;"[2|to the heavens from height and to the earth] taken as locative adjunct.";0;0;0;0;0;0;0;0;1;0;0;"[1|JQR> ] [2|>L H CMJM M <L W >L H >RY ]"
Psalmi;50;15;28;1;"QR>";;"<d->";"call; summon [2|~me] (content or addressee)";!;"";1;0;0;0;0;0;0;0;0;0;0;"[1|W ] [2|QR>NJ ] [3|B JWM YRH ]"
Psalmi;53;5;16;1;"QR>";;"<d->";"call; summon [1|god(s)] (content or addressee)";!;"";1;0;0;0;0;0;0;0;0;0;0;"[1|>LHJM ] [2|L> ] [3|QR>W ]"
Psalmi;55;17;30;1;"QR>";wrn;"<-c>";"call [2|to god(s)] (content)";?;"[2|to god(s)] taken as direct object";0;0;0;0;0;0;0;0;0;1;0;"[1|>NJ ] [2|>L >LHJM ] [3|>QR> ]"
Psalmi;56;10;24;2;"QR>";;"<-->";"shout; call; invoke";!;"";0;0;0;0;0;0;0;0;0;0;0;"[1|>QR> ]"
Psalmi;57;3;9;1;"QR>";;"<-->";"shout; call; invoke";!;"";0;0;0;0;1;0;0;0;0;0;0;"[1|>QR> ] [2|L >LHJM <LJWN ]"
Psalmi;61;3;6;1;"QR>";;"<-i>";"call; summon [2|to~you:m]";!;"";0;0;0;0;0;0;0;1;1;0;0;"[1|M QYH H >RY ] [2|>LJK ] [3|>QR> ]"
Psalmi;66;17;34;1;"QR>";;"<-i>";"call; summon [1|to~him]";!;"";0;0;0;0;0;0;0;1;0;0;0;"[1|>LJW ] [2|PJ ] [3|QR>TJ ]"
Psalmi;69;4;10;2;"QR>";;"<d->";"call; summon [1|in ~me] (content or addressee)";!;"";1;0;0;0;0;0;0;0;0;0;0;"[1|B QR>J ]"
Psalmi;79;6;12;4;"QR>";wrn;"<-p>";"call at [2|in name~your:m]";?;"[2|in name~your:m] taken as locative adjunct.";0;0;0;0;0;0;0;0;1;0;0;"[1|>CR ] [2|B CMK ] [3|L> ] [4|QR>W ]"
Psalmi;80;19;41;1;"QR>";wrn;"<-p>";"call at [2|in name~your:m]";?;"[2|in name~your:m] taken as locative adjunct.";0;0;0;0;0;0;0;0;1;0;0;"[1|W ] [2|B CMK ] [3|NQR> ]"
Psalmi;81;8;13;1;"QR>";;"<-->";"shout; call; invoke";!;"";0;0;0;0;0;0;0;0;0;0;0;"[1|B  YRH ] [2|QR>T ]"
Psalmi;86;3;9;1;"QR>";;"<-i>";"call; summon [2|to~you:m]";!;"";0;0;0;0;0;0;0;1;0;0;0;"[1|KJ ] [2|>LJK ] [3|>QR> ] [4|KL H JWM ]"
Psalmi;86;7;15;1;"QR>";;"<d->";"call; summon [2|~you:m] (content or addressee)";!;"";1;0;0;0;0;0;0;0;0;0;0;"[1|B JWM YRTJ ] [2|>QR>K ]"
Psalmi;88;10;19;1;"QR>";;"<d->";"call; summon [1|~you:m] (content or addressee)";!;"";1;0;0;0;0;0;0;0;0;0;0;"[1|QR>TJK ] [2|B KL JWM ]"
Psalmi;89;27;51;1;"QR>";;"<d->";"call; summon [2|~me] (content or addressee)";!;"";1;0;0;0;0;0;0;0;0;0;0;"[1|HW> ] [2|JQR>NJ ]"
Psalmi;91;15;22;1;"QR>";;"<d->";"call; summon [1|~me] (content or addressee)";!;"";1;0;0;0;0;0;0;0;0;0;0;"[1|JQR>NJ ]"
Psalmi;99;6;16;1;"QR>";;"<-->";"shout; call; invoke";!;"";0;0;0;0;0;0;0;0;0;0;0;"[1|W ] [2|CMW>L ] [3|B QR>J CMW ]"
Psalmi;99;6;17;1;"QR>";;"<-i>";"call; summon [2|to YHWH]";!;"";0;0;0;0;0;0;0;1;0;0;0;"[1|QR>JM ] [2|>L JHWH ]"
Psalmi;102;3;7;2;"QR>";;"<-->";"shout; call; invoke";!;"";0;0;0;0;0;0;0;0;0;0;0;"[1|>QR> ]"
Psalmi;105;1;2;1;"QR>";wrn;"<-p>";"call at [2|in name~his]";?;"[2|in name~his] taken as locative adjunct.";0;0;0;0;0;0;0;0;1;0;0;"[1|QR>W ] [2|B CMW ]"
Psalmi;105;16;22;1;"QR>";;"<dp>";"call out [3|hunger] before [4|upon the earth]";!;"";1;0;0;0;0;0;0;0;1;0;0;"[1|W ] [2|JQR> ] [3|R<B ] [4|<L H >RY ]"
Psalmi;116;2;3;2;"QR>";;"<-->";"shout; call; invoke";!;"";0;0;0;0;0;0;0;0;0;0;0;"[1|W ] [2|B JMJ ] [3|>QR> ]"
Psalmi;116;4;7;1;"QR>";;"<-->";"shout; call; invoke";!;"";0;0;0;0;0;0;0;0;0;0;0;"[1|W ] [2|B CM JHWH ] [3|>QR> ]"
Psalmi;116;13;25;1;"QR>";;"<-->";"shout; call; invoke";!;"";0;0;0;0;0;0;0;0;0;0;0;"[1|W ] [2|B CM JHWH ] [3|>QR> ]"
Psalmi;116;17;32;1;"QR>";;"<-->";"shout; call; invoke";!;"";0;0;0;0;0;0;0;0;0;0;0;"[1|W ] [2|B CM JHWH ] [3|>QR> ]"
Psalmi;118;5;7;1;"QR>";;"<d->";"call; summon [3|the Lord] (content or addressee)";!;"";1;0;0;0;0;0;0;0;0;0;0;"[1|MN H MYR ] [2|QR>TJ ] [3|JH ]"
Psalmi;119;145;270;1;"QR>";;"<-->";"shout; call; invoke";!;"";0;0;0;0;0;0;0;0;0;0;0;"[1|QR>TJ ] [2|B KL LB ]"
Psalmi;119;146;273;1;"QR>";;"<d->";"call; summon [1|~you:m] (content or addressee)";!;"";1;0;0;0;0;0;0;0;0;0;0;"[1|QR>TJK ]"
Psalmi;120;1;2;1;"QR>";;"<-i>";"call; summon [1|to YHWH]";!;"";0;0;0;0;0;0;0;1;0;0;0;"[1|>L JHWH ] [2|B  YRTH LJ ] [3|QR>TJ ]"
Psalmi;130;1;2;1;"QR>";;"<d->";"call; summon [2|~you:m] (content or addressee)";!;"";1;0;0;0;0;0;0;0;0;0;0;"[1|M M<MQJM ] [2|QR>TJK ]"
Psalmi;138;3;6;2;"QR>";;"<-->";"shout; call; invoke";!;"";0;0;0;0;0;0;0;0;0;0;0;"[1|B JWM ] [2|QR>TJ ]"
Psalmi;141;1;2;2;"QR>";;"<d->";"call; summon [1|~you:m] (content or addressee)";!;"";1;0;0;0;0;0;0;0;0;0;0;"[1|QR>TJK ]"
Psalmi;141;1;4;2;"QR>";;"<-i>";"call; summon [2|to~you:m]";!;"";0;0;0;0;0;0;0;1;0;0;0;"[1|B QR>J ] [2|LK ]"
Psalmi;145;18;34;2;"QR>";;"<d->";"call; summon [1|~him] (content or addressee)";!;"";1;0;0;0;0;0;0;0;0;0;0;"[1|QR>JW ]"
Psalmi;145;18;34;4;"QR>";;"<d->";"call; summon [2|~him] (content or addressee)";!;"";1;0;0;0;0;0;0;0;0;0;0;"[1|>CR ] [2|JQR>HW ] [3|B >MT ]"
Psalmi;147;4;7;1;"QR>";;"<l.>";"call [2|name] (to be named) [1|whole~their:mm]";!;"";0;1;0;0;1;0;0;0;0;0;0;"[1|L KLM ] [2|CMWT ] [3|JQR> ]"
Psalmi;147;9;14;7;"QR>";;"<-->";"shout; call; invoke";!;"";0;0;0;0;0;0;0;0;0;0;0;"[1|>CR ] [2|JQR>W ]"
Iob;1;4;12;1;"QR>";;"<-->";"shout; call; invoke";!;"";0;0;0;0;1;0;0;0;0;0;0;"[1|W ] [2|QR>W ] [3|L CLCT >XJTJHM ]"
Iob;5;1;1;1;"QR>";;"<-->";"shout; call; invoke";!;"";0;0;0;0;0;0;0;0;0;0;0;"[1|QR> ] [2|N> ]"
Iob;9;16;31;1;"QR>";;"<-->";"shout; call; invoke";!;"";0;0;0;0;0;0;0;0;0;0;0;"[1|>M ] [2|QR>TJ ]"
Iob;12;4;10;1;"QR>";;"<-->";"shout; call; invoke";!;"";0;0;0;0;1;0;0;0;0;0;0;"[1|QR> ] [2|L >LWH ]"
Iob;13;22;53;1;"QR>";;"<-->";"shout; call; invoke";!;"";0;0;0;0;0;0;0;0;0;0;0;"[1|W ] [2|QR> ]"
Iob;14;15;43;1;"QR>";;"<-->";"shout; call; invoke";!;"";0;0;0;0;0;0;0;0;0;0;0;"[1|TQR> ]"
Iob;17;14;31;1;"QR>";;"<-->";"shout; call; invoke";!;"";0;0;0;0;1;0;0;0;0;0;0;"[1|L  CXT ] [2|QR>TJ ]"
Iob;19;16;37;1;"QR>";;"<-->";"shout; call; invoke";!;"";0;0;0;0;1;0;0;0;0;0;0;"[1|L <BDJ ] [2|QR>TJ ]"
Iob;27;10;25;1;"QR>";;"<d->";"call; summon [2|god] (content or addressee)";!;"";1;0;0;0;0;0;0;0;0;0;0;"[1|JQR> ] [2|>LWH ] [3|B KL <T ]"
Iob;42;14;40;1;"QR>";;"<n.>";"call [3|name the one] (to be named) [4|Jemimah]";!;"";0;1;1;0;0;0;0;0;0;0;0;"[1|W ] [2|JQR> ] [3|CM H >XT ] [4|JMJMH ]"
Proverbia;1;21;33;1;"QR>";wrn;"<-p>";"call at [1|in head make noise]";?;"[1|in head make noise] taken as locative adjunct.";0;0;0;0;0;0;0;0;1;0;0;"[1|B R>C HMJWT ] [2|TQR> ]"
Proverbia;1;24;41;1;"QR>";;"<-->";"shout; call; invoke";!;"";0;0;0;0;0;0;0;0;0;0;0;"[1|J<N ] [2|QR>TJ ]"
Proverbia;1;28;50;1;"QR>";;"<d->";"call; summon [2|~me] (content or addressee)";!;"";1;0;0;0;0;0;0;0;0;0;0;"[1|>Z ] [2|JQR>NNJ ]"
Proverbia;2;3;4;1;"QR>";;"<-->";"shout; call; invoke";!;"";0;0;0;0;1;0;0;0;0;0;0;"[1|>M ] [2|L  BJNH ] [3|TQR> ]"
Proverbia;7;4;9;1;"QR>";;"<l.>";"call [2|kinsman] (to be named) [3|the understanding]";!;"";0;1;0;0;1;0;0;0;0;0;0;"[1|W ] [2|MD< ] [3|L  BJNH ] [4|TQR> ]"
Proverbia;8;1;1;1;"QR>";;"<-->";"shout; call; invoke";!;"";0;0;0;0;0;0;0;0;0;0;0;"[1|H ] [2|L> ] [3|XKMH ] [4|TQR> ]"
Proverbia;8;4;5;1;"QR>";;"<-i>";"call; summon [1|to~you:mm]";!;"";0;0;0;0;0;0;0;1;0;0;0;"[1|>LJKM ] [2|>QR> ]"
Proverbia;9;3;7;1;"QR>";wrn;"<-c>";"call [2|upon back? high place town] (content)";?;"[2|upon back? high place town] taken as direct object";0;0;0;0;0;0;0;0;0;1;0;"[1|TQR> ] [2|<L GPJ MRMJ QRT ]"
Proverbia;9;15;37;2;"QR>";;"<-->";"shout; call; invoke";!;"";0;0;0;0;1;0;0;0;0;0;0;"[1|L QR> ] [2|L <BRJ DRK ]"
Proverbia;12;23;48;1;"QR>";;"<d->";"call; summon [4|foolishness] (content or addressee)";!;"";1;0;0;0;0;0;0;0;0;0;0;"[1|W ] [2|LB KSJLJM ] [3|JQR> ] [4|>WLT ]"
Proverbia;18;6;9;1;"QR>";;"<-->";"shout; call; invoke";!;"";0;0;0;0;1;0;0;0;0;0;0;"[1|W ] [2|PJW ] [3|L MHLMWT ] [4|JQR> ]"
Proverbia;20;6;13;2;"QR>";;"<d->";"call; summon [3|loyalty~his] (content or addressee)";!;"";1;0;0;0;0;0;0;0;0;0;0;"[1|JQR> ] [2|>JC ] [3|XSDW ]"
Proverbia;21;13;22;2;"QR>";;"<-->";"shout; call; invoke";!;"";0;0;0;0;0;0;0;0;0;0;0;"[1|GM HW> ] [2|JQR> ]"
Proverbia;24;8;14;3;"QR>";;"<di>";"summon [2|lord, baal purpose] for [1|to~him]";!;"";1;0;0;0;0;0;0;1;0;0;0;"[1|LW ] [2|B<L MZMWT ] [3|JQR>W ]"
Ruth;1;20;78;1;"QR>";;"<di>";"summon [4|Naomi] for [3|to~me]";!;"";1;0;0;0;0;0;0;1;0;0;0;"[1|>L ] [2|TQR>NH ] [3|LJ ] [4|N<MJ ]"
Ruth;1;20;79;1;"QR>";;"<di>";"summon [3|bitter] for [2|to~me]";!;"";1;0;0;0;0;0;0;1;0;0;0;"[1|QR>N ] [2|LJ ] [3|MR> ]"
Ruth;1;21;83;1;"QR>";;"<di>";"summon [4|Naomi] for [3|to~me]";!;"";1;0;0;0;0;0;0;1;0;0;0;"[1|LMH ] [2|TQR>NH ] [3|LJ ] [4|N<MJ ]"
Ruth;4;11;52;1;"QR>";;"<dp>";"call out [3|name] before [4|in Bethlehem]";!;"";1;0;0;0;0;0;0;0;1;0;0;"[1|W ] [2|QR> ] [3|CM ] [4|B BJT_LXM ]"
Ruth;4;17;67;1;"QR>";wrn;"<i.>";"!specific significance!";?;"";0;1;0;0;0;1;0;1;0;0;0;"[1|W ] [2|TQR>NH ] [3|LW ] [4|H CKNWT ] [5|CM ]"
Ruth;4;17;69;1;"QR>";;"<n.>";"call [3|name~his] (to be named) [4|Obed]";!;"";0;1;1;0;0;0;0;0;0;0;0;"[1|W ] [2|TQR>NH ] [3|CMW ] [4|<WBD ]"
Canticum;5;6;26;1;"QR>";;"<d->";"call; summon [1|~him] (content or addressee)";!;"";1;0;0;0;0;0;0;0;0;0;0;"[1|QR>TJW ]"
Threni;1;15;63;1;"QR>";wrn;"<i.>";"!specific significance!";?;"";0;1;0;0;0;1;0;0;0;1;0;"[1|QR> ] [2|<LJ ] [3|MW<D ]"
Threni;1;19;79;1;"QR>";;"<-->";"shout; call; invoke";!;"";0;0;0;0;1;0;0;0;0;0;0;"[1|QR>TJ ] [2|L  M>HBJ ]"
Threni;1;21;95;2;"QR>";;"<-->";"shout; call; invoke";!;"";0;0;0;0;0;0;0;0;0;0;0;"[1|QR>T ]"
Threni;2;22;97;1;"QR>";;"<d->";"call; summon [3|neighbourhood~my from surrounding] (content or addressee)";!;"";1;0;0;0;0;0;0;0;0;0;0;"[1|TQR> ] [2|K JWM MW<D ] [3|MGWRJ M SBJB ]"
Threni;3;55;96;1;"QR>";wrn;"<dc>";"call [2|name~your:m] (to be named) [3|from cistern lower]";?;"[3|from cistern lower] taken as extra direct object besides [2|name~your:m]";1;0;0;0;0;0;0;0;0;1;0;"[1|QR>TJ ] [2|CMK ] [3|M BWR TXTJWT ]"
Threni;3;57;99;2;"QR>";;"<d->";"call; summon [1|~you:m] (content or addressee)";!;"";1;0;0;0;0;0;0;0;0;0;0;"[1|>QR>K ]"
Threni;4;15;36;1;"QR>";;"<-i>";"call; summon [2|to~them:mm]";!;"";0;0;0;0;0;0;0;1;0;0;0;"[1|QR>W ] [2|LMW ]"
Esther;4;5;15;1;"QR>";;"<-->";"shout; call; invoke";!;"";0;0;0;0;1;0;0;0;0;0;0;"[1|W ] [2|TQR> ] [3|>STR ] [4|L HTK M SRJSJ H MLK ]"
Esther;5;12;41;1;"QR>";;"<-->";"shout; call; invoke";!;"";0;0;0;0;0;0;0;0;0;0;0;"[1|W ] [2|GM L MXR ] [3|>NJ ] [4|QRW> ] [5|LH ] [6|<M H MLK ]"
Esther;6;9;27;1;"QR>";wrn;"<-p>";"call at [3|to face~his]";?;"[3|to face~his] taken as locative adjunct.";0;0;0;0;0;0;0;0;1;0;0;"[1|W ] [2|QR>W ] [3|L PNJW ]"
Esther;6;11;37;1;"QR>";wrn;"<-p>";"call at [3|to face~his]";?;"[3|to face~his] taken as locative adjunct.";0;0;0;0;0;0;0;0;1;0;0;"[1|W ] [2|JQR> ] [3|L PNJW ]"
Esther;9;26;55;1;"QR>";;"<l.>";"call [4|lot] (to be named) [3|the day the these]";!;"";0;1;0;0;1;0;0;0;0;0;0;"[1|<L KN ] [2|QR>W ] [3|L  JMJM H >LH ] [4|PWRJM ] [5|<L CM H PWR ]"
Daniel;2;2;4;2;"QR>";;"<-->";"shout; call; invoke";!;"";0;0;0;0;1;0;0;0;0;0;0;"[1|L QR> ] [2|L  XRVMJM W L  >CPJM W L  MKCPJM W L  KFDJM ]"
Daniel;8;16;61;1;"QR>";;"<-->";"shout; call; invoke";!;"";0;0;0;0;0;0;0;0;0;0;0;"[1|W ] [2|JQR> ]"
Esra;8;21;42;1;"QR>";wrn;"<i.>";"!specific significance!";?;"";0;1;0;0;0;1;0;0;1;0;0;"[1|W ] [2|>QR> ] [3|CM <L H NHR >HW> ] [4|YWM ]"
Nehemia;5;12;42;1;"QR>";;"<d->";"call; summon [3|& the priest] (content or addressee)";!;"";1;0;0;0;0;0;0;0;0;0;0;"[1|W ] [2|>QR> ] [3|>T H KHNJM ]"
Nehemia;6;7;19;2;"QR>";wrn;"<-p>";"call at [3|in Jerusalem]";?;"[3|in Jerusalem] taken as locative adjunct.";0;0;0;0;0;0;0;0;1;1;0;"[1|L QR> ] [2|<LJK ] [3|B JRWCLM ]"
Nehemia;8;3;4;1;"QR>";wrn;"<-p>";"call at [3|in~him] [4|to face the open place]";?;"[3|in~him] [4|to face the open place] taken as locative adjunct.";0;0;0;0;0;0;0;0;2;0;0;"[1|W ] [2|JQR> ] [3|BW ] [4|L PNJ H RXWB ] [5|MN H >WR <D MXYJT H JWM ] [6|NGD H >NCJM W H NCJM W H MBJNJM ]"
Nehemia;8;8;18;1;"QR>";wrn;"<-p>";"call at [3|in the letter in instruction the god(s)]";?;"[3|in the letter in instruction the god(s)] taken as locative adjunct.";0;0;0;0;0;0;0;0;1;0;0;"[1|W ] [2|JQR>W ] [3|B  SPR B TWRT H >LHJM ] [4|MPRC ]"
Nehemia;8;18;52;1;"QR>";wrn;"<-p>";"call at [3|in letter instruction the god(s)]";?;"[3|in letter instruction the god(s)] taken as locative adjunct.";0;0;0;0;0;0;0;0;1;0;0;"[1|W ] [2|JQR> ] [3|B SPR TWRT H >LHJM ] [4|JWM B JWM ] [5|MN H JWM H R>CWN <D H JWM H >XRWN ]"
Nehemia;9;3;7;1;"QR>";wrn;"<-p>";"call at [3|in letter instruction YHWH god(s)~their:mm]";?;"[3|in letter instruction YHWH god(s)~their:mm] taken as locative adjunct.";0;0;0;0;0;0;0;0;1;0;0;"[1|W ] [2|JQR>W ] [3|B SPR TWRT JHWH >LHJHM ] [4|RB<JT H JWM ]"
Chronica_I;4;9;17;1;"QR>";;"<n.>";"call [4|name~his] (to be named) [5|Jabez]";!;"";0;1;1;0;0;1;0;0;0;0;0;"[1|W ] [2|>MW ] [3|QR>H ] [4|CMW ] [5|J<BY ]"
Chronica_I;4;10;18;1;"QR>";;"<-->";"shout; call; invoke";!;"";0;0;0;0;1;0;0;0;0;0;0;"[1|W ] [2|JQR> ] [3|J<BY ] [4|L >LHJ JFR>L ]"
Chronica_I;6;50;39;2;"QR>";;"<dp>";"call out [3|&~them:mm] before [4|in name]";!;"";1;0;0;0;0;0;0;0;1;0;0;"[1|>CR ] [2|JQR>W ] [3|>THM ] [4|B CMWT ]"
Chronica_I;7;16;33;1;"QR>";;"<n.>";"call [3|name~his] (to be named) [4|Peresh]";!;"";0;1;1;0;0;0;0;0;0;0;0;"[1|W ] [2|TQR> ] [3|CMW ] [4|PRC ]"
Chronica_I;7;23;48;1;"QR>";;"<n.>";"call [3|& name~his] (to be named) [4|Beriah]";!;"";0;1;1;0;0;0;0;0;0;0;0;"[1|W ] [2|JQR> ] [3|>T CMW ] [4|BRJ<H ]"
Chronica_I;11;7;22;1;"QR>";;"<di>";"summon [4|town David] for [3|to~him]";!;"";1;0;0;0;0;0;0;1;0;0;0;"[1|<L KN ] [2|QR>W ] [3|LW ] [4|<JR DWJD ]"
Chronica_I;13;11;24;1;"QR>";;"<l.>";"call [4|Perez Uzzah] (to be named) [3|the place the he]";!;"";0;1;0;0;1;0;0;0;0;0;0;"[1|W ] [2|JQR> ] [3|L  MQWM H HW> ] [4|PRY_<Z> ] [5|<D H JWM H ZH ]"
Chronica_I;14;11;24;1;"QR>";;"<n.>";"call [3|name the place the he] (to be named) [4|Baal Perazim]";!;"";0;1;1;0;0;0;0;0;0;0;0;"[1|<L KN ] [2|QR>W ] [3|CM H MQWM H HW> ] [4|B<L_PRYJM ]"
Chronica_I;15;11;22;1;"QR>";;"<-->";"shout; call; invoke";!;"";0;0;0;0;1;0;0;0;0;0;0;"[1|W ] [2|JQR> ] [3|DWJD ] [4|L YDWQ W L >BJTR H KHNJM W L  LWJM L >WRJ>L <FJH W JW>L CM<JH W >LJ>L W <MJNDB ]"
Chronica_I;16;8;15;1;"QR>";wrn;"<-p>";"call at [2|in name~his]";?;"[2|in name~his] taken as locative adjunct.";0;0;0;0;0;0;0;0;1;0;0;"[1|QR>W ] [2|B CMW ]"
Chronica_I;21;26;102;1;"QR>";;"<-i>";"call; summon [3|to YHWH]";!;"";0;0;0;0;0;0;0;1;0;0;0;"[1|W ] [2|JQR> ] [3|>L JHWH ]"
Chronica_I;22;6;13;1;"QR>";;"<-->";"shout; call; invoke";!;"";0;0;0;0;1;0;0;0;0;0;0;"[1|W ] [2|JQR> ] [3|L CLMH BNW ]"
Chronica_II;3;17;46;1;"QR>";;"<n.>";"call [3|name the right-hand] (to be named) [4|Jakin]";!;"";0;1;1;0;0;0;0;0;0;0;0;"[1|W ] [2|JQR> ] [3|CM H JMJNJ ] [4|JKJN ]"
Chronica_II;6;33;96;2;"QR>";;"<-i>";"call; summon [3|to~you:m]";!;"";0;0;0;0;0;0;0;1;0;0;0;"[1|>CR ] [2|JQR> ] [3|>LJK ] [4|H NKRJ ]"
Chronica_II;10;3;7;1;"QR>";;"<-i>";"call; summon [3|to~him]";!;"";0;0;0;0;0;0;0;1;0;0;0;"[1|W ] [2|JQR>W ] [3|LW ]"
Chronica_II;14;10;29;1;"QR>";;"<-i>";"call; summon [4|to YHWH god(s)~his]";!;"";0;0;0;0;0;0;0;1;0;0;0;"[1|W ] [2|JQR> ] [3|>S> ] [4|>L JHWH >LHJW ]"
Chronica_II;18;8;31;1;"QR>";;"<-i>";"call; summon [4|to official one]";!;"";0;0;0;0;0;0;0;1;0;0;0;"[1|W ] [2|JQR> ] [3|MLK JFR>L ] [4|>L SRJS >XD ]"
Chronica_II;18;12;46;3;"QR>";;"<-->";"shout; call; invoke";!;"";0;0;0;0;1;0;0;0;0;0;0;"[1|L QR> ] [2|L MJKJHW ]"
Chronica_II;20;3;11;1;"QR>";wrn;"<dc>";"call [3|fasting] (to be named) [4|upon whole Judah]";?;"[4|upon whole Judah] taken as extra direct object besides [3|fasting]";1;0;0;0;0;0;0;0;0;1;0;"[1|W ] [2|JQR> ] [3|YWM ] [4|<L KL JHWDH ]"
Chronica_II;20;26;89;1;"QR>";;"<n.>";"call [3|& name the place the he] (to be named) [4|valley blessing]";!;"";0;1;1;0;0;0;0;0;0;0;0;"[1|<L KN ] [2|QR>W ] [3|>T CM H MQWM H HW> ] [4|<MQ BRKH ] [5|<D H JWM ]"
Chronica_II;24;6;15;1;"QR>";;"<-->";"shout; call; invoke";!;"";0;0;0;0;1;0;0;0;0;0;0;"[1|W ] [2|JQR> ] [3|H MLK ] [4|L JHWJD< H R>C ]"
Chronica_II;32;18;54;1;"QR>";wrn;"<-p>";"call at [3|in sound great] [5|upon people Jerusalem]";?;"[3|in sound great] [5|upon people Jerusalem] taken as locative adjunct.";0;0;0;0;0;0;0;0;2;0;0;"[1|W ] [2|JQR>W ] [3|B QWL GDWL ] [4|JHWDJT ] [5|<L <M JRWCLM ]"
Chronica_II;34;18;45;1;"QR>";wrn;"<-p>";"call at [3|in~him]";?;"[3|in~him] taken as locative adjunct.";0;0;0;0;0;0;0;0;1;0;0;"[1|W ] [2|JQR> ] [3|BW ] [4|CPN ] [5|L PNJ H MLK ]"
Chronica_II;34;24;59;4;"QR>";;"<-->";"shout; call; invoke";!;"";0;0;0;0;0;0;0;0;0;0;0;"[1|>CR ] [2|QR>W ] [3|L PNJ MLK JHWDH ]"
Chronica_II;34;30;75;1;"QR>";;"<d->";"call; summon [4|& whole word letter the covenant] (content or addressee)";!;"";1;0;0;0;0;0;0;0;0;0;0;"[1|W ] [2|JQR> ] [3|B >ZNJHM ] [4|>T KL DBRJ SPR H BRJT ]"
