clause#;word#;passage;link;verb;stem;phr1#;phr1_txt;phr1_function;phr1_corr;phr2#;phr2_txt;phr2_function;phr2_corr;phr3#;phr3_txt;phr3_function;phr3_corr;phr4#;phr4_txt;phr4_function;phr4_corr;phr5#;phr5_txt;phr5_function;phr5_corr;phr6#;phr6_txt;phr6_function;phr6_corr;phr7#;phr7_txt;phr7_function;phr7_corr;phr8#;phr8_txt;phr8_function;phr8_corr;phr9#;phr9_txt;phr9_function;phr9_corr
426943;1877;Genesis 4:13;link;N#>00;qal;606250;MN#>00;Pred;;;;;;;;;;;;;;;;;;;;;;;;;;;;;;;;;
427190;3384;Genesis 7:17;link;J#>W ;qal;607044;W;Conj;;607045;J#>W ;Pred;;607046;>T&HTBH ;Objc;;;;;;;;;;;;;;;;;;;;;;;;;
427614;5953;Genesis 13:6;link;N#> ;qal;608400;W;Conj;;608401;L>&;Nega;;608402;N#> ;Pred;;608403;>TM ;Objc;;608404;H>RY ;Subj;;;;;;;;;;;;;;;;;
427630;6038;Genesis 13:10;link;J#>&;qal;608453;W;Conj;;608454;J#>&;Pred;;608455;LWV ;Subj;;608456;>T&<JNJW ;Objc;;;;;;;;;;;;;;;;;;;;;
427645;6124;Genesis 13:14;link;#> ;qal;608505;#> ;Pred;;608506;N> ;Intj;;608507;<JNJK ;Objc;;;;;;;;;;;;;;;;;;;;;;;;;
427965;7817;Genesis 18:2;link;J#> ;qal;609484;W;Conj;;609485;J#> ;Pred;;609486;<JNJW ;Objc;;;;;;;;;;;;;;;;;;;;;;;;;
428069;8216;Genesis 18:24;link;T#> ;qal;609771;W;Conj;;609772;L>&;Nega;;609773;T#> ;Pred;;609774;LMQWM ;Cmpl;Adju;609775;LM<N XM#JM HYDJQM ;Adju;;;;;;;;;;;;;;;;;
428079;8273;Genesis 18:26;link;N#>TJ ;qal;609804;W;Conj;;609805;N#>TJ ;Pred;;609806;LKL&HMQWM ;Cmpl;Adju;609807;B<BWRM00;Adju;;;;;;;;;;;;;;;;;;;;;
428231;8893;Genesis 19:21;link;N#>TJ ;qal;610237;HNH ;Intj;;610238;N#>TJ ;Pred;;610239;PNJK ;Objc;;610240;GM LDBR HZH ;Adju;;;;;;;;;;;;;;;;;;;;;
428435;9896;Genesis 21:16;link;T#> ;qal;610884;W;Conj;;610885;T#> ;Pred;;610886;>T&QLH ;Objc;;;;;;;;;;;;;;;;;;;;;;;;;
428446;9937;Genesis 21:18;link;#>J ;qal;610914;#>J ;Pred;;610915;>T&HN<R ;Objc;;;;;;;;;;;;;;;;;;;;;;;;;;;;;
428519;10312;Genesis 22:4;link;J#> ;qal;611149;W;Conj;;611150;J#> ;Pred;;611151;>BRHM ;Subj;;611152;>T&<JNJW ;Objc;;;;;;;;;;;;;;;;;;;;;
428563;10512;Genesis 22:13;link;J#> ;qal;611284;W;Conj;;611285;J#> ;Pred;;611286;>BRHM ;Subj;;611287;>T&<JNJW ;Objc;;;;;;;;;;;;;;;;;;;;;
428960;12336;Genesis 24:63;link;J#> ;qal;612416;W;Conj;;612417;J#> ;Pred;;612418;<JNJW ;Objc;;;;;;;;;;;;;;;;;;;;;;;;;
428963;12345;Genesis 24:64;link;T#> ;qal;612425;W;Conj;;612426;T#> ;Pred;;612427;RBQH ;Subj;;612428;>T&<JNJH ;Objc;;;;;;;;;;;;;;;;;;;;;
429241;13669;Genesis 27:3;link;#>&;qal;613279;#>&;Pred;;613280;N> ;Intj;;613281;KLJK TLJK WQ#TK ;Objc;;;;;;;;;;;;;;;;;;;;;;;;;
429423;14323;Genesis 27:38;link;J#> ;qal;613765;W;Conj;;613766;J#> ;Pred;;613767;<#W ;Subj;;613768;QLW ;Objc;;;;;;;;;;;;;;;;;;;;;
429555;14948;Genesis 29:1;link;J#> ;qal;614177;W;Conj;;614178;J#> ;Pred;;614179;J<QB ;Subj;;614180;RGLJW ;Objc;;;;;;;;;;;;;;;;;;;;;
429602;15164;Genesis 29:11;link;J#> ;qal;614315;W;Conj;;614316;J#> ;Pred;;614317;>T&QLW ;Objc;;;;;;;;;;;;;;;;;;;;;;;;;
429901;16535;Genesis 31:10;link;>#> ;qal;615275;W;Conj;;615276;>#> ;Pred;;615277;<JNJ ;Objc;;;;;;;;;;;;;;;;;;;;;;;;;
429910;16568;Genesis 31:12;link;#>&;qal;615299;#>&;Pred;;615300;N> ;Intj;;615301;<JNJK ;Objc;;;;;;;;;;;;;;;;;;;;;;;;;
429935;16675;Genesis 31:17;link;J#> ;qal;615374;W;Conj;;615375;J#> ;Pred;;615376;>T&BNJW W>T&N#JW ;Objc;;615377;<L&HGMLJM00;Cmpl;;;;;;;;;;;;;;;;;;;;;
430183;17864;Genesis 32:21;link;J#> ;qal;616112;>WLJ ;Modi;;616113;J#> ;Pred;;616114;PNJ00;Objc;;;;;;;;;;;;;;;;;;;;;;;;;
430231;18074;Genesis 33:1;link;J#> ;qal;616252;W;Conj;;616253;J#> ;Pred;;616254;J<QB ;Subj;;616255;<JNJW ;Objc;;;;;;;;;;;;;;;;;;;;;
430248;18155;Genesis 33:5;link;J#> ;qal;616302;W;Conj;;616303;J#> ;Pred;;616304;>T&<JNJW ;Objc;;;;;;;;;;;;;;;;;;;;;;;;;
430565;19668;Genesis 36:7;link;#>T ;qal;617259;L#>T ;Pred;;617260;>TM ;Objc;;;;;;;;;;;;;;;;;;;;;;;;;;;;;
430762;20621;Genesis 37:25;link;J#>W ;qal;617819;W;Conj;;617820;J#>W ;Pred;;617821;<JNJHM ;Objc;;;;;;;;;;;;;;;;;;;;;;;;;
430765;20634;Genesis 37:25;link;N#>JM ;qal;617829;W;Conj;;617830;GMLJHM ;Subj;;617831;N#>JM ;PreC;;617832;NK>T WYRJ WLV ;Objc;;;;;;;;;;;;;;;;;;;;;
430996;21561;Genesis 39:7;link;T#> ;qal;618503;W;Conj;;618504;T#> ;Pred;;618505;>#T&>DNJW ;Subj;;618506;>T&<JNJH ;Objc;;618507;>L&JWSP ;Cmpl;;;;;;;;;;;;;;;;;
431121;22133;Genesis 40:13;link;J#> ;qal;618874;B<WD #L#T JMJM ;Time;;618875;J#> ;Pred;;618876;PR<H ;Subj;;618877;>T&R>#K ;Objc;;;;;;;;;;;;;;;;;;;;;
431146;22261;Genesis 40:19;link;J#> ;qal;618952;B<WD #L#T JMJM ;Time;;618953;J#> ;Pred;;618954;PR<H ;Subj;;618955;>T&R>#K ;Objc;;618956;M<LJK ;Cmpl;;;;;;;;;;;;;;;;;
431152;22298;Genesis 40:20;link;J#> ;qal;618975;W;Conj;;618976;J#> ;Pred;;618977;>T&R># #R HM#QJM W>T&R># #R H>PJM ;Objc;;618978;BTWK <BDJW00;Cmpl;;;;;;;;;;;;;;;;;;;;;
431473;23872;Genesis 42:26;link;J#>W ;qal;619953;W;Conj;;619954;J#>W ;Pred;;619955;>T&#BRM ;Objc;;619956;<L&XMRJHM ;Cmpl;;;;;;;;;;;;;;;;;;;;;
431674;24702;Genesis 43:29;link;J#> ;qal;620544;W;Conj;;620545;J#> ;Pred;;620546;<JNJW ;Objc;;;;;;;;;;;;;;;;;;;;;;;;;
431701;24811;Genesis 43:34;link;J#> ;qal;620618;W;Conj;;620619;J#> ;Pred;;620620;M#>T M>T PNJW ;Objc;BoundErr;620621;>LHM ;Cmpl;;;;;;;;;;;;;;;;;;;;;
431710;24848;Genesis 44:1;link;#>T ;qal;620642;#>T ;Pred;;;;;;;;;;;;;;;;;;;;;;;;;;;;;;;;;
431942;25819;Genesis 45:19;link;N#>TM ;qal;621325;W;Conj;;621326;N#>TM ;Pred;;621327;>T&>BJKM ;Objc;;;;;;;;;;;;;;;;;;;;;;;;;
431953;25884;Genesis 45:23;link;N#>JM ;qal;621365;N#>JM ;PreC;;621366;MVWB MYRJM ;Cmpl;;;;;;;;;;;;;;;;;;;;;;;;;;;;;
431954;25891;Genesis 45:23;link;N#>T ;qal;621367;N#>T ;PreC;;621368;BR WLXM WMZWN L>BJW LDRK00;Objc;BoundErr;;;;;;;;;;;;;;;;;;;;;;;;;;;;
431971;25969;Genesis 45:27;link;#>T ;qal;621418;L#>T ;Pred;;621419;>TW ;Objc;;;;;;;;;;;;;;;;;;;;;;;;;;;;;
431997;26064;Genesis 46:5;link;J#>W ;qal;621488;W;Conj;;621489;J#>W ;Pred;;621490;BNJ&J#R>L ;Subj;;621491;>T&J<QB >BJHM W>T&VPM W>T&N#JHM ;Objc;;621492;B<GLWT ;Cmpl;Adju;;;;;;;;;;;;;;;;
431999;26083;Genesis 46:5;link;#>T ;qal;621496;L#>T ;Pred;;621497;>TW00;Objc;;;;;;;;;;;;;;;;;;;;;;;;;;;;;
432203;27267;Genesis 47:30;link;N#>TNJ ;qal;622136;W;Conj;;622137;N#>TNJ ;PreO;;622138;MMYRJM ;Cmpl;;;;;;;;;;;;;;;;;;;;;;;;;
432489;28480;Genesis 50:13;link;J#>W ;qal;622927;W;Conj;;622928;J#>W ;Pred;;622929;>TW ;Objc;;622930;BNJW ;Subj;;622931;>RYH KN<N ;Cmpl;;;;;;;;;;;;;;;;;
432507;28571;Genesis 50:17;link;#> ;qal;622984;>N> ;Intj;;622985;#> ;Pred;;622986;N> ;Intj;;622987;P#< >XJK WXV>TM ;Objc;;;;;;;;;;;;;;;;;;;;;
432510;28582;Genesis 50:17;link;#> ;qal;622993;#> ;Pred;;622994;N> ;Intj;;622995;LP#< <BDJ >LHJ >BJK ;Cmpl;;;;;;;;;;;;;;;;;;;;;;;;;
433134;31387;Exodus 6:8;link;N#>TJ ;qal;624814;>#R ;Rela;;624815;N#>TJ ;Pred;;624816;>T&JDJ ;Objc;;;;;;;;;;;;;;;;;;;;;;;;;
433639;34116;Exodus 10:13;link;N#> ;qal;626374;W;Conj;;626375;RWX HQDJM ;Subj;;626376;N#> ;Pred;;626377;>T&H>RBH00;Objc;;;;;;;;;;;;;;;;;;;;;
433655;34213;Exodus 10:17;link;#> ;qal;626426;#> ;Pred;;626427;N> ;Intj;;626428;XV>TJ ;Objc;;626429;>K HP<M ;Modi;Time;;;;;;;;;;;;;;;;;;;;
433661;34251;Exodus 10:19;link;J#> ;qal;626447;W;Conj;;626448;J#> ;Pred;;626449;>T&H>RBH ;Objc;;;;;;;;;;;;;;;;;;;;;;;;;
433876;35448;Exodus 12:34;link;J#> ;qal;627134;W;Conj;;627135;J#> ;Pred;;627136;H<M ;Subj;;627137;>T&BYQW ;Objc;;;;;;;;;;;;;;;;;;;;;
434041;36396;Exodus 14:10;link;J#>W ;qal;627670;W;Conj;;627671;J#>W ;Pred;;627672;BNJ&J#R>L ;Subj;;627673;>T&<JNJHM ;Objc;;;;;;;;;;;;;;;;;;;;;
434577;38950;Exodus 18:22;link;N#>W ;qal;629264;W;Conj;;629265;N#>W ;Pred;;629266;>TK00;Adju;;;;;;;;;;;;;;;;;;;;;;;;;
434606;39118;Exodus 19:4;link;>#> ;qal;629360;W;Conj;;629361;>#> ;Pred;;629362;>TKM ;Objc;;629363;<L&KNPJ N#RJM ;Cmpl;;;;;;;;;;;;;;;;;;;;;
434720;39683;Exodus 20:7;link;T#> ;qal;629707;L> ;Nega;;629708;T#> ;Pred;;629709;>T&#M&JHWH >LHJK ;Objc;;629710;L#W> ;Cmpl;Adju;;;;;;;;;;;;;;;;;;;;
434722;39697;Exodus 20:7;link;J#> ;qal;629715;>T >#R&;Rela;;629716;J#> ;Pred;;629717;>T&#MW ;Objc;;629718;L#W>00;Cmpl;Adju;;;;;;;;;;;;;;;;;;;;
435020;41056;Exodus 23:1;link;T#> ;qal;630641;L> ;Nega;;630642;T#> ;Pred;;630643;#M< #W> ;Objc;;;;;;;;;;;;;;;;;;;;;;;;;
435084;41368;Exodus 23:21;link;J#> ;qal;630845;KJ ;Conj;;630846;L> ;Nega;;630847;J#> ;Pred;;630848;LP#<KM ;Cmpl;;;;;;;;;;;;;;;;;;;;;
435222;42162;Exodus 25:14;link;#>T ;qal;631284;L#>T ;Pred;;631285;>T&H>RN ;Objc;;631286;BHM00;Cmpl;Adju;;;;;;;;;;;;;;;;;;;;;;;;
435258;42387;Exodus 25:27;link;#>T ;qal;631414;L#>T ;Pred;;631415;>T&H#LXN00;Objc;;;;;;;;;;;;;;;;;;;;;;;;;;;;;
435261;42403;Exodus 25:28;link;N#>&;nif;631424;W;Conj;;631425;N#>&;Pred;;631426;BM ;Adju;;631427;>T&H#LXN00;Objc;;;;;;;;;;;;;;;;;;;;;
435412;43457;Exodus 27:7;link;#>T ;qal;631912;B#>T ;Pred;;631913;>TW00;Objc;;;;;;;;;;;;;;;;;;;;;;;;;;;;;
435485;43940;Exodus 28:12;link;N#> ;qal;632124;W;Conj;;632125;N#> ;Pred;;632126;>HRN ;Subj;;632127;>T&#MWTM ;Objc;;632128;LPNJ JHWH ;Cmpl;;632129;<L&#TJ KTPJW ;Loca;Cmpl;632130;LZKRN00;Adju;;;;;;;;;
435521;44222;Exodus 28:29;link;N#> ;qal;632246;W;Conj;;632247;N#> ;Pred;;632248;>HRN ;Subj;;632249;>T&#MWT BNJ&J#R>L ;Objc;;632250;BX#N HM#PV ;Adju;BoundErr;632251;<L&LBW ;Cmpl;;632254;LZKRN ;Adju;;632255;LPNJ&JHWH ;Loca;BoundErr;632256;TMJD00;Time;BoundErr
435526;44269;Exodus 28:30;link;N#> ;qal;632266;W;Conj;;632267;N#> ;Pred;;632268;>HRN ;Subj;;632269;>T&M#PV BNJ&J#R>L ;Objc;;632270;<L&LBW ;Cmpl;;632271;LPNJ JHWH ;Loca;Cmpl;632272;TMJD00;Time;;;;;;;;;
435549;44401;Exodus 28:38;link;N#> ;qal;632340;W;Conj;;632341;N#> ;Pred;;632342;>HRN ;Subj;;632343;>T&<WN HQD#JM ;Objc;;;;;;;;;;;;;;;;;;;;;
435570;44522;Exodus 28:43;link;J#>W ;qal;632412;W;Conj;;632413;L>&;Nega;;632414;J#>W ;Pred;;632415;<WN ;Objc;;;;;;;;;;;;;;;;;;;;;
435728;45576;Exodus 30:4;link;#>T ;qal;632919;L#>T ;Pred;;632920;>TW ;Objc;;632921;BHMH00;Cmpl;Adju;;;;;;;;;;;;;;;;;;;;;;;;
435749;45700;Exodus 30:12;link;T#> ;qal;632988;KJ ;Conj;;632989;T#> ;Pred;;632990;>T&R># BNJ&J#R>L ;Objc;;632991;LPQDJHM ;Adju;;;;;;;;;;;;;;;;;;;;;
436056;47199;Exodus 32:32;link;T#> ;qal;633846;>M&;Conj;;633847;T#> ;Pred;;633848;XV>TM ;Objc;;;;;;;;;;;;;;;;;;;;;;;;;
436213;47908;Exodus 34:7;link;N#> ;qal;634304;N#> ;PreC;;634305;<WN WP#< WXV>H ;Objc;;;;;;;;;;;;;;;;;;;;;;;;;;;;;
436363;48826;Exodus 35:21;link;N#>W ;qal;634743;>#R&;Rela;;634744;N#>W ;PreO;;634745;LBW ;Subj;;;;;;;;;;;;;;;;;;;;;;;;;
436381;48959;Exodus 35:26;link;N#> ;qal;634796;>#R ;Rela;;634797;N#> ;Pred;;634798;LBN ;Subj;;634799;>TNH ;Objc;;634800;BXKMH ;Adju;;;;;;;;;;;;;;;;;
436412;49209;Exodus 36:2;link;N#>W ;qal;634884;>#R ;Rela;;634885;N#>W ;PreO;;634886;LBW ;Subj;;;;;;;;;;;;;;;;;;;;;;;;;
436525;50004;Exodus 37:5;link;#>T ;qal;635250;L#>T ;Pred;;635251;>T&H>RN00;Objc;;;;;;;;;;;;;;;;;;;;;;;;;;;;;
436550;50156;Exodus 37:14;link;#>T ;qal;635336;L#>T ;Pred;;635337;>T&H#LXN00;Objc;;;;;;;;;;;;;;;;;;;;;;;;;;;;;
436553;50172;Exodus 37:15;link;#>T ;qal;635346;L#>T ;Pred;;635347;>T&H#LXN00;Objc;;;;;;;;;;;;;;;;;;;;;;;;;;;;;
436591;50404;Exodus 37:27;link;#>T ;qal;635454;L#>T ;Pred;;635455;>TW ;Objc;;635456;BHM00;Cmpl;Adju;;;;;;;;;;;;;;;;;;;;;;;;
436612;50551;Exodus 38:7;link;#>T ;qal;635529;L#>T ;Pred;;635530;>TW ;Objc;;635531;BHM ;Cmpl;Adju;;;;;;;;;;;;;;;;;;;;;;;;
437165;54303;Leviticus 5:1;link;N#> ;qal;637301;W;Conj;;637302;N#> ;Pred;;637303;<WNW00;Objc;;;;;;;;;;;;;;;;;;;;;;;;;
437244;54700;Leviticus 5:17;link;N#> ;qal;637551;W;Conj;;637552;N#> ;Pred;;637553;<WNW00;Objc;;;;;;;;;;;;;;;;;;;;;;;;;
437436;55642;Leviticus 7:18;link;T#>00;qal;638087;W;Conj;;638088;HNP# ;Subj;;638092;<WNH ;Objc;;638093;T#>00;Pred;;;;;;;;;;;;;;;;;;;;;
437677;57303;Leviticus 9:22;link;J#> ;qal;638867;W;Conj;;638868;J#> ;Pred;;638869;>HRN ;Subj;;638870;>T&JDJW ;Objc;;638871;>L&H<M ;Cmpl;;;;;;;;;;;;;;;;;
437708;57460;Leviticus 10:4;link;#>W ;qal;638962;#>W ;Pred;;638963;>T&>XJKM ;Objc;;638964;M>T PNJ&HQD# ;Cmpl;;638965;>L&MXWY LMXNH00;Cmpl;;;;;;;;;;;;;;;;;;;;;
437710;57477;Leviticus 10:5;link;J#>M ;qal;638968;W;Conj;;638969;J#>M ;PreO;;638970;BKTNTM ;Adju;;638971;>L&MXWY LMXNH ;Cmpl;;;;;;;;;;;;;;;;;;;;;
437755;57769;Leviticus 10:17;link;#>T ;qal;639114;L#>T ;Pred;;639115;>T&<WN H<DH ;Objc;;;;;;;;;;;;;;;;;;;;;;;;;;;;;
437842;58244;Leviticus 11:25;link;N#> ;qal;639349;H;Rela;;639350;N#> ;PreC;;639351;MNBLTM ;Cmpl;;;;;;;;;;;;;;;;;;;;;;;;;
437858;58305;Leviticus 11:28;link;N#> ;qal;639395;H;Rela;;639396;N#> ;PreC;;639397;>T&NBLTM ;Objc;;;;;;;;;;;;;;;;;;;;;;;;;
437906;58538;Leviticus 11:40;link;N#> ;qal;639539;H;Rela;;639540;N#> ;PreC;;639541;>T&NBLTH ;Objc;;;;;;;;;;;;;;;;;;;;;;;;;
438432;61669;Leviticus 15:10;link;NW#> ;qal;641193;H;Rela;;641194;NW#> ;PreC;;641195;>WTM ;Objc;;;;;;;;;;;;;;;;;;;;;;;;;
438610;62698;Leviticus 16:22;link;N#> ;qal;641787;W;Conj;;641788;N#> ;Pred;;641789;H#<JR ;Subj;;641790;<LJW ;Cmpl;;641791;>T&KL&<WNTM ;Objc;;641792;>L&>RY GZRH ;Cmpl;;;;;;;;;;;;;
438727;63383;Leviticus 17:16;link;N#> ;qal;642153;W;Conj;;642154;N#> ;Pred;;642155;<WNW00;Objc;;;;;;;;;;;;;;;;;;;;;;;;;
438845;63909;Leviticus 19:8;link;J#> ;qal;642486;W;Conj;;642488;<WNW ;Objc;;642489;J#> ;Pred;;;;;;;;;;;;;;;;;;;;;;;;;
438872;64024;Leviticus 19:15;link;T#> ;qal;642569;L>&;Nega;;642570;T#> ;Pred;;642571;PNJ&DL ;Objc;;;;;;;;;;;;;;;;;;;;;;;;;
438880;64060;Leviticus 19:17;link;T#> ;qal;642595;W;Conj;;642596;L>&;Nega;;642597;T#> ;Pred;;642598;<LJW ;Cmpl;;642599;XV>00;Objc;;;;;;;;;;;;;;;;;
439024;64738;Leviticus 20:17;link;J#>00;qal;643035;<WNW ;Objc;;643036;J#>00;Pred;;;;;;;;;;;;;;;;;;;;;;;;;;;;;
439033;64779;Leviticus 20:19;link;J#>W00;qal;643062;<WNM ;Objc;;643063;J#>W00;Pred;;;;;;;;;;;;;;;;;;;;;;;;;;;;;
439037;64790;Leviticus 20:20;link;J#>W ;qal;643071;XV>M ;Objc;;643072;J#>W ;Pred;;;;;;;;;;;;;;;;;;;;;;;;;;;;;
439194;65518;Leviticus 22:9;link;J#>W ;qal;643521;W;Conj;;643522;L>&;Nega;;643523;J#>W ;Pred;;643524;<LJW ;Cmpl;;643525;XV> ;Objc;;;;;;;;;;;;;;;;;
439220;65635;Leviticus 22:16;link;H#J>W ;hif;643607;W;Conj;;643608;H#J>W ;Pred;;643609;>WTM ;Objc;;643610;<WN >#MH ;Objc;;;;;;;;;;;;;;;;;;;;;
439443;67028;Leviticus 24:15;link;N#> ;qal;644285;W;Conj;;644286;N#> ;Pred;;644287;XV>W00;Objc;;;;;;;;;;;;;;;;;;;;;;;;;
439954;69634;Numbers 1:2;link;#>W ;qal;645984;#>W ;Pred;;645985;>T&R># KL&<DT BNJ&J#R>L LM#PXTM LBJT >BTM BMSPR #MWT KL&ZKR LGLGLTM00;Objc;BoundErr;;;;;;;;;;;;;;;;;;;;;;;;;;;;
440030;70303;Numbers 1:49;link;T#> ;qal;646138;W;Conj;;646139;>T&R>#M ;Objc;;646140;L> ;Nega;;646141;T#> ;Pred;;646142;BTWK BNJ J#R>L00;Adju;Cmpl;;;;;;;;;;;;;;;;
440033;70328;Numbers 1:50;link;J#>W ;qal;646150;HMH ;Subj;;646151;J#>W ;Pred;;646152;>T&HM#KN W>T&KL&KLJW ;Objc;;;;;;;;;;;;;;;;;;;;;;;;;
440207;71559;Numbers 3:40;link;#> ;qal;646632;W;Conj;;646633;#> ;Pred;;646634;>T MSPR #MTM00;Objc;;;;;;;;;;;;;;;;;;;;;;;;;
440234;71775;Numbers 4:2;link;N#> ;qal;646719;N#> ;Pred;;646720;>T&R># BNJ QHT ;Objc;;646721;MTWK BNJ LWJ ;Cmpl;;646722;LM#PXTM LBJT >BTM00;Adju;;;;;;;;;;;;;;;;;;;;;
440275;72077;Numbers 4:15;link;#>T ;qal;646856;L#>T ;Pred;;;;;;;;;;;;;;;;;;;;;;;;;;;;;;;;;
440297;72197;Numbers 4:22;link;N#> ;qal;646911;N#> ;Pred;;646912;>T&R># BNJ GR#WN GM&HM ;Objc;;646913;LBJT >BTM LM#PXTM00;Adju;;;;;;;;;;;;;;;;;;;;;;;;;
440305;72244;Numbers 4:25;link;N#>W ;qal;646930;W;Conj;;646931;N#>W ;Pred;;646932;>T&JRJ<T HM#KN W>T&>HL MW<D MKSHW WMKSH HTX# W>T&MSK PTX >HL MW<D00;Objc;;;;;;;;;;;;;;;;;;;;;;;;;
440482;73387;Numbers 5:31;link;T#> ;qal;647495;W;Conj;;647496;H>#H HHW> ;Subj;;647497;T#> ;Pred;;647498;>T&<WNH00;Objc;;;;;;;;;;;;;;;;;;;;;
440566;73861;Numbers 6:26;link;J#> ;qal;647754;J#> ;Pred;;647755;JHWH ;Subj;;647756;PNJW ;Objc;;647757;>LJK ;Cmpl;;;;;;;;;;;;;;;;;;;;;
440598;74058;Numbers 7:9;link;J#>W00;qal;647849;BKTP ;Cmpl;Adju;647850;J#>W00;Pred;;;;;;;;;;;;;;;;;;;;;;;;;;;;;
440887;76019;Numbers 9:13;link;J#> ;qal;648638;XV>W ;Objc;;648639;J#> ;Pred;;648640;H>J# HHW>00;Subj;;;;;;;;;;;;;;;;;;;;;;;;;
440972;76520;Numbers 10:17;link;N#>J ;qal;648907;W;Conj;;648908;* NS<W ;Pred;;648909;* BNJ&GR#WN WBNJ MRRJ N#>J HM#KN00;Subj;;;;;;;;;;;;;;;;;;;;;;;;;
440977;76558;Numbers 10:21;link;N#>J ;qal;648923;W;Conj;;648924;* NS<W ;Pred;;648925;* HQHTJM N#>J HMQD# ;Subj;;;;;;;;;;;;;;;;;;;;;;;;;
441073;77024;Numbers 11:12;link;#>HW ;qal;649210;#>HW ;PreO;;649211;BXJQK ;Cmpl;Adju;649216;<L H>DMH ;Cmpl;;;;;;;;;;;;;;;;;;;;;;;;;
441074;77029;Numbers 11:12;link;J#> ;qal;649212;K>#R ;Conj;;649213;J#> ;Pred;;649214;H>MN ;Subj;;649215;>T&HJNQ ;Objc;;;;;;;;;;;;;;;;;;;;;
441083;77070;Numbers 11:14;link;#>T ;qal;649238;L#>T ;Pred;;649239;>T&KL&H<M HZH ;Objc;;;;;;;;;;;;;;;;;;;;;;;;;;;;;
441100;77147;Numbers 11:17;link;N#>W ;qal;649295;W;Conj;;649296;N#>W ;Pred;;649297;>TK ;Adju;;649298;BM#> H<M ;Cmpl;;;;;;;;;;;;;;;;;;;;;
441101;77155;Numbers 11:17;link;T#> ;qal;649299;W;Conj;;649300;L>&;Nega;;649301;T#> ;Pred;;649302;>TH ;Subj;;649303;LBDK00;Adju;;;;;;;;;;;;;;;;;
441314;78162;Numbers 13:23;link;J#>HW ;qal;649935;W;Conj;;649936;J#>HW ;PreO;;649937;BMWV ;Adju;;649938;B#NJM ;Adju;;;;;;;;;;;;;;;;;;;;;
441360;78408;Numbers 14:1;link;T#> ;qal;650074;W;Conj;;650075;T#> ;Pred;;650076;KL&H<DH ;Subj;;;;;;;;;;;;;;;;;;;;;;;;;
441430;78774;Numbers 14:18;link;N#> ;qal;650287;N#> ;PreC;;650288;<WN WP#< ;Objc;;;;;;;;;;;;;;;;;;;;;;;;;;;;;
441434;78806;Numbers 14:19;link;N#>TH ;qal;650300;W;Conj;;650301;K>#R ;Conj;;650302;N#>TH ;Pred;;650303;L<M HZH ;Cmpl;Adju;650304;MMYRJM W<D&HNH00;Cmpl;;;;;;;;;;;;;;;;;
441470;78998;Numbers 14:30;link;N#>TJ ;qal;650414;>#R ;Rela;;650415;N#>TJ ;Pred;;650416;>T&JDJ ;Objc;;;;;;;;;;;;;;;;;;;;;;;;;
441481;79051;Numbers 14:33;link;N#>W ;qal;650447;W;Conj;;650448;N#>W ;Pred;;650449;>T&ZNWTJKM ;Objc;;;;;;;;;;;;;;;;;;;;;;;;;
441483;79079;Numbers 14:34;link;T#>W ;qal;650453;BMSPR HJMJM >RB<JM JWM JWM L#NH JWM L#NH ;Adju;;650457;T#>W ;Pred;;650458;>T&<WNTJKM ;Objc;;650459;>RB<JM #NH ;Time;;;;;;;;;;;;;;;;;;;;;
441661;80119;Numbers 16:3;link;TTN#>W ;hit;651016;W;Conj;;651017;MDW< ;Ques;;651018;TTN#>W ;Pred;;651019;<L&QHL JHWH00;Cmpl;;;;;;;;;;;;;;;;;;;;;
441717;80343;Numbers 16:15;link;N#>TJ ;qal;651163;L> ;Nega;;651164;XMWR >XD ;Objc;;651165;MHM ;Cmpl;;651166;N#>TJ ;Pred;;;;;;;;;;;;;;;;;;;;;
441895;81306;Numbers 18:1;link;T#>W ;qal;651718;>TH WBNJK WBJT&>BJK >TK ;Subj;;651719;T#>W ;Pred;;651720;>T&<WN HMQD# ;Objc;;;;;;;;;;;;;;;;;;;;;;;;;
441896;81316;Numbers 18:1;link;T#>W ;qal;651721;W;Conj;;651722;>TH WBNJK >TK ;Subj;;651723;T#>W ;Pred;;651724;>T&<WN KHNTKM00;Objc;;;;;;;;;;;;;;;;;;;;;
441967;81789;Numbers 18:22;link;#>T ;qal;651949;L#>T ;Pred;;651950;XV> ;Objc;;;;;;;;;;;;;;;;;;;;;;;;;;;;;
441970;81804;Numbers 18:23;link;J#>W ;qal;651956;W;Conj;;651957;HM ;Subj;;651958;J#>W ;Pred;;651959;<WNM ;Objc;;;;;;;;;;;;;;;;;;;;;
441995;81981;Numbers 18:32;link;T#>W ;qal;652050;W;Conj;;652051;L>&;Nega;;652052;T#>W ;Pred;;652053;<LJW ;Cmpl;;652054;XV> ;Objc;;;;;;;;;;;;;;;;;
442564;84793;Numbers 23:7;link;J#> ;qal;653814;W;Conj;;653815;J#> ;Pred;;653816;M#LW ;Objc;;;;;;;;;;;;;;;;;;;;;;;;;
442615;84990;Numbers 23:18;link;J#> ;qal;653967;W;Conj;;653968;J#> ;Pred;;653969;M#LW ;Objc;;;;;;;;;;;;;;;;;;;;;;;;;
442645;85087;Numbers 23:24;link;JTN#> ;hit;654044;W;Conj;;654045;K>RJ ;Adju;;654046;JTN#> ;Pred;;;;;;;;;;;;;;;;;;;;;;;;;
442678;85230;Numbers 24:2;link;J#> ;qal;654146;W;Conj;;654147;J#> ;Pred;;654148;BL<M ;Subj;;654149;>T&<JNJW ;Objc;;;;;;;;;;;;;;;;;;;;;
442682;85247;Numbers 24:3;link;J#> ;qal;654159;W;Conj;;654160;J#> ;Pred;;654161;M#LW ;Objc;;;;;;;;;;;;;;;;;;;;;;;;;
442698;85310;Numbers 24:7;link;TN#> ;hit;654197;W;Conj;;654198;TN#> ;Pred;;654199;MLKTW00;Subj;;;;;;;;;;;;;;;;;;;;;;;;;
442736;85449;Numbers 24:15;link;J#> ;qal;654297;W;Conj;;654298;J#> ;Pred;;654299;M#LW ;Objc;;;;;;;;;;;;;;;;;;;;;;;;;
442757;85532;Numbers 24:20;link;J#> ;qal;654354;W;Conj;;654355;J#> ;Pred;;654356;M#LW ;Objc;;;;;;;;;;;;;;;;;;;;;;;;;
442762;85549;Numbers 24:21;link;J#> ;qal;654367;W;Conj;;654368;J#> ;Pred;;654369;M#LW ;Objc;;;;;;;;;;;;;;;;;;;;;;;;;
442769;85572;Numbers 24:23;link;J#> ;qal;654385;W;Conj;;654386;J#> ;Pred;;654387;M#LW ;Objc;;;;;;;;;;;;;;;;;;;;;;;;;
442834;85947;Numbers 26:2;link;#>W ;qal;654592;#>W ;Pred;;654593;>T&R># KL&<DT BNJ&J#R>L MBN <#RJM #NH WM<LH LBJT >BTM KL&;Objc;BoundErr;;;;;;;;;;;;;;;;;;;;;;;;;;;;
443263;88844;Numbers 30:16;link;N#> ;qal;655805;W;Conj;;655806;N#> ;Pred;;655807;>T&<WNH00;Objc;;;;;;;;;;;;;;;;;;;;;;;;;
443327;89360;Numbers 31:26;link;#> ;qal;656015;#> ;Pred;;656016;>T R># MLQWX H#BJ B>DM WBBHMH ;Objc;;656017;>TH W>L<ZR HKHN WR>#J >BWT H<DH00;Subj;;;;;;;;;;;;;;;;;;;;;;;;;
443369;89760;Numbers 31:49;link;N#>W ;qal;656156;<BDJK ;Subj;;656157;N#>W ;Pred;;656158;>T&R># >N#J HMLXMH ;Objc;;;;;;;;;;;;;;;;;;;;;;;;;
443907;93005;Deuteronomy 1:9;link;#>T ;qal;657883;#>T ;Pred;;657884;>TKM00;Objc;;;;;;;;;;;;;;;;;;;;;;;;;;;;;
443913;93037;Deuteronomy 1:12;link;>#> ;qal;657903;>JKH ;Ques;;657904;>#> ;Pred;;657905;LBDJ ;Adju;;657906;VRXKM WM#>KM WRJBKM00;Objc;;;;;;;;;;;;;;;;;;;;;
443997;93426;Deuteronomy 1:31;link;N#>K ;qal;658139;>#R ;Rela;;658140;N#>K ;PreO;;658141;JHWH >LHJK ;Subj;;658146;BKL&HDRK ;Loca;Cmpl;;;;;;;;;;;;;;;;;;;;
443998;93431;Deuteronomy 1:31;link;J#>&;qal;658142;K>#R ;Conj;;658143;J#>&;Pred;;658144;>J# ;Subj;;658145;>T&BNW ;Objc;;;;;;;;;;;;;;;;;;;;;
444302;95094;Deuteronomy 3:27;link;#> ;qal;659038;W;Conj;;659039;#> ;Pred;;659040;<JNJK ;Objc;;659041;JMH WYPNH WTJMNH WMZRXH ;Cmpl;;;;;;;;;;;;;;;;;;;;;
444395;95560;Deuteronomy 4:19;link;T#> ;qal;659313;W;Conj;;659314;PN&;Conj;;659315;T#> ;Pred;;659316;<JNJK ;Objc;;659317;H#MJMH ;Cmpl;;;;;;;;;;;;;;;;;
444545;96489;Deuteronomy 5:11;link;T#> ;qal;659783;L> ;Nega;;659784;T#> ;Pred;;659785;>T&#M&JHWH >LHJK ;Objc;;659786;L#W> ;Cmpl;Adju;;;;;;;;;;;;;;;;;;;;
444547;96503;Deuteronomy 5:11;link;J#> ;qal;659791;>T >#R&;Rela;;659792;J#> ;Pred;;659793;>T&#MW ;Objc;;659794;L#W>00;Cmpl;Adju;;;;;;;;;;;;;;;;;;;;
445092;99277;Deuteronomy 10:8;link;#>T ;qal;661396;L#>T ;Pred;;661397;>T&>RWN BRJT&JHWH ;Objc;;;;;;;;;;;;;;;;;;;;;;;;;;;;;
445132;99500;Deuteronomy 10:17;link;J#> ;qal;661505;>#R ;Rela;;661506;L>&;Nega;;661507;J#> ;Pred;;661508;PNJM ;Objc;;;;;;;;;;;;;;;;;;;;;
445369;100863;Deuteronomy 12:26;link;T#> ;qal;662243;RQ QD#JK WNDRJK ;Objc;;662247;T#> ;Pred;;;;;;;;;;;;;;;;;;;;;;;;;;;;;
445557;101831;Deuteronomy 14:24;link;#>TW ;qal;662782;#>TW ;PreO;;;;;;;;;;;;;;;;;;;;;;;;;;;;;;;;;
446491;106641;Deuteronomy 24:15;link;N#> ;qal;665716;W;Conj;;665717;>LJW ;Cmpl;;665718;HW> ;Subj;;665719;N#> ;PreC;;665720;>T&NP#W ;Objc;;;;;;;;;;;;;;;;;
446951;108994;Deuteronomy 28:49;link;J#> ;qal;667062;J#> ;Pred;;667063;JHWH ;Subj;;667064;<LJK ;Cmpl;;667065;GWJ GWJ ;Objc;;667066;MRXWQ MQYH H>RY ;Adju;Cmpl;;;;;;;;;;;;;;;;
446955;109019;Deuteronomy 28:50;link;J#> ;qal;667075;>#R ;Rela;;667076;L>&;Nega;;667077;J#> ;Pred;;667078;PNJM ;Objc;;667079;LZQN ;Cmpl;Adju;;;;;;;;;;;;;;;;
447280;110854;Deuteronomy 31:9;link;N#>JM ;qal;668069;H;Rela;;668070;N#>JM ;PreC;;668071;>T&>RWN BRJT JHWH ;Objc;;;;;;;;;;;;;;;;;;;;;;;;;
447367;111300;Deuteronomy 31:25;link;N#>J ;qal;668325;W;Conj;;668326;* JYW ;Pred;;668327;M#H ;Subj;;668328;* >T&HLWJM N#>J >RWN BRJT&JHWH ;Objc;;;;;;;;;;;;;;;;;;;;;
447434;111580;Deuteronomy 32:11;link;J#>HW ;qal;668491;J#>HW ;PreO;;668492;<L&>BRTW00;Cmpl;;;;;;;;;;;;;;;;;;;;;;;;;;;;;
447544;111950;Deuteronomy 32:40;link;>#> ;qal;668768;KJ&;Conj;;668769;>#> ;Pred;;668770;>L&#MJM ;Cmpl;;668771;JDJ ;Objc;;;;;;;;;;;;;;;;;;;;;
447601;112269;Deuteronomy 33:3;link;J#> ;qal;668956;J#> ;Pred;;668957;MDBRTJK00;Cmpl;;;;;;;;;;;;;;;;;;;;;;;;;;;;;
447963;113990;Joshua 3:3;link;N#>JM ;qal;669991;N#>JM ;PreC;;669992;>TW ;Objc;;;;;;;;;;;;;;;;;;;;;;;;;;;;;
447976;114055;Joshua 3:6;link;#>W ;qal;670035;#>W ;Pred;;670036;>T&>RWN HBRJT ;Objc;;;;;;;;;;;;;;;;;;;;;;;;;;;;;
447978;114067;Joshua 3:6;link;J#>W ;qal;670040;W;Conj;;670041;J#>W ;Pred;;670042;>T&>RWN HBRJT ;Objc;;;;;;;;;;;;;;;;;;;;;;;;;
447986;114109;Joshua 3:8;link;N#>J ;qal;670062;W;Conj;;670063;>TH ;Subj;;670064;* TYWH ;Pred;;670065;* >T&HKHNJM N#>J >RWN&HBRJT ;Objc;;;;;;;;;;;;;;;;;;;;;
448002;114220;Joshua 3:13;link;N#>J ;qal;670108;KNWX ;Pred;;670109;* KPWT RGLJ HKHNJM N#>J >RWN JHWH >DWN KL&H>RY ;Subj;;670110;BMJ HJRDN ;Cmpl;;;;;;;;;;;;;;;;;;;;;;;;;
448010;114262;Joshua 3:14;link;N#>J ;qal;670127;W;Conj;;670128;* HKHNJM N#>J H>RWN HBRJT ;Subj;;670129;LPNJ H<M00;PreC;;;;;;;;;;;;;;;;;;;;;;;;;
448011;114274;Joshua 3:15;link;N#>J ;qal;670130;W;Conj;;670131;* KBW> ;Pred;;670132;* N#>J H>RWN ;Subj;;670133;<D&HJRDN ;Cmpl;;;;;;;;;;;;;;;;;;;;;
448012;114284;Joshua 3:15;link;N#>J ;qal;670134;W;Conj;;670135;* RGLJ HKHNJM N#>J H>RWN ;Subj;;670136;* NVBLW ;Pred;;670137;BQYH HMJM ;Cmpl;;;;;;;;;;;;;;;;;;;;;
448022;114346;Joshua 3:17;link;N#>J ;qal;670165;W;Conj;;670166;* J<MDW ;Pred;;670167;* HKHNJM N#>J H>RWN BRJT&JHWH ;Subj;;670168;BXRBH BTWK HJRDN ;Cmpl;;670169;HKN ;Modi;;;;;;;;;;;;;;;;;
448035;114416;Joshua 4:3;link;#>W&;qal;670201;#>W&;Pred;;670202;LKM ;Supp;Adju;670203;MZH MTWK HJRDN MMYB RGLJ HKHNJM ;Cmpl;;670205;#TJM&<#RH >BNJM ;Objc;;;;;;;;;;;;;;;;;;;;;
448057;114557;Joshua 4:8;link;J#>W ;qal;670275;W;Conj;;670276;J#>W ;Pred;;670277;#TJ&<#RH >BNJM ;Objc;;670278;MTWK HJRDN ;Cmpl;;670283;LMSPR #BVJ BNJ&J#R>L ;Adju;;;;;;;;;;;;;;;;;
448061;114600;Joshua 4:9;link;N#>J ;qal;670291;W;Conj;;670292;#TJM <#RH >BNJM ;Objc;;670293;* HQJM ;Pred;;670294;JHW#< ;Subj;;670295;* BTWK HJRDN TXT MYB RGLJ HKHNJM N#>J >RWN HBRJT ;Cmpl;;;;;;;;;;;;;;;;;
448063;114615;Joshua 4:10;link;N#>J ;qal;670300;W;Conj;;670301;* HKHNJM N#>J H>RWN ;Subj;;670302;* <MDJM ;PreC;;670303;BTWK HJRDN ;Cmpl;;;;;;;;;;;;;;;;;;;;;
448082;114745;Joshua 4:16;link;N#>J ;qal;670363;* YWH ;Pred;;670364;* >T&HKHNJM N#>J >RWN H<DWT ;Objc;;;;;;;;;;;;;;;;;;;;;;;;;;;;;
448088;114772;Joshua 4:18;link;N#>J ;qal;670377;* K<LWT ;Pred;;670378;* HKHNJM N#>J >RWN BRJT&JHWH ;Subj;;670379;MTWK HJRDN ;Cmpl;;;;;;;;;;;;;;;;;;;;;;;;;
448166;115264;Joshua 5:13;link;J#> ;qal;670628;W;Conj;;670629;J#> ;Pred;;670630;<JNJW ;Objc;;;;;;;;;;;;;;;;;;;;;;;;;
448198;115396;Joshua 6:4;link;J#>W ;qal;670724;W;Conj;;670725;#B<H KHNJM ;Subj;;670726;J#>W ;Pred;;670727;#B<H #WPRWT HJWBLJM ;Objc;;670728;LPNJ H>RWN ;Cmpl;;;;;;;;;;;;;;;;;
448210;115467;Joshua 6:6;link;#>W ;qal;670763;#>W ;Pred;;670764;>T&>RWN HBRJT ;Objc;;;;;;;;;;;;;;;;;;;;;;;;;;;;;
448211;115475;Joshua 6:6;link;J#>W ;qal;670765;W;Conj;;670766;#B<H KHNJM ;Subj;;670767;J#>W ;Pred;;670768;#B<H #WPRWT JWBLJM ;Objc;;670769;LPNJ >RWN JHWH00;Cmpl;;;;;;;;;;;;;;;;;
448219;115514;Joshua 6:8;link;N#>JM ;qal;670788;N#>JM ;PreC;;670789;#B<H #WPRWT HJWBLJM ;Objc;;670790;LPNJ JHWH ;Cmpl;;;;;;;;;;;;;;;;;;;;;;;;;
448240;115612;Joshua 6:12;link;J#>W ;qal;670849;W;Conj;;670850;J#>W ;Pred;;670851;HKHNJM ;Subj;;670852;>T&>RWN JHWH00;Objc;;;;;;;;;;;;;;;;;;;;;
448242;115622;Joshua 6:13;link;N#>JM ;qal;670855;N#>JM ;PreC;;670856;#B<H #WPRWT HJBLJM ;Objc;;670857;LPNJ >RWN JHWH ;Cmpl;;;;;;;;;;;;;;;;;;;;;;;;;
448594;117644;Joshua 8:33;link;N#>J ;qal;671954;W;Conj;;671955;KL&J#R>L WZQNJW W#VRJM W#PVJW ;Subj;;671956;* <MDJM ;PreC;;671957;* MZH WMZH L>RWN NGD HKHNJM HLWJM N#>J >RWN BRJT&JHWH ;Cmpl;BoundErr;671958;KGR K>ZRX ;Adju;;;;;;;;;;;;;;;;;
450008;127141;Joshua 24:19;link;J#> ;qal;676313;L>&;Nega;;676314;J#> ;Pred;;676315;LP#<KM WLXV>WTJKM00;Cmpl;;;;;;;;;;;;;;;;;;;;;;;;;
450202;128284;Judges 2:4;link;J#>W ;qal;676964;W;Conj;;676965;J#>W ;Pred;;676966;H<M ;Subj;;676967;>T&QWLM ;Objc;;;;;;;;;;;;;;;;;;;;;
450340;129074;Judges 3:18;link;N#>J ;qal;677414;W;Conj;;677415;* J#LX ;Pred;;677416;* >T&H<M N#>J HMNXH00;Objc;;;;;;;;;;;;;;;;;;;;;;;;;
451104;132737;Judges 8:28;link;#>T ;qal;679660;L#>T ;Pred;;679661;R>#M ;Objc;;;;;;;;;;;;;;;;;;;;;;;;;;;;;
451153;133014;Judges 9:7;link;J#> ;qal;679823;W;Conj;;679824;J#> ;Pred;;679825;QWLW ;Objc;;;;;;;;;;;;;;;;;;;;;;;;;
451337;133885;Judges 9:48;link;J#>H ;qal;680388;W;Conj;;680389;J#>H ;PreO;;;;;;;;;;;;;;;;;;;;;;;;;;;;;
451363;134022;Judges 9:54;link;N#> ;qal;680466;W;Conj;;680467;* JQR> ;Pred;;680468;MHRH ;Modi;;680469;* >L&HN<R N#> KLJW ;Cmpl;;;;;;;;;;;;;;;;;;;;;
452203;137966;Judges 16:31;link;J#>W ;qal;683062;W;Conj;;683063;J#>W ;Pred;;683064;>TW ;Objc;;;;;;;;;;;;;;;;;;;;;;;;;
452520;139478;Judges 19:17;link;J#> ;qal;684009;W;Conj;;684010;J#> ;Pred;;684011;<JNJW ;Objc;;;;;;;;;;;;;;;;;;;;;;;;;
452798;141016;Judges 21:2;link;J#>W ;qal;684861;W;Conj;;684862;J#>W ;Pred;;684863;QWLM ;Objc;;;;;;;;;;;;;;;;;;;;;;;;;
452888;141463;Judges 21:23;link;J#>W ;qal;685139;W;Conj;;685140;J#>W ;Pred;;685141;N#JM ;Objc;;685142;LMSPRM ;Adju;;685143;MN&HMXLLWT ;Cmpl;;;;;;;;;;;;;;;;;
453147;142656;1_Samuel 2:28;link;#>T ;qal;685927;L#>T ;Pred;;685928;>PWD ;Objc;;685929;LPNJ ;Adju;Cmpl;;;;;;;;;;;;;;;;;;;;;;;;
453315;143356;1_Samuel 4:4;link;J#>W ;qal;686414;W;Conj;;686415;J#>W ;Pred;;686416;M#M ;Cmpl;;686417;>T >RWN BRJT&JHWH YB>WT ;Objc;;;;;;;;;;;;;;;;;;;;;
453536;144430;1_Samuel 6:13;link;J#>W ;qal;687077;W;Conj;;687078;J#>W ;Pred;;687079;>T&<JNJHM ;Objc;;;;;;;;;;;;;;;;;;;;;;;;;
453917;146290;1_Samuel 10:3;link;N#> ;qal;688238;>XD ;Subj;;688239;N#> ;PreC;;688240;#L#H GDJJM ;Objc;;;;;;;;;;;;;;;;;;;;;;;;;
453918;146295;1_Samuel 10:3;link;N#> ;qal;688241;W;Conj;;688242;>XD ;Subj;;688243;N#> ;PreC;;688244;#L#T KKRWT LXM ;Objc;;;;;;;;;;;;;;;;;;;;;
453919;146301;1_Samuel 10:3;link;N#> ;qal;688245;W;Conj;;688246;>XD ;Subj;;688247;N#> ;PreC;;688248;NBL&JJN00;Objc;;;;;;;;;;;;;;;;;;;;;
454052;146913;1_Samuel 11:4;link;J#>W ;qal;688658;W;Conj;;688659;J#>W ;Pred;;688660;KL&H<M ;Subj;;688661;>T&QWLM ;Objc;;;;;;;;;;;;;;;;;;;;;
454329;148309;1_Samuel 14:1;link;N#> ;qal;689524;W;Conj;;689525;* J>MR ;Pred;;689526;JWNTN BN&#>WL ;Subj;;689527;* >L&HN<R N#> KLJW ;Cmpl;;;;;;;;;;;;;;;;;;;;;
454338;148363;1_Samuel 14:3;link;N#> ;qal;689549;W;Conj;;689550;>XJH BN&>XVWB >XJ >JKBWD BN&PJNXS BN&<LJ KHN JHWH B#LW ;Subj;;689551;N#> ;PreC;;689552;>PWD ;Objc;;;;;;;;;;;;;;;;;;;;;
454349;148434;1_Samuel 14:6;link;N#> ;qal;689583;W;Conj;;689584;* J>MR ;Pred;;689585;JHWNTN ;Subj;;689586;* >L&HN<R N#> KLJW ;Cmpl;;;;;;;;;;;;;;;;;;;;;
454355;148464;1_Samuel 14:7;link;N#> ;qal;689601;W;Conj;;689602;* J>MR ;Pred;;689603;LW ;Cmpl;;689604;* N#> KLJW ;Subj;;;;;;;;;;;;;;;;;;;;;
454377;148549;1_Samuel 14:12;link;N#> ;qal;689668;W;Conj;;689669;* J<NW ;Pred;;689670;>N#J HMYBH ;Subj;;689671;* >T&JWNTN W>T&N#> KLJW ;Objc;;;;;;;;;;;;;;;;;;;;;
454381;148563;1_Samuel 14:12;link;N#> ;qal;689680;W;Conj;;689681;* J>MR ;Pred;;689682;JWNTN ;Subj;;689683;* >L&N#> KLJW ;Cmpl;;;;;;;;;;;;;;;;;;;;;
454385;148582;1_Samuel 14:13;link;N#> ;qal;689694;W;Conj;;689695;* N#> KLJW ;Subj;;689696;>XRJW ;PreC;;;;;;;;;;;;;;;;;;;;;;;;;
454387;148591;1_Samuel 14:13;link;N#> ;qal;689700;W;Conj;;689701;* N#> KLJW ;Subj;;689702;* MMWTT ;PreC;;689703;>XRJW00;Cmpl;;;;;;;;;;;;;;;;;;;;;
454389;148605;1_Samuel 14:14;link;N#> ;qal;689707;>#R ;Rela;;689708;* HKH ;Pred;;689709;* JWNTN WN#> KLJW ;Subj;;;;;;;;;;;;;;;;;;;;;;;;;
454406;148688;1_Samuel 14:17;link;N#> ;qal;689751;>JN ;NCop;;689752;* JWNTN WN#> KLJW00;Subj;;;;;;;;;;;;;;;;;;;;;;;;;;;;;
454694;150063;1_Samuel 15:25;link;#> ;qal;690610;#> ;Pred;;690611;N> ;Intj;;690612;>T&XV>TJ ;Objc;;;;;;;;;;;;;;;;;;;;;;;;;
454853;150722;1_Samuel 16:21;link;N#> ;qal;691071;W;Conj;;691072;* JHJ&;Pred;;691073;LW ;PreC;;691074;* N#> KLJM00;Subj;;;;;;;;;;;;;;;;;;;;;
454887;150893;1_Samuel 17:7;link;N#> ;qal;691176;W;Conj;;691177;* N#> HYNH ;Subj;;691178;* HLK ;PreC;;691179;LPNJW00;Cmpl;;;;;;;;;;;;;;;;;;;;;
454942;151167;1_Samuel 17:20;link;J#> ;qal;691345;W;Conj;;691346;J#> ;Pred;;;;;;;;;;;;;;;;;;;;;;;;;;;;;
455020;151536;1_Samuel 17:34;link;N#> ;qal;691571;W;Conj;;691572;N#> ;Pred;;691573;#H ;Objc;;691574;MH<DR00;Cmpl;;;;;;;;;;;;;;;;;;;;;
455060;151718;1_Samuel 17:41;link;N#> ;qal;691691;N#> ;PreC;;691692;HYNH ;Objc;;;;;;;;;;;;;;;;;;;;;;;;;;;;;
455802;155210;1_Samuel 22:18;link;N#> ;qal;693981;N#> ;PreC;;693982;>PWD BD00;Objc;;;;;;;;;;;;;;;;;;;;;;;;;;;;;
456053;156354;1_Samuel 24:17;link;J#> ;qal;694727;W;Conj;;694728;J#> ;Pred;;694729;#>WL ;Subj;;694730;QLW ;Objc;;;;;;;;;;;;;;;;;;;;;
456226;157120;1_Samuel 25:28;link;#> ;qal;695248;#> ;Pred;;695249;N> ;Intj;;695250;LP#< >MTK ;Cmpl;;;;;;;;;;;;;;;;;;;;;;;;;
456270;157319;1_Samuel 25:35;link;>#> ;qal;695379;W;Conj;;695380;>#> ;Pred;;695381;PNJK00;Objc;;;;;;;;;;;;;;;;;;;;;;;;;
456723;159501;1_Samuel 30:4;link;J#> ;qal;696808;W;Conj;;696809;J#> ;Pred;;696810;DWD WH<M ;Subj;;696813;>T&QWLM ;Objc;;;;;;;;;;;;;;;;;;;;;
456863;160231;1_Samuel 31:4;link;N#> ;qal;697230;W;Conj;;697231;* J>MR ;Pred;;697232;#>WL ;Subj;;697233;* LN#> KLJW ;Cmpl;;;;;;;;;;;;;;;;;;;;;
456869;160252;1_Samuel 31:4;link;N#> ;qal;697247;W;Conj;;697248;L> ;Nega;;697249;* >BH ;Pred;;697250;* N#> KLJW ;Subj;;;;;;;;;;;;;;;;;;;;;
456873;160268;1_Samuel 31:5;link;N#>&;qal;697261;W;Conj;;697262;* JR> ;Pred;;697263;* N#>&KLJW ;Subj;;;;;;;;;;;;;;;;;;;;;;;;;
456877;160289;1_Samuel 31:6;link;N#> ;qal;697274;W;Conj;;697275;* JMT ;Pred;;697276;* #>WL W#L#T BNJW WN#> KLJW GM KL&>N#JW ;Subj;;697277;BJWM HHW> ;Time;;697278;JXDW00;Modi;;;;;;;;;;;;;;;;;
457114;161420;2_Samuel 2:22;link;>#> ;qal;697967;W;Conj;;697968;>JK ;Ques;;697969;>#> ;Pred;;697970;PNJ ;Objc;;697971;>L&JW>B >XJK00;Cmpl;;;;;;;;;;;;;;;;;
457160;161651;2_Samuel 2:32;link;J#>W ;qal;698113;W;Conj;;698114;J#>W ;Pred;;698115;>T&<#H>L ;Objc;;;;;;;;;;;;;;;;;;;;;;;;;
457304;162405;2_Samuel 3:32;link;J#> ;qal;698561;W;Conj;;698562;J#> ;Pred;;698563;HMLK ;Subj;;698564;>T&QWLW ;Objc;;;;;;;;;;;;;;;;;;;;;
457352;162668;2_Samuel 4:4;link;T#>HW ;qal;698713;W;Conj;;698714;T#>HW ;PreO;;698715;>MNTW ;Subj;;;;;;;;;;;;;;;;;;;;;;;;;
457446;163178;2_Samuel 5:12;link;N#> ;piel;699006;W;Conj;;699007;KJ ;Conj;;699008;N#> ;Pred;;699009;MMLKTW ;Objc;;699010;B<BWR <MW J#R>L00;Adju;;;;;;;;;;;;;;;;;
457476;163333;2_Samuel 5:21;link;J#>M ;qal;699104;W;Conj;;699105;J#>M ;PreO;;699106;DWD W>N#JW00;Subj;;;;;;;;;;;;;;;;;;;;;;;;;
457502;163459;2_Samuel 6:3;link;J#>HW ;qal;699182;W;Conj;;699183;J#>HW ;PreO;;699184;MBJT >BJNDB ;Cmpl;;;;;;;;;;;;;;;;;;;;;;;;;
457505;163479;2_Samuel 6:4;link;J#>HW ;qal;699191;W;Conj;;699192;J#>HW ;PreO;;699193;MBJT >BJNDB ;Cmpl;;699196;<M >RWN H>LHJM ;Adju;;;;;;;;;;;;;;;;;;;;;
457534;163690;2_Samuel 6:13;link;N#>J ;qal;699298;KJ ;Conj;;699299;* Y<DW ;Pred;;699300;* N#>J >RWN&JHWH ;Subj;;699301;##H Y<DJM ;Objc;;;;;;;;;;;;;;;;;;;;;
457716;164631;2_Samuel 8:2;link;N#>J ;qal;699853;W;Conj;;699854;* THJ ;Pred;;699855;MW>B ;Subj;;699856;LDWD ;Cmpl;;699857;* L<BDJM N#>J MNXH00;PreC;;;;;;;;;;;;;;;;;
457727;164710;2_Samuel 8:6;link;NW#>J ;qal;699894;W;Conj;;699895;* THJ ;Pred;;699896;>RM ;Subj;;699897;LDWD ;Cmpl;;699898;* L<BDJM NW#>J MNXH ;PreC;;;;;;;;;;;;;;;;;
458405;167897;2_Samuel 13:34;link;J#> ;qal;701976;W;Conj;;701977;J#> ;Pred;;701978;HN<R ;Subj;;701981;>T&<JNJW ;Objc;;;;;;;;;;;;;;;;;;;;;
458417;167947;2_Samuel 13:36;link;J#>W ;qal;702007;W;Conj;;702008;J#>W ;Pred;;702009;QWLM ;Objc;;;;;;;;;;;;;;;;;;;;;;;;;
458501;168326;2_Samuel 14:14;link;J#> ;qal;702258;W;Conj;;702259;L>&;Nega;;702260;J#> ;Pred;;702261;>LHJM ;Subj;;702262;NP# ;Objc;;;;;;;;;;;;;;;;;
458736;169429;2_Samuel 15:24;link;N#>JM ;qal;702959;N#>JM ;PreC;;702960;>T&>RWN BRJT H>LHJM ;Objc;;;;;;;;;;;;;;;;;;;;;;;;;;;;;
458978;170577;2_Samuel 17:13;link;H#J>W ;hif;703667;W;Conj;;703668;H#J>W ;Pred;;703669;KL&J#R>L ;Subj;;703670;>L&H<JR HHJ> ;Cmpl;;703671;XBLJM ;Objc;;;;;;;;;;;;;;;;;
459134;171445;2_Samuel 18:15;link;N#>J ;qal;704164;W;Conj;;704165;* JSBW ;Pred;;704166;* <#RH N<RJM N#>J KLJ JW>B ;Subj;;;;;;;;;;;;;;;;;;;;;;;;;
459185;171684;2_Samuel 18:24;link;J#> ;qal;704322;W;Conj;;704323;J#> ;Pred;;704324;>T&<JNJW ;Objc;;;;;;;;;;;;;;;;;;;;;;;;;
459213;171802;2_Samuel 18:28;link;N#>W ;qal;704401;>#R&;Rela;;704402;N#>W ;Pred;;704403;>T&JDM ;Objc;;704404;B>DNJ HMLK00;Cmpl;;;;;;;;;;;;;;;;;;;;;
459454;173026;2_Samuel 19:43;link;N#>T ;nif;705147;>M&;Conj;;705148;N#>T ;Modi;;705149;N#> ;Pred;;705150;LNW00;Cmpl;;;;;;;;;;;;;;;;;;;;;
459579;173579;2_Samuel 20:21;link;N#> ;qal;705506;KJ ;Conj;;705507;>J# MHR >PRJM ;Subj;;705510;N#> ;Pred;;705511;JDW ;Objc;;705512;BMLK BDWD ;Cmpl;;;;;;;;;;;;;;;;;
459898;175109;2_Samuel 23:16;link;J#>W ;qal;706426;W;Conj;;706427;J#>W ;Pred;;;;;;;;;;;;;;;;;;;;;;;;;;;;;
459962;175390;2_Samuel 23:37;link;N#> ;qal;706558;* NXRJ HB>RTJ N#> KLJ JW>B BN&YRJH00;Subj;;;;;;;;;;;;;;;;;;;;;;;;;;;;;;;;;
460107;176158;1_Kings 1:5;link;MTN#> ;hit;707009;W;Conj;;707010;>DNJH BN&XGJT ;Subj;;707011;MTN#> ;PreC;;;;;;;;;;;;;;;;;;;;;;;;;
460446;177862;1_Kings 2:26;link;N#>T ;qal;708023;KJ&;Conj;;708024;N#>T ;Pred;;708025;>T&>RWN >DNJ JHWH ;Objc;;708026;LPNJ DWD >BJ ;Adju;Cmpl;;;;;;;;;;;;;;;;;;;;
460825;179860;1_Kings 5:23;link;T#> ;qal;709142;W;Conj;;709143;>TH ;Subj;;709144;T#> ;Pred;;;;;;;;;;;;;;;;;;;;;;;;;
460845;179975;1_Kings 5:29;link;N#> ;qal;709213;N#> ;PreC;;709214;SBL ;Objc;;;;;;;;;;;;;;;;;;;;;;;;;;;;;
461149;182110;1_Kings 8:3;link;J#>W ;qal;710116;W;Conj;;710117;J#>W ;Pred;;710118;HKHNJM ;Subj;;710119;>T&H>RWN00;Objc;;;;;;;;;;;;;;;;;;;;;
461480;183931;1_Kings 9:11;link;N#> ;piel;711103;XJRM MLK&YR ;Subj;;711104;N#> ;Pred;;711105;>T&#LMH ;Objc;;711106;B<YJ >RZJM WB<YJ BRW#JM WBZHB ;Cmpl;Adju;711107;LKL&XPYW ;Adju;;;;;;;;;;;;;;;;;
461541;184356;1_Kings 10:2;link;N#>JM ;qal;711294;GMLJM ;Subj;;711295;N#>JM ;PreC;;711296;B#MJM WZHB RB&M>D W>BN JQRH ;Objc;;;;;;;;;;;;;;;;;;;;;;;;;
461576;184562;1_Kings 10:11;link;N#> ;qal;711407;>#R&;Rela;;711408;N#> ;Pred;;711409;ZHB ;Objc;;711410;M>WPJR ;Cmpl;;;;;;;;;;;;;;;;;;;;;
461607;184833;1_Kings 10:22;link;N#>T ;qal;711519;N#>T ;PreC;;711520;ZHB WKSP #NHBJM WQPJM WTKJJM00;Objc;;;;;;;;;;;;;;;;;;;;;;;;;;;;;
462126;187479;1_Kings 13:29;link;J#> ;qal;713134;W;Conj;;713135;J#> ;Pred;;713136;HNBJ> ;Subj;;713137;>T&NBLT >J#&H>LHJM ;Objc;;;;;;;;;;;;;;;;;;;;;
462290;188286;1_Kings 14:28;link;J#>WM ;qal;713615;J#>WM ;PreO;;713616;HRYJM ;Subj;;;;;;;;;;;;;;;;;;;;;;;;;;;;;
462364;188774;1_Kings 15:22;link;J#>W ;qal;713861;W;Conj;;713862;J#>W ;Pred;;713863;>T&>BNJ HRMH W>T&<YJH ;Objc;;;;;;;;;;;;;;;;;;;;;;;;;
462710;190544;1_Kings 18:12;link;J#>K ;qal;714875;W;Conj;;714876;RWX JHWH ;Subj;;714877;J#>K ;PreO;;;;;;;;;;;;;;;;;;;;;;;;;
463906;195630;2_Kings 2:16;link;N#>W ;qal;718243;PN&;Conj;;718244;N#>W ;PreO;;718245;RWX JHWH ;Subj;;;;;;;;;;;;;;;;;;;;;;;;;
464014;196140;2_Kings 3:14;link;N#> ;qal;718555;KJ LWLJ ;Conj;;718556;PNJ JHW#PV MLK&JHWDH ;Objc;;718557;>NJ ;Subj;;718558;N#> ;PreC;;;;;;;;;;;;;;;;;;;;;
464183;196856;2_Kings 4:19;link;#>HW ;qal;719038;#>HW ;PreO;;719039;>L&>MW00;Cmpl;;;;;;;;;;;;;;;;;;;;;;;;;;;;;
464184;196860;2_Kings 4:20;link;J#>HW ;qal;719040;W;Conj;;719041;J#>HW ;PreO;;;;;;;;;;;;;;;;;;;;;;;;;;;;;
464286;197238;2_Kings 4:36;link;#>J ;qal;719320;#>J ;Pred;;719321;BNK00;Objc;;;;;;;;;;;;;;;;;;;;;;;;;;;;;
464290;197250;2_Kings 4:37;link;T#> ;qal;719330;W;Conj;;719331;T#> ;Pred;;719332;>T&BNH ;Objc;;;;;;;;;;;;;;;;;;;;;;;;;
464339;197453;2_Kings 5:1;link;N#> ;qal;719463;W;Conj;;719464;N#> ;PreC;;719465;PNJM ;Objc;;;;;;;;;;;;;;;;;;;;;;;;;
464480;198044;2_Kings 5:23;link;J#>W ;qal;719861;W;Conj;;719862;J#>W ;Pred;;719863;LPNJW00;Cmpl;;;;;;;;;;;;;;;;;;;;;;;;;
464750;199127;2_Kings 7:8;link;J#>W ;qal;720601;W;Conj;;720602;J#>W ;Pred;;720603;M#M ;Cmpl;;720604;KSP WZHB WBGDJM ;Objc;;;;;;;;;;;;;;;;;;;;;
464755;199147;2_Kings 7:8;link;J#>W ;qal;720614;W;Conj;;720615;J#>W ;Pred;;720616;M#M ;Cmpl;;;;;;;;;;;;;;;;;;;;;;;;;
465130;200824;2_Kings 9:25;link;#> ;qal;721662;#> ;Pred;;;;;;;;;;;;;;;;;;;;;;;;;;;;;;;;;
465134;200845;2_Kings 9:25;link;N#> ;qal;721670;W;Conj;;721671;JHWH ;Subj;;721672;N#> ;Pred;;721673;<LJW ;Cmpl;;721674;>T&HM#> HZH00;Objc;;;;;;;;;;;;;;;;;
465140;200877;2_Kings 9:26;link;#> ;qal;721688;#> ;Pred;;;;;;;;;;;;;;;;;;;;;;;;;;;;;;;;;
465164;200982;2_Kings 9:32;link;J#> ;qal;721758;W;Conj;;721759;J#> ;Pred;;721760;PNJW ;Objc;;721761;>L&HXLWN ;Cmpl;;;;;;;;;;;;;;;;;;;;;
465703;203838;2_Kings 14:10;link;N#>K ;qal;723371;W;Conj;;723372;N#>K ;PreO;;723373;LBK ;Subj;;;;;;;;;;;;;;;;;;;;;;;;;
465735;204048;2_Kings 14:20;link;J#>W ;qal;723480;W;Conj;;723481;J#>W ;Pred;;723482;>TW ;Objc;;723483;<L&HSWSJM ;Cmpl;;;;;;;;;;;;;;;;;;;;;
466181;206801;2_Kings 18:14;link;>#> ;qal;724920;>#> ;Pred;;;;;;;;;;;;;;;;;;;;;;;;;;;;;;;;;
466308;207497;2_Kings 19:4;link;N#>T ;qal;725302;W;Conj;;725303;N#>T ;Pred;;725304;TPLH ;Objc;;725305;B<D H#>RJT ;Cmpl;Adju;;;;;;;;;;;;;;;;;;;;
466391;207853;2_Kings 19:22;link;T#> ;qal;725524;W;Conj;;725525;T#> ;Pred;;725526;MRWM ;Cmpl;;725527;<JNJK ;Objc;;;;;;;;;;;;;;;;;;;;;
466541;208560;2_Kings 20:17;link;N#> ;nif;725959;W;Conj;;725960;N#> ;Pred;;725961;KL&;Subj;Objc;725969;BBLH ;Cmpl;;;;;;;;;;;;;;;;;;;;;
466773;209922;2_Kings 23:4;link;N#> ;qal;726661;W;Conj;;726662;N#> ;Pred;;726663;>T&<PRM ;Objc;;726664;BJT&>L00;Cmpl;;;;;;;;;;;;;;;;;;;;;
467018;211597;2_Kings 25:13;link;J#>W ;qal;727458;W;Conj;;727459;J#>W ;Pred;;727460;>T&NX#TM ;Objc;;727461;BBLH00;Cmpl;;;;;;;;;;;;;;;;;;;;;
467069;211994;2_Kings 25:27;link;N#> ;qal;727616;N#> ;Pred;;727617;>WJL MRDK MLK BBL ;Subj;;727619;>T&R># JHWJKJN MLK&JHWDH ;Objc;;727620;MBJT KL>00;Cmpl;;;;;;;;;;;;;;;;;;;;;
467135;212280;Isaiah 1:14;link;N#>00;qal;727786;N#>00;Pred;;;;;;;;;;;;;;;;;;;;;;;;;;;;;;;;;
467206;212544;Isaiah 2:2;link;N#> ;nif;727973;W;Conj;;727974;N#> ;PreC;;727975;MGB<WT ;Adju;Cmpl;;;;;;;;;;;;;;;;;;;;;;;;
467220;212607;Isaiah 2:4;link;J#> ;qal;728015;L>&;Nega;;728016;J#> ;Pred;;728017;GWJ ;Subj;;728018;>L&GWJ ;Cmpl;;728019;XRB ;Objc;;;;;;;;;;;;;;;;;
467238;212684;Isaiah 2:9;link;T#> ;qal;728073;W;Conj;;728074;>L&;Nega;;728075;T#> ;Pred;;728076;LHM00;Cmpl;;;;;;;;;;;;;;;;;;;;;
467245;212734;Isaiah 2:12;link;N#> ;nif;728097;W;Conj;;728098;* <L KL&N#> W#PL00;Cmpl;;;;;;;;;;;;;;;;;;;;;;;;;;;;;
467246;212747;Isaiah 2:13;link;N#>JM ;nif;728099;W;Conj;;728100;* <L KL&>RZJ HLBNWN HRMJM WHN#>JM ;Cmpl;;;;;;;;;;;;;;;;;;;;;;;;;;;;;
467249;212767;Isaiah 2:14;link;N#>WT00;nif;728105;W;Conj;;728106;* <L KL&HGB<WT HN#>WT00;Cmpl;;;;;;;;;;;;;;;;;;;;;;;;;;;;;
467274;212938;Isaiah 3:3;link;N#W> ;qal;728172;* #R&XM#JM WN#W> PNJM WJW<Y WXKM XR#JM WNBWN LX#00;Objc;;;;;;;;;;;;;;;;;;;;;;;;;;;;;;;;;
467286;212998;Isaiah 3:7;link;J#> ;qal;728207;J#> ;Pred;;728208;BJWM HHW> ;Time;;;;;;;;;;;;;;;;;;;;;;;;;;;;;
467481;213858;Isaiah 5:26;link;N#>&;qal;728744;W;Conj;;728745;N#>&;Pred;;728746;NS ;Objc;;728747;LGWJM MRXWQ ;Cmpl;BoundErr;;;;;;;;;;;;;;;;;;;;
467506;213975;Isaiah 6:1;link;N#> ;nif;728821;* J#B ;PreC;;728822;* <L&KS> RM WN#> ;Cmpl;;;;;;;;;;;;;;;;;;;;;;;;;;;;;
467672;214778;Isaiah 8:4;link;J#> ;qal;729285;KJ ;Conj;;729291;J#> ;Pred;;729292;>T&XJL DM#Q W>T #LL #MRWN ;Objc;;729293;LPNJ MLK >#WR00;Cmpl;;;;;;;;;;;;;;;;;;;;;
467797;215375;Isaiah 9:14;link;N#W>&;qal;729645;* ZQN WN#W>&PNJM ;Frnt;;;;;;;;;;;;;;;;;;;;;;;;;;;;;;;;;
467920;215932;Isaiah 10:24;link;J#>&;qal;730009;W;Conj;;730010;MVHW ;Objc;;730011;J#>&;Pred;;730012;<LJK ;Cmpl;;730013;BDRK MYRJM00;Adju;Cmpl;;;;;;;;;;;;;;;;
467926;215966;Isaiah 10:26;link;N#>W ;qal;730032;W;Conj;;730033;N#>W ;PreO;;730034;BDRK MYRJM00;Adju;Cmpl;;;;;;;;;;;;;;;;;;;;;;;;
467987;216292;Isaiah 11:12;link;N#> ;qal;730220;W;Conj;;730221;N#> ;Pred;;730222;NS ;Objc;;730223;LGWJM ;Adju;;;;;;;;;;;;;;;;;;;;;
468033;216492;Isaiah 13:2;link;#>W&;qal;730353;<L HR&N#PH ;Loca;Cmpl;730354;#>W&;Pred;;730355;NS ;Objc;;;;;;;;;;;;;;;;;;;;;;;;;
468116;216887;Isaiah 14:4;link;N#>T ;qal;730608;W;Conj;;730609;N#>T ;Pred;;730610;HM#L HZH <L&MLK BBL ;Objc;BoundErr;;;;;;;;;;;;;;;;;;;;;;;;
468254;217424;Isaiah 15:7;link;J#>WM00;qal;730964;<L NXL H<RBJM ;Adju;Cmpl;730965;J#>WM00;PreO;;;;;;;;;;;;;;;;;;;;;;;;;;;;;
468385;218007;Isaiah 18:3;link;N#>&;qal;731316;KN#>&;Pred;;731317;NS ;Objc;;731318;HRJM ;Loca;Cmpl;;;;;;;;;;;;;;;;;;;;;;;;
468618;219048;Isaiah 22:6;link;N#> ;qal;731921;W;Conj;;731922;<JLM ;Subj;;731923;N#> ;Pred;;731924;>#PH ;Objc;;731925;BRKB >DM PR#JM ;Adju;;;;;;;;;;;;;;;;;
468818;219862;Isaiah 24:14;link;J#>W ;qal;732426;HMH ;Subj;;732427;J#>W ;Pred;;732428;QWLM ;Objc;;;;;;;;;;;;;;;;;;;;;;;;;
469295;221884;Isaiah 30:6;link;J#>W ;qal;733707;B>RY YRH WYWQH ;Loca;Cmpl;733711;J#>W ;Pred;;733712;<L&KTP <JRJM ;Cmpl;;733713;XJLHM ;Objc;;;;;;;;;;;;;;;;;;;;;
469383;222260;Isaiah 30:25;link;N#>H ;nif;733935;W;Conj;;733936;*HJH ;Pred;;733937;*<L&KL&HR GBH W<L KL&GB<H N#>H ;Loca;;733938;PLGJM JBLJ&MJM ;Subj;;733939;BJWM HRG RB ;Time;;;;;;;;;;;;;;;;;
469576;223048;Isaiah 33:10;link;>N#>00;nif;734453;<TH ;Time;;734454;>N#>00;Pred;;;;;;;;;;;;;;;;;;;;;;;;;;;;;
469639;223243;Isaiah 33:24;link;N#> ;qal;734601;H<M ;Subj;;734605;*N#> <WN00;PreC;;;;;;;;;;;;;;;;;;;;;;;;;;;;;
469864;224335;Isaiah 37:4;link;N#>T ;qal;735261;W;Conj;;735262;N#>T ;Pred;;735263;TPLH ;Objc;;735264;B<D H#>RJT HNMY>H00;Adju;;;;;;;;;;;;;;;;;;;;;
469945;224688;Isaiah 37:23;link;T#> ;qal;735478;W;Conj;;735479;T#> ;Pred;;735480;MRWM ;Cmpl;;735481;<JNJK ;Objc;;;;;;;;;;;;;;;;;;;;;
470095;225345;Isaiah 38:21;link;J#>W ;qal;735899;J#>W ;Pred;;735900;DBLT T>NJM ;Objc;;;;;;;;;;;;;;;;;;;;;;;;;;;;;
470126;225506;Isaiah 39:6;link;N#> ;nif;735991;W;Conj;;735992;N#> ;Pred;;735993;KL&;Subj;;736001;BBL ;Cmpl;;;;;;;;;;;;;;;;;;;;;
470151;225605;Isaiah 40:4;link;JN#> ;nif;736062;KL&GJ> ;Subj;;736063;JN#> ;Pred;;;;;;;;;;;;;;;;;;;;;;;;;;;;;
470185;225728;Isaiah 40:11;link;J#> ;qal;736150;W;Conj;;736151;BXJQW ;Adju;;736152;J#> ;Pred;;;;;;;;;;;;;;;;;;;;;;;;;
470237;225941;Isaiah 40:24;link;T#>M00;qal;736304;W;Conj;;736305;S<RH ;Subj;;736306;KQ# ;Adju;;736307;T#>M00;PreO;;;;;;;;;;;;;;;;;;;;;
470241;225950;Isaiah 40:26;link;#>W&;qal;736315;#>W&;Pred;;736316;MRWM ;Cmpl;;736317;<JNJKM ;Objc;;;;;;;;;;;;;;;;;;;;;;;;;
470348;226282;Isaiah 41:16;link;T#>M ;qal;736569;W;Conj;;736570;RWX ;Subj;;736571;T#>M ;PreO;;;;;;;;;;;;;;;;;;;;;;;;;
470430;226534;Isaiah 42:2;link;J#> ;qal;736765;W;Conj;;736766;L> ;Nega;;736767;J#> ;Pred;;;;;;;;;;;;;;;;;;;;;;;;;
470467;226677;Isaiah 42:11;link;J#>W ;qal;736861;J#>W ;Pred;;736862;MDBR W<RJW XYRJM ;Subj;;;;;;;;;;;;;;;;;;;;;;;;;;;;;
470944;228215;Isaiah 45:20;link;N#>JM ;qal;738044;H;Rela;;738045;N#>JM ;PreC;;738046;>T&<Y PSLM ;Objc;;;;;;;;;;;;;;;;;;;;;;;;;
470986;228355;Isaiah 46:3;link;N#>JM ;qal;738148;H;Rela;;738149;N#>JM ;PreC;;738150;MNJ&RXM00;Time;Cmpl;;;;;;;;;;;;;;;;;;;;;;;;
470990;228372;Isaiah 46:4;link;>#> ;qal;738161;W;Conj;;738162;>NJ ;Subj;;738163;>#> ;Pred;;;;;;;;;;;;;;;;;;;;;;;;;
471003;228406;Isaiah 46:7;link;J#>HW ;qal;738193;J#>HW ;PreO;;;;;;;;;;;;;;;;;;;;;;;;;;;;;;;;;
471318;229423;Isaiah 49:18;link;#>J&;qal;738966;#>J&;Pred;;738967;SBJB ;Cmpl;;738968;<JNJK ;Objc;;;;;;;;;;;;;;;;;;;;;;;;;
471344;229510;Isaiah 49:22;link;>#> ;qal;739032;HNH ;Intj;;739033;>#> ;Pred;;739034;>L&GWJM ;Cmpl;;739035;JDJ ;Objc;;;;;;;;;;;;;;;;;;;;;
471347;229528;Isaiah 49:22;link;TN#>NH00;nif;739044;W;Conj;;739045;BNTJK ;Subj;;739046;<L&KTP ;Adju;Cmpl;739047;TN#>NH00;Pred;;;;;;;;;;;;;;;;;;;;;
471457;229921;Isaiah 51:6;link;#>W ;qal;739346;#>W ;Pred;;739347;L#MJM ;Cmpl;;739348;<JNJKM ;Objc;;;;;;;;;;;;;;;;;;;;;;;;;
471595;230410;Isaiah 52:8;link;N#>W ;qal;739683;QWL ;Intj;Objc;739684;YPJK ;Subj;;739685;N#>W ;Pred;;739686;*QWL ;Objc;BoundErr;;;;;;;;;;;;;;;;;;;;
471612;230464;Isaiah 52:11;link;N#>J ;qal;739723;* N#>J KLJ JHWH00;Voct;;;;;;;;;;;;;;;;;;;;;;;;;;;;;;;;;
471619;230491;Isaiah 52:13;link;N#> ;nif;739743;W;Conj;;739744;N#> ;Pred;;;;;;;;;;;;;;;;;;;;;;;;;;;;;
471645;230587;Isaiah 53:4;link;N#> ;qal;739816;>KN ;Intj;;739817;XLJNW ;Objc;;739818;HW> ;Subj;;739819;N#> ;Pred;;;;;;;;;;;;;;;;;;;;;
471688;230759;Isaiah 53:12;link;N#> ;qal;739940;W;Conj;;739941;HW> ;Subj;;739942;XV>&RBJM ;Objc;;739943;N#> ;Pred;;;;;;;;;;;;;;;;;;;;;
471927;231637;Isaiah 57:7;link;N#> ;nif;740551;*<L HR&GBH WN#> ;Loca;;740552;*#MT ;Pred;;740553;M#KBK ;Objc;;;;;;;;;;;;;;;;;;;;;;;;;
471959;231749;Isaiah 57:13;link;J#>&;qal;740636;W;Conj;;740637;>T&KLM ;Objc;;740638;J#>&;Pred;;740639;RWX ;Subj;;;;;;;;;;;;;;;;;;;;;
471969;231779;Isaiah 57:15;link;N#> ;nif;740660;KJ ;Conj;;740661;KH ;Modi;;740662;*>MR ;Pred;;740663;*RM WN#> ;Subj;;;;;;;;;;;;;;;;;;;;;
472194;232649;Isaiah 60:4;link;#>J&;qal;741291;#>J&;Pred;;741292;SBJB ;Cmpl;;741293;<JNJK ;Objc;;;;;;;;;;;;;;;;;;;;;;;;;
472208;232699;Isaiah 60:6;link;J#>W ;qal;741328;ZHB WLBWNH ;Objc;;741329;J#>W ;Pred;;;;;;;;;;;;;;;;;;;;;;;;;;;;;
472425;233608;Isaiah 63:9;link;JN#>M ;piel;741948;W;Conj;;741949;JN#>M ;PreO;;741950;KL&JMJ <WLM00;Time;;;;;;;;;;;;;;;;;;;;;;;;;
472486;233857;Isaiah 64:5;link;J#>NW00;qal;742117;W;Conj;;742118;<WNNW ;Subj;;742119;KRWX ;Adju;;742120;J#>NW00;PreO;;;;;;;;;;;;;;;;;;;;;
472707;234689;Isaiah 66:12;link;TN#>W ;nif;742731;<L&YD ;Adju;Cmpl;742732;TN#>W ;Pred;;;;;;;;;;;;;;;;;;;;;;;;;;;;;
473028;236031;Jeremiah 3:2;link;#>J&;qal;743586;#>J&;Pred;;743587;<JNJK ;Objc;;743588;<L&#PJM ;Cmpl;;;;;;;;;;;;;;;;;;;;;;;;;
473167;236639;Jeremiah 4:6;link;#>W&;qal;743970;#>W&;Pred;;743971;NS ;Objc;;743972;YJWNH ;Cmpl;;;;;;;;;;;;;;;;;;;;;;;;;
473446;237668;Jeremiah 6:1;link;#>W ;qal;744693;W;Conj;;744694;<L&BJT HKRM ;Loca;Cmpl;744695;#>W ;Pred;;744696;M#>T ;Objc;;;;;;;;;;;;;;;;;;;;;
473651;238509;Jeremiah 7:16;link;T#> ;qal;745239;W;Conj;;745240;>L&;Nega;;745241;T#> ;Pred;;745242;B<DM ;Cmpl;Adju;745243;RNH WTPLH ;Objc;;;;;;;;;;;;;;;;;
473709;238801;Jeremiah 7:29;link;#>J ;qal;745423;W;Conj;;745424;#>J ;Pred;;745425;<L&#PJM ;Cmpl;;745426;QJNH ;Objc;;;;;;;;;;;;;;;;;;;;;
473879;239539;Jeremiah 9:9;link;>#> ;qal;745893;<L&HHRJM ;Cmpl;;745894;>#> ;Pred;;745895;BKJ WNHJ ;Objc;;;;;;;;;;;;;;;;;;;;;;;;;
473915;239707;Jeremiah 9:17;link;T#NH ;qal;745999;W;Conj;;746000;T#NH ;Pred;;746001;<LJNW ;Cmpl;;746002;NHJ ;Objc;;;;;;;;;;;;;;;;;;;;;
473971;239960;Jeremiah 10:5;link;N#W> ;qal;746158;N#W> ;Modi;;746159;JN#W> ;Pred;;;;;;;;;;;;;;;;;;;;;;;;;;;;;
474030;240200;Jeremiah 10:19;link;>#>NW00;qal;746319;W;Conj;;746320;>#>NW00;PreO;;;;;;;;;;;;;;;;;;;;;;;;;;;;;
474132;240632;Jeremiah 11:14;link;T#> ;qal;746590;W;Conj;;746591;>L&;Nega;;746592;T#> ;Pred;;746593;B<DM ;Cmpl;Adju;746594;RNH WTPLH ;Objc;;;;;;;;;;;;;;;;;
474350;241558;Jeremiah 13:20;link;#>W ;qal;747189;#>W ;Pred;;747190;<JNJKM ;Objc;;;;;;;;;;;;;;;;;;;;;;;;;;;;;
474572;242470;Jeremiah 15:15;link;#>TJ ;qal;747800;#>TJ ;PreO;;747801;<LJK ;Cmpl;Adju;747802;XRPH00;Subj;;;;;;;;;;;;;;;;;;;;;;;;;
474785;243460;Jeremiah 17:21;link;T#>W ;qal;748424;W;Conj;;748425;>L&;Nega;;748426;T#>W ;Pred;;748427;M#> ;Objc;;748428;BJWM H#BT ;Time;;;;;;;;;;;;;;;;;
474811;243643;Jeremiah 17:27;link;#>T ;qal;748506;W;Conj;;748507;LBLTJ #>T ;Pred;;748508;M#> ;Objc;;;;;;;;;;;;;;;;;;;;;;;;;
475263;245839;Jeremiah 22:27;link;MN#>JM ;piel;749799;>#R&;Rela;;749800;HM ;Subj;;749801;MN#>JM ;PreC;;749802;>T&NP#M ;Objc;;;;;;;;;;;;;;;;;;;;;
476264;250984;Jeremiah 31:19;link;N#>TJ ;qal;752655;KJ ;Conj;;752656;N#>TJ ;Pred;;752657;XRPT N<WRJ00;Objc;;;;;;;;;;;;;;;;;;;;;;;;;
477672;259061;Jeremiah 44:14;link;MN#>JM ;piel;756941;>#R&;Rela;;756942;HMH ;Subj;;756943;MN#>JM ;PreC;;756944;>T&NP#M ;Objc;;;;;;;;;;;;;;;;;;;;;
477712;259282;Jeremiah 44:22;link;#>T ;qal;757065;L#>T ;Pred;;;;;;;;;;;;;;;;;;;;;;;;;;;;;;;;;
478267;261650;Jeremiah 49:29;link;J#>W ;qal;758519;JRJ<WTJHM WKL&KLJHM WGMLJHM ;Objc;;758520;J#>W ;Pred;;758521;LHM ;Cmpl;Adju;;;;;;;;;;;;;;;;;;;;;;;;
478318;261879;Jeremiah 50:2;link;#>W&;qal;758658;W;Conj;;758659;#>W&;Pred;;758660;NS ;Objc;;;;;;;;;;;;;;;;;;;;;;;;;
478572;262884;Jeremiah 51:9;link;N#> ;nif;759306;W;Conj;;759307;N#> ;Pred;;759308;<D&#XQJM00;Cmpl;;;;;;;;;;;;;;;;;;;;;;;;;
478583;262927;Jeremiah 51:12;link;#>W&;qal;759332;>L&XWMT BBL ;Cmpl;;759333;#>W&;Pred;;759334;NS ;Objc;;;;;;;;;;;;;;;;;;;;;;;;;
478641;263179;Jeremiah 51:27;link;#>W&;qal;759499;#>W&;Pred;;759500;NS ;Objc;;759501;B>RY ;Cmpl;;;;;;;;;;;;;;;;;;;;;;;;;
478854;264293;Jeremiah 52:17;link;J#>W ;qal;760114;W;Conj;;760115;J#>W ;Pred;;760116;>T&KL&NX#TM ;Objc;;760117;BBLH00;Cmpl;;;;;;;;;;;;;;;;;;;;;
478894;264653;Jeremiah 52:31;link;N#> ;qal;760236;N#> ;Pred;;760237;>WJL MRDK MLK BBL ;Subj;;760238;B#NT MLKTW ;Time;;760239;>T&R># JHWJKJN MLK&JHWDH ;Objc;;;;;;;;;;;;;;;;;;;;;
478976;265071;Ezekiel 1:19;link;HN#> ;nif;760466;W;Conj;;760467;BHN#> ;Pred;;760468;HXJWT ;Subj;;760469;M<L H>RY ;Cmpl;;;;;;;;;;;;;;;;;;;;;
478977;265078;Ezekiel 1:19;link;JN#>W ;nif;760470;JN#>W ;Pred;;760471;H>WPNJM00;Subj;;;;;;;;;;;;;;;;;;;;;;;;;;;;;
478983;265098;Ezekiel 1:20;link;JN#>W ;nif;760481;W;Conj;;760482;H>WPNJM ;Subj;;760483;JN#>W ;Pred;;760484;L<MTM ;Cmpl;;;;;;;;;;;;;;;;;;;;;
478989;265117;Ezekiel 1:21;link;HN#>M ;nif;760493;W;Conj;;760494;BHN#>M ;PreS;;760495;M<L H>RY ;Cmpl;;;;;;;;;;;;;;;;;;;;;;;;;
478990;265122;Ezekiel 1:21;link;JN#>W ;nif;760496;JN#>W ;Pred;;760497;H>WPNJM ;Subj;;760498;L<MTM ;Cmpl;;;;;;;;;;;;;;;;;;;;;;;;;
479129;265718;Ezekiel 3:12;link;T#>NJ ;qal;760882;W;Conj;;760883;T#>NJ ;PreO;;760884;RWX ;Subj;;;;;;;;;;;;;;;;;;;;;;;;;
479137;265752;Ezekiel 3:14;link;N#>TNJ ;qal;760901;W;Conj;;760902;RWX ;Subj;;760903;N#>TNJ ;PreO;;;;;;;;;;;;;;;;;;;;;;;;;
479236;266144;Ezekiel 4:4;link;T#> ;qal;761197;MSPR HJMJM ;Time;;761201;T#> ;Pred;;761202;>T&<WNM00;Objc;;;;;;;;;;;;;;;;;;;;;;;;;
479239;266163;Ezekiel 4:5;link;N#>T ;qal;761208;W;Conj;;761209;N#>T ;Pred;;761210;<WN BJT&J#R>L00;Objc;;;;;;;;;;;;;;;;;;;;;;;;;
479242;266179;Ezekiel 4:6;link;N#>T ;qal;761218;W;Conj;;761219;N#>T ;Pred;;761220;>T&<WN BJT&JHWDH ;Objc;;761221;>RB<JM JWM ;Time;;;;;;;;;;;;;;;;;;;;;
479564;267677;Ezekiel 8:3;link;T#> ;qal;762187;W;Conj;;762188;T#> ;Pred;;762189;>TJ ;Objc;;762190;RWX ;Subj;;762191;BJN&H>RY WBJN H#MJM ;Adju;Cmpl;;;;;;;;;;;;;;;;
479574;267729;Ezekiel 8:5;link;#>&;qal;762218;#>&;Pred;;762219;N> ;Intj;;762220;<JNJK ;Objc;;762221;DRK YPWNH ;Cmpl;;;;;;;;;;;;;;;;;;;;;
479575;267735;Ezekiel 8:5;link;>#> ;qal;762222;W;Conj;;762223;>#> ;Pred;;762224;<JNJ ;Objc;;762225;DRK YPWNH ;Cmpl;;;;;;;;;;;;;;;;;;;;;
479742;268535;Ezekiel 10:7;link;J#> ;qal;762695;W;Conj;;762696;J#> ;Pred;;;;;;;;;;;;;;;;;;;;;;;;;;;;;
479779;268702;Ezekiel 10:16;link;#>T ;qal;762788;B#>T ;Pred;;762789;HKRWBJM ;Subj;;762790;>T&KNPJHM ;Objc;;;;;;;;;;;;;;;;;;;;;;;;;
479788;268749;Ezekiel 10:19;link;J#>W ;qal;762813;W;Conj;;762814;J#>W ;Pred;;762815;HKRWBJM ;Subj;;762816;>T&KNPJHM ;Objc;;;;;;;;;;;;;;;;;;;;;
479806;268836;Ezekiel 11:1;link;T#> ;qal;762862;W;Conj;;762863;T#> ;Pred;;762864;>TJ ;Objc;;762865;RWX ;Subj;;;;;;;;;;;;;;;;;;;;;
479905;269242;Ezekiel 11:22;link;J#>W ;qal;763141;W;Conj;;763142;J#>W ;Pred;;763143;HKRWBJM ;Subj;;763144;>T&KNPJHM ;Objc;;;;;;;;;;;;;;;;;;;;;
479911;269282;Ezekiel 11:24;link;N#>TNJ ;qal;763161;W;Conj;;763162;RWX ;Subj;;763163;N#>TNJ ;PreO;;;;;;;;;;;;;;;;;;;;;;;;;
479938;269411;Ezekiel 12:6;link;T#> ;qal;763245;L<JNJHM ;Adju;;763246;<L&KTP ;Cmpl;;763247;T#> ;Pred;;;;;;;;;;;;;;;;;;;;;;;;;
479948;269459;Ezekiel 12:7;link;N#>TJ ;qal;763277;<L&KTP ;Cmpl;;763278;N#>TJ ;Pred;;763279;L<JNJHM00;Adju;;;;;;;;;;;;;;;;;;;;;;;;;
479964;269532;Ezekiel 12:12;link;J#> ;qal;763318;W;Conj;;763319;HN#J> ;Subj;;763322;>L&KTP ;Cmpl;;763323;J#> ;Pred;;763324;B<LVH ;Adju;Time;;;;;;;;;;;;;;;;
480211;270555;Ezekiel 14:10;link;N#>W ;qal;764023;W;Conj;;764024;N#>W ;Pred;;764025;<WNM ;Objc;;;;;;;;;;;;;;;;;;;;;;;;;
480523;271953;Ezekiel 16:52;link;#>J ;qal;764959;GM&>T ;Subj;;764960;#>J ;Pred;;764961;KLMTK ;Objc;;;;;;;;;;;;;;;;;;;;;;;;;
480528;271971;Ezekiel 16:52;link;#>J ;qal;764974;W;Conj;;764975;#>J ;Pred;;764976;KLMTK ;Objc;;;;;;;;;;;;;;;;;;;;;;;;;
480532;271997;Ezekiel 16:54;link;T#>J ;qal;764984;LM<N ;Conj;;764985;T#>J ;Pred;;764986;KLMTK ;Objc;;;;;;;;;;;;;;;;;;;;;;;;;
480543;272067;Ezekiel 16:58;link;N#>TJM ;qal;765022;>T ;Subj;;765023;N#>TJM ;PreO;;;;;;;;;;;;;;;;;;;;;;;;;;;;;
480597;272312;Ezekiel 17:8;link;#>T ;qal;765176;W;Conj;;765177;L#>T ;Pred;;765178;PRJ ;Objc;;;;;;;;;;;;;;;;;;;;;;;;;
480627;272436;Ezekiel 17:14;link;HTN#> ;hit;765259;LBLTJ HTN#> ;Pred;;;;;;;;;;;;;;;;;;;;;;;;;;;;;;;;;
480674;272636;Ezekiel 17:23;link;N#> ;qal;765396;W;Conj;;765397;N#> ;Pred;;765398;<NP ;Objc;;;;;;;;;;;;;;;;;;;;;;;;;
480707;272770;Ezekiel 18:6;link;N#> ;qal;765480;W;Conj;;765481;<JNJW ;Objc;;765482;L> ;Nega;;765483;N#> ;Pred;;765484;>L&GLWLJ BJT J#R>L ;Cmpl;;;;;;;;;;;;;;;;;
480734;272885;Ezekiel 18:12;link;N#> ;qal;765562;W;Conj;;765563;>L&HGLWLJM ;Cmpl;;765564;N#> ;Pred;;765565;<JNJW ;Objc;;;;;;;;;;;;;;;;;;;;;
480749;272938;Ezekiel 18:15;link;N#> ;qal;765602;W;Conj;;765603;<JNJW ;Objc;;765604;L> ;Nega;;765605;N#> ;Pred;;765606;>L&GLWLJ BJT J#R>L ;Cmpl;;;;;;;;;;;;;;;;;
480769;273013;Ezekiel 18:19;link;N#> ;qal;765663;MD< ;Ques;;765664;L>&;Nega;;765665;N#> ;Pred;;765666;HBN ;Subj;;765667;B<WN H>B ;Cmpl;;;;;;;;;;;;;;;;;
480777;273044;Ezekiel 18:20;link;J#> ;qal;765684;BN ;Subj;;765685;L>&;Nega;;765686;J#> ;Pred;;765687;B<WN H>B ;Cmpl;;;;;;;;;;;;;;;;;;;;;
480778;273052;Ezekiel 18:20;link;J#> ;qal;765688;W;Conj;;765689;>B ;Subj;;765690;L> ;Nega;;765691;J#> ;Pred;;765692;B<WN HBN ;Cmpl;;;;;;;;;;;;;;;;;
480850;273303;Ezekiel 19:1;link;#> ;qal;765875;#> ;Pred;;765876;QJNH ;Objc;;765877;>L&N#J>J J#R>L00;Adju;;;;;;;;;;;;;;;;;;;;;;;;;
480926;273609;Ezekiel 20:5;link;>#> ;qal;766080;W;Conj;;766081;>#> ;Pred;;766082;JDJ ;Objc;;766083;LZR< BJT J<QB ;Cmpl;Adju;;;;;;;;;;;;;;;;;;;;
480928;273622;Ezekiel 20:5;link;>#> ;qal;766088;W;Conj;;766089;>#> ;Pred;;766090;JDJ ;Objc;;766091;LHM ;Cmpl;Adju;;;;;;;;;;;;;;;;;;;;
480931;273635;Ezekiel 20:6;link;N#>TJ ;qal;766095;BJWM HHW> ;Time;;766096;N#>TJ ;Pred;;766097;JDJ ;Objc;;766098;LHM ;Cmpl;Adju;;;;;;;;;;;;;;;;;;;;
480976;273839;Ezekiel 20:15;link;N#>TJ ;qal;766229;W;Conj;;766230;GM&;Modi;;766231;>NJ ;Subj;;766232;N#>TJ ;Pred;;766233;JDJ ;Objc;;766234;LHM ;Cmpl;Adju;766235;BMDBR ;Loca;;;;;;;;;
481015;274012;Ezekiel 20:23;link;N#>TJ ;qal;766350;GM&;Modi;;766351;>NJ ;Subj;;766352;N#>TJ ;Pred;;766353;>T&JDJ ;Objc;;766354;LHM ;Cmpl;Adju;766355;BMDBR ;Loca;;;;;;;;;;;;;
481039;274109;Ezekiel 20:28;link;N#>TJ ;qal;766424;>#R ;Rela;;766425;N#>TJ ;Pred;;766426;>T&JDJ ;Objc;;;;;;;;;;;;;;;;;;;;;;;;;
481055;274187;Ezekiel 20:31;link;#>T ;qal;766477;W;Conj;;766478;B#>T ;Pred;;766479;MTNTJKM ;Objc;;;;;;;;;;;;;;;;;;;;;;;;;
481111;274460;Ezekiel 20:42;link;N#>TJ ;qal;766638;>#R ;Rela;;766639;N#>TJ ;Pred;;766640;>T&JDJ ;Objc;;;;;;;;;;;;;;;;;;;;;;;;;
481535;276144;Ezekiel 23:27;link;T#>J ;qal;767758;W;Conj;;767759;L>&;Nega;;767760;T#>J ;Pred;;767761;<JNJK ;Objc;;767762;>LJHM ;Cmpl;;;;;;;;;;;;;;;;;
481568;276278;Ezekiel 23:35;link;#>J ;qal;767847;W;Conj;;767848;GM&>T ;Subj;;767849;#>J ;Pred;;767850;ZMTK W>T&TZNWTJK00;Objc;;;;;;;;;;;;;;;;;;;;;
481620;276535;Ezekiel 23:49;link;T#>JNH ;qal;768018;W;Conj;;768019;XV>J GLWLJKN ;Objc;;768020;T#>JNH ;Pred;;;;;;;;;;;;;;;;;;;;;;;;;
481884;277695;Ezekiel 26:17;link;N#>W ;qal;768763;W;Conj;;768764;N#>W ;Pred;;768765;<LJK ;Cmpl;Adju;768766;QJNH ;Objc;;;;;;;;;;;;;;;;;;;;;
481916;277823;Ezekiel 27:2;link;#> ;qal;768848;#> ;Pred;;768849;<L&YR ;Cmpl;Adju;768850;QJNH00;Objc;;;;;;;;;;;;;;;;;;;;;;;;;
481997;278283;Ezekiel 27:32;link;N#>W ;qal;769067;W;Conj;;769068;N#>W ;Pred;;769069;>LJK ;Cmpl;Adju;769070;BNJHM ;Adju;;769071;QJNH ;Objc;;;;;;;;;;;;;;;;;
482050;278509;Ezekiel 28:12;link;#> ;qal;769216;#> ;Pred;;769217;QJNH <L&MLK YWR ;Objc;BoundErr;;;;;;;;;;;;;;;;;;;;;;;;;;;;
482182;279122;Ezekiel 29:15;link;TTN#> ;hit;769592;W;Conj;;769593;L>&;Nega;;769594;TTN#> ;Pred;;769595;<WD ;Modi;;769596;<L&HGWJM ;Adju;Cmpl;;;;;;;;;;;;;;;;
482202;279226;Ezekiel 29:19;link;N#> ;qal;769654;W;Conj;;769655;N#> ;Pred;;769656;HMNH ;Objc;;;;;;;;;;;;;;;;;;;;;;;;;
482388;280187;Ezekiel 32:2;link;#> ;qal;770224;#> ;Pred;;770225;QJNH ;Objc;;770226;<L&PR<H MLK&MYRJM ;Cmpl;;;;;;;;;;;;;;;;;;;;;;;;;
482479;280597;Ezekiel 32:24;link;J#>W ;qal;770482;W;Conj;;770483;J#>W ;Pred;;770484;KLMTM ;Objc;;770485;>T&JWRDJ BWR00;Adju;;;;;;;;;;;;;;;;;;;;;
482485;280624;Ezekiel 32:25;link;J#>W ;qal;770500;W;Conj;;770501;J#>W ;Pred;;770502;KLMTM ;Objc;;770503;>T&JWRDJ BWR ;Adju;;;;;;;;;;;;;;;;;;;;;
482507;280737;Ezekiel 32:30;link;J#>W ;qal;770568;W;Conj;;770569;J#>W ;Pred;;770570;KLMTM ;Objc;;770571;>T&JWRDJ BWR00;Adju;;;;;;;;;;;;;;;;;;;;;
482653;281304;Ezekiel 33:25;link;T#>W ;qal;770956;W;Conj;;770957;<JNKM ;Objc;;770958;T#>W ;Pred;;770959;>L&GLWLJKM ;Cmpl;;;;;;;;;;;;;;;;;;;;;
482829;282123;Ezekiel 34:29;link;J#>W ;qal;771488;W;Conj;;771489;L>&;Nega;;771490;J#>W ;Pred;;771491;<WD ;Modi;;771492;KLMT HGWJM00;Objc;;;;;;;;;;;;;;;;;
482939;282585;Ezekiel 36:6;link;N#>TM00;qal;771766;J<N ;Conj;;771767;KLMT GWJM ;Objc;;771768;N#>TM00;Pred;;;;;;;;;;;;;;;;;;;;;;;;;
482942;282592;Ezekiel 36:7;link;N#>TJ ;qal;771773;>NJ ;Subj;;771774;N#>TJ ;Pred;;771775;>T&JDJ ;Objc;;;;;;;;;;;;;;;;;;;;;;;;;
482945;282605;Ezekiel 36:7;link;J#>W00;qal;771782;HMH ;Subj;;771783;KLMTM ;Objc;;771784;J#>W00;Pred;;;;;;;;;;;;;;;;;;;;;;;;;
482949;282614;Ezekiel 36:8;link;T#>W ;qal;771790;W;Conj;;771791;PRJKM ;Objc;;771792;T#>W ;Pred;;771793;L<MJ J#R>L ;Cmpl;Adju;;;;;;;;;;;;;;;;;;;;
482980;282731;Ezekiel 36:15;link;T#>J&;qal;771881;W;Conj;;771882;XRPT <MJM ;Objc;;771883;L> ;Nega;;771884;T#>J&;Pred;;771885;<WD ;Modi;;;;;;;;;;;;;;;;;
483287;284069;Ezekiel 38:13;link;#>T ;qal;772759;L#>T ;Pred;;772760;KSP WZHB ;Objc;;;;;;;;;;;;;;;;;;;;;;;;;;;;;
483369;284508;Ezekiel 39:10;link;J#>W ;qal;772984;W;Conj;;772985;L>&;Nega;;772986;J#>W ;Pred;;772987;<YJM ;Objc;;772988;MN&H#DH ;Cmpl;;;;;;;;;;;;;;;;;
483436;284850;Ezekiel 39:26;link;N#W ;qal;773183;W;Conj;;773184;N#W ;Pred;;773185;>T&KLMTM W>T&KL&M<LM ;Objc;;;;;;;;;;;;;;;;;;;;;;;;;
483835;287192;Ezekiel 43:5;link;T#>NJ ;qal;774275;W;Conj;;774276;T#>NJ ;PreO;;774277;RWX ;Subj;;;;;;;;;;;;;;;;;;;;;;;;;
483971;287959;Ezekiel 44:10;link;N#>W ;qal;774684;W;Conj;;774685;N#>W ;Pred;;774686;<WNM00;Objc;;;;;;;;;;;;;;;;;;;;;;;;;
483979;288012;Ezekiel 44:12;link;N#>TJ ;qal;774711;<L&KN ;Adju;;774712;N#>TJ ;Pred;;774713;JDJ ;Objc;;774714;<LJHM ;Cmpl;;;;;;;;;;;;;;;;;;;;;
483981;288019;Ezekiel 44:12;link;N#>W ;qal;774716;W;Conj;;774717;N#>W ;Pred;;774718;<WNM00;Objc;;;;;;;;;;;;;;;;;;;;;;;;;
483985;288039;Ezekiel 44:13;link;N#>W ;qal;774728;W;Conj;;774729;N#>W ;Pred;;774730;KLMTM WTW<BWTM ;Objc;;;;;;;;;;;;;;;;;;;;;;;;;
484085;288693;Ezekiel 45:11;link;#>T ;qal;775037;L#>T ;Pred;;775038;M<#R HXMR ;Objc;;775039;HBT ;Subj;;;;;;;;;;;;;;;;;;;;;;;;;
484292;289975;Ezekiel 47:14;link;N#>TJ ;qal;775651;>#R ;Conj;;775652;N#>TJ ;Pred;;775653;>T&JDJ ;Objc;;;;;;;;;;;;;;;;;;;;;;;;;
484463;291029;Hosea 1:6;link;N#> ;qal;776157;KJ&;Conj;;776158;N#> ;Modi;;776159;>#> ;Pred;;776160;LHM00;Cmpl;Adju;;;;;;;;;;;;;;;;;;;;
484637;291807;Hosea 4:8;link;J#>W ;qal;776664;W;Conj;;776665;>L&<WNM ;Cmpl;;776666;J#>W ;Pred;;776667;NP#W00;Objc;;;;;;;;;;;;;;;;;;;;;
484739;292195;Hosea 5:14;link;>#> ;qal;776950;>#> ;Pred;;;;;;;;;;;;;;;;;;;;;;;;;;;;;;;;;
485159;293688;Hosea 13:1;link;N#> ;qal;778041;N#> ;Pred;;778042;HW> ;Subj;;778043;BJ#R>L ;Adju;;;;;;;;;;;;;;;;;;;;;;;;;
485232;293933;Hosea 14:3;link;T#> ;qal;778217;KL&;Objc;BoundErr;778218;T#> ;Pred;;778219;<WN ;Objc;;;;;;;;;;;;;;;;;;;;;;;;;
485449;294773;Joel 2:22;link;N#> ;qal;778777;KJ&;Conj;;778778;<Y ;Subj;;778779;N#> ;Pred;;778780;PRJW ;Objc;;;;;;;;;;;;;;;;;;;;;
485749;296253;Amos 4:2;link;N#> ;piel;779699;W;Conj;;779700;N#> ;Pred;;779701;>TKM ;Objc;;779702;BYNWT ;Cmpl;Adju;;;;;;;;;;;;;;;;;;;;
485816;296511;Amos 5:1;link;N#> ;qal;779873;>#R ;Rela;;779874;>NKJ ;Subj;;779875;N#> ;PreC;;779876;<LJKM ;Cmpl;;;;;;;;;;;;;;;;;;;;;
485916;296901;Amos 5:26;link;N#>TM ;qal;780161;W;Conj;;780162;N#>TM ;Pred;;780163;>T SKWT MLKKM W>T KJWN YLMJKM KWKB >LHJKM ;Objc;;;;;;;;;;;;;;;;;;;;;;;;;
485953;297071;Amos 6:10;link;N#>W ;qal;780264;W;Conj;;780265;N#>W ;PreO;;780266;DWDW ;Subj;;;;;;;;;;;;;;;;;;;;;;;;;
486360;298808;Jonah 1:12;link;#>WNJ ;qal;781439;#>WNJ ;PreO;;;;;;;;;;;;;;;;;;;;;;;;;;;;;;;;;
486378;298884;Jonah 1:15;link;J#>W ;qal;781490;W;Conj;;781491;J#>W ;Pred;;781492;>T&JWNH ;Objc;;;;;;;;;;;;;;;;;;;;;;;;;
486597;299826;Micah 2:2;link;N#>W ;qal;782107;W;Conj;;782108;N#>W ;Pred;;;;;;;;;;;;;;;;;;;;;;;;;;;;;
486605;299867;Micah 2:4;link;J#> ;qal;782132;BJWM HHW> ;Time;;782133;J#> ;Pred;;782134;<LJKM ;Cmpl;;782135;M#L ;Objc;;;;;;;;;;;;;;;;;;;;;
486710;300293;Micah 4:1;link;N#> ;nif;782424;W;Conj;;782425;N#> ;PreC;;782426;HW> ;Subj;;782427;MGB<WT ;Cmpl;;;;;;;;;;;;;;;;;;;;;
486724;300358;Micah 4:3;link;J#>W ;qal;782467;L>&;Nega;;782468;J#>W ;Pred;;782469;GWJ ;Subj;;782470;>L&GWJ ;Cmpl;;782471;XRB ;Objc;;;;;;;;;;;;;;;;;
486900;301099;Micah 6:16;link;T#>W00;qal;782959;W;Conj;;782960;XRPT <MJ ;Objc;;782961;T#>W00;Pred;;;;;;;;;;;;;;;;;;;;;;;;;
486939;301231;Micah 7:9;link;>#> ;qal;783053;Z<P JHWH ;Objc;;783054;>#> ;Pred;;;;;;;;;;;;;;;;;;;;;;;;;;;;;
486976;301379;Micah 7:18;link;N#> ;qal;783145;N#> ;PreC;;783146;<WN ;Objc;;;;;;;;;;;;;;;;;;;;;;;;;;;;;
487006;301496;Nahum 1:5;link;T#> ;qal;783221;W;Conj;;783222;T#> ;Pred;;783223;H>RY ;Subj;;783224;MPNJW ;Cmpl;;;;;;;;;;;;;;;;;;;;;
487204;302205;Habakkuk 1:3;link;J#>00;qal;783736;W;Conj;;783737;MDWN ;Subj;Objc;783738;J#>00;Pred;;;;;;;;;;;;;;;;;;;;;;;;;
487305;302552;Habakkuk 2:6;link;J#>W ;qal;783997;H;Ques;;783998;LW>&;Nega;;783999;>LH KLM ;Subj;;784000;<LJW ;Cmpl;;784001;M#L ;Objc;;784002;J#>W ;Pred;;;;;;;;;;;;;
487411;302922;Habakkuk 3:10;link;N#>00;qal;784262;RWM JDJHW ;Objc;;784263;N#>00;Pred;;;;;;;;;;;;;;;;;;;;;;;;;;;;;
487787;304688;Haggai 2:12;link;J#>&;qal;785233;HN ;Intj;;785234;J#>&;Pred;;785235;>J# ;Subj;;785236;B#R&QD# ;Objc;;785237;BKNP BGDW ;Adju;Cmpl;;;;;;;;;;;;;;;;
487823;304890;Haggai 2:19;link;N#> ;qal;785331;W;Conj;;785332;<D&HGPN WHT>NH WHRMWN W<Y HZJT ;Adju;Subj;785333;L> ;Nega;;785334;N#> ;Pred;;;;;;;;;;;;;;;;;;;;;
487929;305348;Zechariah 2:1;link;>#> ;qal;785604;W;Conj;;785605;>#> ;Pred;;785606;>T&<JNJ ;Objc;;;;;;;;;;;;;;;;;;;;;;;;;
487947;305408;Zechariah 2:4;link;N#> ;qal;785646;KPJ&;Conj;;785647;>J# ;Subj;;785648;L>&;Nega;;785649;N#> ;Pred;;785650;R>#W ;Objc;;;;;;;;;;;;;;;;;
487951;305423;Zechariah 2:4;link;N#>JM ;qal;785658;H;Rela;;785659;N#>JM ;PreC;;785660;QRN ;Objc;;785661;>L&>RY JHWDH ;Cmpl;;;;;;;;;;;;;;;;;;;;;
487953;305431;Zechariah 2:5;link;>#> ;qal;785663;W;Conj;;785664;>#> ;Pred;;785665;<JNJ ;Objc;;;;;;;;;;;;;;;;;;;;;;;;;
488136;306141;Zechariah 5:1;link;>#> ;qal;786129;W;Conj;;786130;>#> ;Pred;;786131;<JNJ ;Objc;;;;;;;;;;;;;;;;;;;;;;;;;
488162;306244;Zechariah 5:5;link;#> ;qal;786202;#> ;Pred;;786203;N> ;Intj;;786204;<JNJK ;Objc;;;;;;;;;;;;;;;;;;;;;;;;;
488173;306277;Zechariah 5:7;link;N#>T ;nif;786226;KKR <PRT ;Subj;;786227;N#>T ;PreC;;;;;;;;;;;;;;;;;;;;;;;;;;;;;
488180;306308;Zechariah 5:9;link;>#> ;qal;786245;W;Conj;;786246;>#> ;Pred;;786247;<JNJ ;Objc;;;;;;;;;;;;;;;;;;;;;;;;;
488185;306330;Zechariah 5:9;link;T#>NH ;qal;786261;W;Conj;;786262;T#>NH ;Pred;;786263;>T&H>JPH ;Objc;;786264;BJN H>RY WBJN H#MJM00;Cmpl;;;;;;;;;;;;;;;;;;;;;
488194;306375;Zechariah 6:1;link;>#> ;qal;786290;W;Conj;;786291;>#> ;Pred;;786292;<JNJ ;Objc;;;;;;;;;;;;;;;;;;;;;;;;;
488248;306619;Zechariah 6:13;link;J#> ;qal;786427;W;Conj;;786428;HW>&;Subj;;786429;J#> ;Pred;;786430;HWD ;Objc;;;;;;;;;;;;;;;;;;;;;
488884;309611;Malachi 1:8;link;J#> ;qal;788211;>W ;Conj;;788212;H;Ques;;788213;J#> ;Pred;;788214;PNJK ;Objc;;;;;;;;;;;;;;;;;;;;;
488890;309629;Malachi 1:9;link;J#> ;qal;788227;H;Ques;;788228;J#> ;Pred;;788229;MKM ;Adju;;788230;PNJM ;Objc;;;;;;;;;;;;;;;;;;;;;
488935;309825;Malachi 2:3;link;N#> ;qal;788367;W;Conj;;788368;N#> ;Pred;;788369;>TKM ;Objc;;788370;>LJW00;Cmpl;;;;;;;;;;;;;;;;;;;;;
488957;309942;Malachi 2:9;link;N#>JM ;qal;788442;W;Conj;;788443;N#>JM ;PreC;;788444;PNJM ;Objc;;788445;BTWRH00;Adju;;;;;;;;;;;;;;;;;;;;;
489221;310993;Psalms 4:7;link;NSH&;qal;789161;NSH&;Pred;;789162;<LJNW ;Cmpl;;789163;>WR PNJK ;Objc;;;;;;;;;;;;;;;;;;;;;;;;;
489330;311330;Psalms 7:7;link;HN#> ;nif;789412;HN#> ;Pred;;789413;B<BRWT YWRRJ ;Cmpl;Adju;;;;;;;;;;;;;;;;;;;;;;;;;;;;
489493;311885;Psalms 10:12;link;N#> ;qal;789794;N#> ;Pred;;789795;JDK ;Objc;;;;;;;;;;;;;;;;;;;;;;;;;;;;;
489628;312324;Psalms 15:3;link;N#> ;qal;790105;W;Conj;;790106;XRPH ;Objc;;790107;L>&;Nega;;790108;N#> ;Pred;;790109;<L&QRBW00;Cmpl;;;;;;;;;;;;;;;;;
489651;312398;Psalms 16:4;link;>#> ;qal;790161;W;Conj;;790162;BL&;Nega;;790163;>#> ;Pred;;790164;>T&#MWTM ;Objc;;790165;<L&#PTJ00;Cmpl;;;;;;;;;;;;;;;;;
490105;313990;Psalms 24:4;link;N#> ;qal;791283;>#R ;Rela;;791284;L>&;Nega;;791285;N#> ;Pred;;791286;L#W> ;Cmpl;Adju;791287;NP#J ;Objc;;;;;;;;;;;;;;;;;
490107;314000;Psalms 24:5;link;J#> ;qal;791292;J#> ;Pred;;791293;BRKH ;Objc;;791294;M>T JHWH ;Cmpl;;;;;;;;;;;;;;;;;;;;;;;;;
490112;314017;Psalms 24:7;link;#>W ;qal;791302;#>W ;Pred;;791304;R>#JKM ;Objc;;;;;;;;;;;;;;;;;;;;;;;;;;;;;
490114;314021;Psalms 24:7;link;HN#>W ;nif;791305;W;Conj;;791306;HN#>W ;Pred;;;;;;;;;;;;;;;;;;;;;;;;;;;;;
490120;314041;Psalms 24:9;link;#>W ;qal;791315;#>W ;Pred;;791317;R>#JKM ;Objc;;;;;;;;;;;;;;;;;;;;;;;;;;;;;
490122;314045;Psalms 24:9;link;#>W ;qal;791318;W;Conj;;791319;#>W ;Pred;;;;;;;;;;;;;;;;;;;;;;;;;;;;;
490131;314071;Psalms 25:1;link;>#>00;qal;791332;>LJK ;Cmpl;;791334;NP#J ;Objc;;791335;>#>00;Pred;;;;;;;;;;;;;;;;;;;;;;;;;
490181;314229;Psalms 25:18;link;#> ;qal;791448;W;Conj;;791449;#> ;Pred;;791450;LKL&XV>WTJ00;Cmpl;;;;;;;;;;;;;;;;;;;;;;;;;
490289;314587;Psalms 28:2;link;N#>J ;qal;791706;BN#>J ;PreS;;791707;JDJ ;Objc;;791708;>L&DBJR QD#K00;Cmpl;;;;;;;;;;;;;;;;;;;;;;;;;
490311;314678;Psalms 28:9;link;N#>M ;piel;791765;W;Conj;;791766;N#>M ;PreO;;791767;<D&H<WLM00;Adju;Time;;;;;;;;;;;;;;;;;;;;;;;;
490468;315219;Psalms 32:1;link;N#WJ&;qal;792142;*>#RJ N#WJ&P#< KSWJ XV>H00;PreC;BoundErr;;;;;;;;;;;;;;;;;;;;;;;;;;;;;;;;
490481;315271;Psalms 32:5;link;N#>T ;qal;792178;W;Conj;;792179;>TH ;Subj;;792180;N#>T ;Pred;;792181;<WN XV>TJ ;Objc;;;;;;;;;;;;;;;;;;;;;
491508;318781;Psalms 50:16;link;T#> ;qal;794682;W;Conj;;794683;T#> ;Pred;;794684;BRJTJ ;Objc;;794685;<LJ&PJK00;Cmpl;;;;;;;;;;;;;;;;;;;;;
491719;319471;Psalms 55:13;link;>#> ;qal;795185;W;Conj;;795186;>#> ;Pred;;;;;;;;;;;;;;;;;;;;;;;;;;;;;
492082;320636;Psalms 63:5;link;>#> ;qal;796007;B#MK ;Cmpl;Adju;796008;>#> ;Pred;;796009;KPJ00;Objc;;;;;;;;;;;;;;;;;;;;;;;;;
492399;321688;Psalms 69:8;link;N#>TJ ;qal;796732;KJ&;Conj;;796733;<LJK ;Adju;;796734;N#>TJ ;Pred;;796735;XRPH ;Objc;;;;;;;;;;;;;;;;;;;;;
492601;322314;Psalms 72:3;link;J#>W ;qal;797204;J#>W ;Pred;;797205;HRJM ;Subj;;797206;#LWM ;Objc;;797207;L<M ;Cmpl;Adju;;;;;;;;;;;;;;;;;;;;
493199;324594;Psalms 81:3;link;#>W&;qal;798776;#>W&;Pred;;798777;ZMRH ;Objc;;;;;;;;;;;;;;;;;;;;;;;;;;;;;
493244;324765;Psalms 82:2;link;T#>W&;qal;798891;W;Conj;;798892;PNJ R#<JM ;Objc;;798893;T#>W&;Pred;;;;;;;;;;;;;;;;;;;;;;;;;
493271;324845;Psalms 83:3;link;N#>W ;qal;798949;W;Conj;;798950;M#N>JK ;Subj;;798951;N#>W ;Pred;;798952;R>#00;Objc;;;;;;;;;;;;;;;;;;;;;
493361;325151;Psalms 85:3;link;N#>T ;qal;799137;N#>T ;Pred;;799138;<WN <MK ;Objc;;;;;;;;;;;;;;;;;;;;;;;;;;;;;
493405;325302;Psalms 86:4;link;>#>00;qal;799245;KJ ;Conj;;799246;>LJK ;Cmpl;;799248;NP#J ;Objc;;799249;>#>00;Pred;;;;;;;;;;;;;;;;;;;;;
493520;325684;Psalms 88:16;link;N#>TJ ;qal;799516;N#>TJ ;Pred;;799517;>MJK ;Objc;;;;;;;;;;;;;;;;;;;;;;;;;;;;;
493552;325807;Psalms 89:10;link;#W> ;qal;799598;B#W> ;Pred;;799599;GLJW ;Subj;;;;;;;;;;;;;;;;;;;;;;;;;;;;;
493655;326185;Psalms 89:51;link;#>TJ ;qal;799871;#>TJ ;PreO;;799872;BXJQJ ;Cmpl;;799873;KL&RBJM <MJM00;Objc;;;;;;;;;;;;;;;;;;;;;;;;;
493745;326501;Psalms 91:12;link;J#>WNK ;qal;800083;<L&KPJM ;Cmpl;;800084;J#>WNK ;PreO;;;;;;;;;;;;;;;;;;;;;;;;;;;;;
493808;326716;Psalms 93:3;link;N#>W ;qal;800232;N#>W ;Pred;;800233;NHRWT ;Subj;;;;;;;;;;;;;;;;;;;;;;;;;;;;;
493810;326719;Psalms 93:3;link;N#>W ;qal;800235;N#>W ;Pred;;800236;NHRWT ;Subj;;800237;QWLM ;Objc;;;;;;;;;;;;;;;;;;;;;;;;;
493811;326722;Psalms 93:3;link;J#>W ;qal;800238;J#>W ;Pred;;800239;NHRWT ;Subj;;800240;DKJM00;Objc;;;;;;;;;;;;;;;;;;;;;;;;;
493821;326754;Psalms 94:2;link;HN#> ;nif;800259;HN#> ;Pred;;;;;;;;;;;;;;;;;;;;;;;;;;;;;;;;;
493930;327145;Psalms 96:8;link;#>W&;qal;800537;#>W&;Pred;;800538;MNXH ;Objc;;;;;;;;;;;;;;;;;;;;;;;;;;;;;
494034;327532;Psalms 99:8;link;N#> ;qal;800779;*>L N#> ;PreC;;800780;*HJJT ;Pred;;800781;LHM ;Cmpl;;;;;;;;;;;;;;;;;;;;;;;;;
494113;327812;Psalms 102:11;link;N#>TNJ ;qal;800968;KJ ;Conj;;800969;N#>TNJ ;PreO;;;;;;;;;;;;;;;;;;;;;;;;;;;;;
494493;329200;Psalms 106:26;link;J#> ;qal;801921;W;Conj;;801922;J#> ;Pred;;801923;JDW ;Objc;;801924;LHM ;Cmpl;Adju;;;;;;;;;;;;;;;;;;;;
494954;330975;Psalms 116:13;link;>#> ;qal;803101;KWS&J#W<WT ;Objc;;803102;>#> ;Pred;;;;;;;;;;;;;;;;;;;;;;;;;;;;;
495157;331658;Psalms 119:48;link;>#>&;qal;803591;W;Conj;;803592;>#>&;Pred;;803593;KPJ ;Objc;;803594;>L&MYWTJK ;Cmpl;;;;;;;;;;;;;;;;;;;;;
495482;332707;Psalms 121:1;link;>#> ;qal;804396;>#> ;Pred;;804397;<JNJ ;Objc;;804398;>L&HHRJM ;Cmpl;;;;;;;;;;;;;;;;;;;;;;;;;
495521;332858;Psalms 123:1;link;N#>TJ ;qal;804492;>LJK ;Cmpl;;804493;N#>TJ ;Pred;;804494;>T&<JNJ ;Objc;;;;;;;;;;;;;;;;;;;;;;;;;
495585;333108;Psalms 126:6;link;N#> ;qal;804655;N#> ;PreC;;804656;M#K&HZR< ;Objc;;;;;;;;;;;;;;;;;;;;;;;;;;;;;
495587;333116;Psalms 126:6;link;N#> ;qal;804660;N#> ;PreC;;804661;>LMTJW00;Objc;;;;;;;;;;;;;;;;;;;;;;;;;;;;;
495734;333663;Psalms 134:2;link;#>W&;qal;805028;#>W&;Pred;;805029;JDKM ;Objc;;805030;QD# ;Adju;Cmpl;;;;;;;;;;;;;;;;;;;;;;;;
495928;334403;Psalms 139:9;link;>#> ;qal;805511;>#> ;Pred;;805512;KNPJ&#XR ;Objc;;;;;;;;;;;;;;;;;;;;;;;;;;;;;
495965;334519;Psalms 139:20;link;N#> ;qal;805604;N#> ;PreC;;805605;L#W> ;Adju;;805606;<RJK00;Objc;;;;;;;;;;;;;;;;;;;;;;;;;
496118;335005;Psalms 143:8;link;N#>TJ ;qal;805956;KJ&;Conj;;805957;>LJK ;Cmpl;;805958;N#>TJ ;Pred;;805959;NP#J00;Objc;;;;;;;;;;;;;;;;;;;;;
496556;336772;Job 2:12;link;J#>W ;qal;807092;W;Conj;;807093;J#>W ;Pred;;807094;>T&<JNJHM ;Objc;;807095;MRXWQ ;Cmpl;;;;;;;;;;;;;;;;;;;;;
496558;336781;Job 2:12;link;J#>W ;qal;807099;W;Conj;;807100;J#>W ;Pred;;807101;QWLM ;Objc;;;;;;;;;;;;;;;;;;;;;;;;;
496770;337575;Job 6:2;link;J#>W&;qal;807701;W;Conj;;807702;HWTJ ;Objc;;807703;BM>ZNJM ;Adju;;807704;J#>W&;Pred;;807705;JXD00;Modi;;;;;;;;;;;;;;;;;
496890;337964;Job 7:13;link;J#> ;qal;808022;J#> ;Pred;;808023;B#JXJ ;Cmpl;Adju;808024;M#KBJ00;Subj;;;;;;;;;;;;;;;;;;;;;;;;;
496912;338039;Job 7:21;link;T#> ;qal;808081;W;Conj;;808082;MH ;Ques;;808083;L>&;Nega;;808084;T#> ;Pred;;808085;P#<J ;Objc;;;;;;;;;;;;;;;;;
497110;338714;Job 10:15;link;>#> ;qal;808624;L>&;Nega;;808625;>#> ;Pred;;808626;R>#J ;Objc;;;;;;;;;;;;;;;;;;;;;;;;;
497175;338935;Job 11:15;link;T#> ;qal;808805;KJ&;Conj;;808806;>Z ;Modi;;808807;T#> ;Pred;;808808;PNJK ;Objc;;808809;MMWM ;Cmpl;;;;;;;;;;;;;;;;;
497279;339307;Job 13:8;link;T#>WN ;qal;809085;H;Ques;;809086;PNJW ;Objc;;809087;T#>WN ;Pred;;;;;;;;;;;;;;;;;;;;;;;;;
497286;339333;Job 13:10;link;T#>WN00;qal;809104;>M&;Conj;;809105;BSTR ;Adju;;809106;PNJM ;Objc;;809107;T#>WN00;Pred;;;;;;;;;;;;;;;;;;;;;
497295;339361;Job 13:14;link;>#> ;qal;809130;<L&MH ;Adju;;809131;>#> ;Pred;;809132;B#RJ ;Objc;;809133;B#NJ ;Cmpl;Adju;;;;;;;;;;;;;;;;;;;;
497801;341175;Job 21:3;link;#>WNJ ;qal;810553;#>WNJ ;PreO;;;;;;;;;;;;;;;;;;;;;;;;;;;;;;;;;
497829;341255;Job 21:12;link;J#>W ;qal;810624;J#>W ;Pred;;810625;KTP WKNWR ;Adju;Objc;;;;;;;;;;;;;;;;;;;;;;;;;;;;
497907;341550;Job 22:8;link;N#W> ;qal;810855;W;Conj;;810856;*N#W> PNJM ;Subj;;810857;*J#B ;Pred;;810858;BH00;Cmpl;;;;;;;;;;;;;;;;;;;;;
497951;341712;Job 22:26;link;T#> ;qal;810994;W;Conj;;810995;T#> ;Pred;;810996;>L&>LWH ;Cmpl;;810997;PNJK00;Objc;;;;;;;;;;;;;;;;;;;;;
498036;342000;Job 24:10;link;N#>W ;qal;811222;W;Conj;;811223;R<BJM ;Subj;;811224;N#>W ;Pred;;811225;<MR00;Objc;;;;;;;;;;;;;;;;;;;;;
498129;342361;Job 27:1;link;#>T ;qal;811496;#>T ;Pred;;811497;M#LW ;Objc;;;;;;;;;;;;;;;;;;;;;;;;;;;;;
498183;342546;Job 27:21;link;J#>HW ;qal;811649;J#>HW ;PreO;;811650;QDJM ;Subj;;;;;;;;;;;;;;;;;;;;;;;;;;;;;
498262;342858;Job 29:1;link;#>T ;qal;811874;#>T ;Pred;;811875;M#LW ;Objc;;;;;;;;;;;;;;;;;;;;;;;;;;;;;
498381;343290;Job 30:22;link;T#>NJ ;qal;812193;T#>NJ ;PreO;;812194;>L&RWX ;Cmpl;;;;;;;;;;;;;;;;;;;;;;;;;;;;;
498493;343752;Job 31:36;link;>#>NW ;qal;812540;>M&;Conj;;812541;L> ;Nega;;812542;<L&#KMJ ;Cmpl;;812543;>#>NW ;PreO;;;;;;;;;;;;;;;;;;;;;
498568;344016;Job 32:21;link;>#> ;qal;812748;>L&;Nega;;812749;N> ;Intj;;812750;>#> ;Pred;;812751;PNJ&>J# ;Objc;;;;;;;;;;;;;;;;;;;;;
498572;344030;Job 32:22;link;J#>NJ ;qal;812760;KM<V ;Adju;;812761;J#>NJ ;PreO;;812762;<#NJ00;Subj;;;;;;;;;;;;;;;;;;;;;;;;;
498713;344516;Job 34:19;link;N#> ;qal;813130;>#R ;Rela;;813131;L>&;Nega;;813132;N#> ;Pred;;813133;PNJ #RJM ;Objc;;;;;;;;;;;;;;;;;;;;;
498745;344650;Job 34:31;link;N#>TJ ;qal;813229;N#>TJ ;Pred;;;;;;;;;;;;;;;;;;;;;;;;;;;;;;;;;
498816;344885;Job 36:3;link;>#> ;qal;813422;>#> ;Pred;;813423;D<J ;Objc;;813424;LMRXWQ ;Adju;Cmpl;;;;;;;;;;;;;;;;;;;;;;;;
499182;346277;Job 40:20;link;J#>W&;qal;814448;KJ&;Conj;;814449;BWL ;Objc;;814450;HRJM ;Subj;;814451;J#>W&;Pred;;814452;LW ;Cmpl;;;;;;;;;;;;;;;;;
499300;346721;Job 42:8;link;>#> ;qal;814769;KJ >M&;Conj;;814770;PNJW ;Objc;;814771;>#> ;Pred;;;;;;;;;;;;;;;;;;;;;;;;;
499306;346755;Job 42:9;link;J#> ;qal;814790;W;Conj;;814791;J#> ;Pred;;814792;JHWH ;Subj;;814793;>T&PNJ >JWB00;Objc;;;;;;;;;;;;;;;;;;;;;
499775;348563;Proverbs 6:35;link;J#> ;qal;816055;L>&;Nega;;816056;J#> ;Pred;;816057;PNJ KL&KPR ;Objc;;;;;;;;;;;;;;;;;;;;;;;;;
499971;349267;Proverbs 9:12;link;T#>00;qal;816537;LBDK ;Adju;;816538;T#>00;Pred;;;;;;;;;;;;;;;;;;;;;;;;;;;;;
500607;351640;Proverbs 18:5;link;#>T ;qal;818203;#>T ;Pred;;818204;PNJ&R#< ;Objc;;;;;;;;;;;;;;;;;;;;;;;;;;;;;
500631;351735;Proverbs 18:14;link;J#>NH00;qal;818266;MJ ;Subj;;818267;J#>NH00;PreO;;;;;;;;;;;;;;;;;;;;;;;;;;;;;
500703;352002;Proverbs 19:18;link;T#> ;qal;818458;W;Conj;;818460;>L&;Nega;;818461;T#> ;Pred;;818462;NP#K00;Objc;;;;;;;;;;;;;;;;;;;;;
500705;352006;Proverbs 19:19;link;N#> ;qal;818463;GDL&XMH ;Subj;;818464;N#> ;PreC;;818465;<N# ;Objc;;;;;;;;;;;;;;;;;;;;;;;;;
501568;355256;Proverbs 30:13;link;JN#>W00;nif;820709;W;Conj;;820710;<P<PJW ;Subj;;820711;JN#>W00;Pred;;;;;;;;;;;;;;;;;;;;;;;;;
501606;355365;Proverbs 30:21;link;#>T00;qal;820784;#>T00;Pred;;;;;;;;;;;;;;;;;;;;;;;;;;;;;;;;;
501637;355461;Proverbs 30:32;link;HTN#> ;hit;820852;BHTN#> ;Pred;;;;;;;;;;;;;;;;;;;;;;;;;;;;;;;;;
501739;355848;Ruth 1:4;link;J#>W ;qal;821118;W;Conj;;821119;J#>W ;Pred;;821120;LHM ;Cmpl;Adju;821121;N#JM M>BJWT ;Objc;;;;;;;;;;;;;;;;;;;;;
501765;355967;Ruth 1:9;link;T#>NH ;qal;821194;W;Conj;;821195;T#>NH ;Pred;;821196;QWLN ;Objc;;;;;;;;;;;;;;;;;;;;;;;;;
501791;356049;Ruth 1:14;link;T#NH ;qal;821264;W;Conj;;821265;T#NH ;Pred;;821266;QWLN ;Objc;;;;;;;;;;;;;;;;;;;;;;;;;
501937;356608;Ruth 2:18;link;T#> ;qal;821674;W;Conj;;821675;T#> ;Pred;;;;;;;;;;;;;;;;;;;;;;;;;;;;;
502454;358551;Song_of_songs 5:7;link;N#>W ;qal;822984;N#>W ;Pred;;822985;>T&RDJDJ ;Objc;;822986;M<LJ ;Cmpl;;822987;#MRJ HXMWT00;Subj;;;;;;;;;;;;;;;;;;;;;
503110;361109;Ecclesiastes 5:14;link;J#> ;qal;824607;W;Conj;;824608;M>WMH ;Objc;;824609;L>&;Nega;;824610;J#> ;Pred;;824611;B<MLW ;Adju;;;;;;;;;;;;;;;;;
503134;361204;Ecclesiastes 5:18;link;#>T ;qal;824672;W;Conj;;824673;L#>T ;Pred;;824674;>T&XLQW ;Objc;;;;;;;;;;;;;;;;;;;;;;;;;
503869;364364;Lamentations 2:19;link;#>J ;qal;826756;#>J ;Pred;;826757;>LJW ;Cmpl;;826758;KPJK ;Objc;;826759;<L&NP# <WLLJK ;Adju;;;;;;;;;;;;;;;;;;;;;
503943;364639;Lamentations 3:27;link;J#> ;qal;826938;KJ&;Conj;;826939;J#> ;Pred;;826940;<L ;Objc;;826941;BN<WRJW00;Adju;Time;;;;;;;;;;;;;;;;;;;;
503969;364743;Lamentations 3:41;link;N#> ;qal;827012;N#> ;Pred;;827013;LBBNW ;Objc;;827014;>L&KPJM ;Adju;Cmpl;827015;>L&>L B#MJM00;Cmpl;;;;;;;;;;;;;;;;;;;;;
504083;365170;Lamentations 4:16;link;N#>W ;qal;827289;PNJ KHNJM ;Objc;;827290;L> ;Nega;;827291;N#>W ;Pred;;;;;;;;;;;;;;;;;;;;;;;;;
504143;365360;Lamentations 5:13;link;N#>W ;qal;827430;BXWRJM ;Subj;;827431;VXWN ;Objc;;827432;N#>W ;Pred;;;;;;;;;;;;;;;;;;;;;;;;;
504269;366217;Esther 2:9;link;T#> ;qal;827821;W;Conj;;827822;T#> ;Pred;;827823;XSD ;Objc;;827824;LPNJW ;Cmpl;;;;;;;;;;;;;;;;;;;;;
504303;366443;Esther 2:15;link;N#>T ;qal;827929;W;Conj;;827930;THJ ;Pred;;827931;>STR ;Subj;;827932;N#>T ;PreC;;827933;XN ;Objc;;827934;B<JNJ KL&R>JH00;Cmpl;;;;;;;;;;;;;
504307;366483;Esther 2:17;link;T#>&;qal;827949;W;Conj;;827950;T#>&;Pred;;827951;XN WXSD ;Objc;;827952;LPNJW ;Cmpl;;827953;MKL&HBTWLT ;Adju;;;;;;;;;;;;;;;;;
504331;366658;Esther 3:1;link;JN#>HW ;piel;828038;W;Conj;;828039;JN#>HW ;PreO;;;;;;;;;;;;;;;;;;;;;;;;;;;;;
504498;367580;Esther 5:2;link;N#>H ;qal;828526;N#>H ;Pred;;828527;XN ;Objc;;828528;B<JNJW ;Cmpl;;;;;;;;;;;;;;;;;;;;;;;;;
504545;367815;Esther 5:11;link;N#>W ;piel;828669;W;Conj;;828670;>T >#R ;Rela;;828671;N#>W ;PreO;;828672;<L&H#RJM W<BDJ HMLK00;Cmpl;;;;;;;;;;;;;;;;;;;;;
504783;369257;Esther 9:3;link;MN#>JM ;piel;829410;W;Conj;;829411;KL&#RJ HMDJNWT WH>X#DRPNJM WHPXWT W<#J HML>KH ;Subj;;829414;MN#>JM ;PreC;;829415;>T&HJHWDJM ;Objc;;;;;;;;;;;;;;;;;;;;;
504955;370406;Daniel 1:16;link;N#> ;qal;829957;HMLYR ;Subj;;829958;N#> ;PreC;;829959;>T&PTBGM WJJN M#TJHM ;Objc;;;;;;;;;;;;;;;;;;;;;;;;;
505142;371243;Daniel 2:35;link;N#> ;peal;830499;W;Conj;;830500;N#> ;Pred;;830501;HMWN ;Objc;;830502;RWX> ;Subj;;;;;;;;;;;;;;;;;;;;;
506007;375205;Daniel 8:3;link;>#> ;qal;833065;W;Conj;;833066;>#> ;Pred;;833067;<JNJ ;Objc;;;;;;;;;;;;;;;;;;;;;;;;;
506280;376513;Daniel 10:5;link;>#> ;qal;833824;W;Conj;;833825;>#> ;Pred;;833826;>T&<JNJ ;Objc;;;;;;;;;;;;;;;;;;;;;;;;;
506426;377158;Daniel 11:12;link;N#> ;nif;834248;W;Conj;;834249;N#> ;Pred;;834250;HHMWN ;Subj;;;;;;;;;;;;;;;;;;;;;;;;;
506435;377213;Daniel 11:14;link;JN#>W ;nif;834278;W;Conj;;834279;BNJ PRJYJ <MK ;Subj;;834280;JN#>W ;Pred;;;;;;;;;;;;;;;;;;;;;;;;;
506653;378236;Ezra 1:4;link;JN#>WHW ;piel;834910;JN#>WHW ;PreO;;834911;>N#J MQMW ;Subj;;834912;BKSP WBZHB WBRKW# WBBHMH ;Adju;;834913;<M&HNDBH LBJT H>LHJM ;Adju;;;;;;;;;;;;;;;;;;;;;
506898;379900;Ezra 4:19;link;MTN#>H ;htpa;835566;DJ ;Conj;;835567;QRJT> DK ;Subj;;835568;MN&JWMT <LM> ;Time;;835569;<L&MLKJN ;Cmpl;;835570;MTN#>H ;PreC;;;;;;;;;;;;;;;;;
506984;380341;Ezra 5:15;link;#> ;peal;835832;>L M>NJ> ;Objc;Cmpl;835833;#> ;Pred;;;;;;;;;;;;;;;;;;;;;;;;;;;;;
507265;382241;Ezra 8:36;link;N#>W ;piel;836681;W;Conj;;836682;N#>W ;Pred;;836683;>T&H<M W>T&BJT&H>LHJM00;Objc;;;;;;;;;;;;;;;;;;;;;;;;;
507270;382296;Ezra 9:2;link;N#>W ;qal;836697;KJ&;Conj;;836698;N#>W ;Pred;;836699;MBNTJHM ;Adju;Cmpl;836700;LHM WLBNJHM ;Cmpl;Adju;;;;;;;;;;;;;;;;;;;;
507321;382591;Ezra 9:12;link;T#>W ;qal;836853;W;Conj;;836854;BNTJHM ;Objc;;836855;>L&;Nega;;836856;T#>W ;Pred;;836857;LBNJKM ;Cmpl;Adju;;;;;;;;;;;;;;;;
507454;383392;Ezra 10:44;link;N#>W ;qal;837226;KL&>LH ;Subj;;837227;N#>W ;Pred;;837228;N#JM NKRJWT ;Objc;;;;;;;;;;;;;;;;;;;;;;;;;
507513;383714;Nehemiah 2:1;link;>#> ;qal;837400;W;Conj;;837401;>#> ;Pred;;837402;>T&HJJN ;Objc;;;;;;;;;;;;;;;;;;;;;;;;;
507774;385255;Nehemiah 4:11;link;N#>JM ;qal;838219;W;Conj;;838220;*HN#>JM BSBL ;Subj;;838221;<M#JM ;PreC;;;;;;;;;;;;;;;;;;;;;;;;;
508253;388090;Nehemiah 9:15;link;N#>T ;qal;839572;>#R&;Rela;;839573;N#>T ;Pred;;839574;>T&JDK ;Objc;;;;;;;;;;;;;;;;;;;;;;;;;
508729;391110;Nehemiah 13:25;link;T#>W ;qal;840896;W;Conj;;840897;>M&;Conj;;840898;T#>W ;Pred;;840899;MBNTJHM ;Adju;Cmpl;840900;LBNJKM WLKM00;Cmpl;Adju;;;;;;;;;;;;;;;;
509144;393719;1_Chronicles 5:18;link;N#>J ;qal;842074;N#>J ;PreC;;842075;MGN WXRB ;Objc;;;;;;;;;;;;;;;;;;;;;;;;;;;;;
509544;396753;1_Chronicles 10:4;link;N#> ;qal;843209;W;Conj;;843210;*J>MR ;Pred;;843211;#>WL ;Subj;;843212;*>L&N#> KLJW ;Cmpl;;;;;;;;;;;;;;;;;;;;;
509549;396772;1_Chronicles 10:4;link;N#> ;qal;843224;W;Conj;;843225;L> ;Nega;;843226;*>BH ;Pred;;843227;*N#> KLJW ;Subj;;;;;;;;;;;;;;;;;;;;;
509553;396788;1_Chronicles 10:5;link;N#>&;qal;843238;W;Conj;;843239;*JR> ;Pred;;843240;*N#>&KLJW ;Subj;;;;;;;;;;;;;;;;;;;;;;;;;
509573;396867;1_Chronicles 10:9;link;J#>W ;qal;843294;W;Conj;;843295;J#>W ;Pred;;843296;>T&R>#W W>T&KLJW ;Objc;;;;;;;;;;;;;;;;;;;;;;;;;
509581;396917;1_Chronicles 10:12;link;J#>W ;qal;843322;W;Conj;;843323;J#>W ;Pred;;843324;>T&GWPT #>WL W>T GWPT BNJW ;Objc;;;;;;;;;;;;;;;;;;;;;;;;;
509655;397339;1_Chronicles 11:18;link;J#>W ;qal;843570;W;Conj;;843571;J#>W ;Pred;;;;;;;;;;;;;;;;;;;;;;;;;;;;;
509704;397636;1_Chronicles 11:39;link;N#> ;qal;843695;N#> ;PreC;;843696;KLJ JW>B BN&YRWJH00;Objc;;;;;;;;;;;;;;;;;;;;;;;;;;;;;
509791;398147;1_Chronicles 12:25;link;N#>J ;qal;843910;N#>J ;PreC;;843911;YNH WRMX ;Objc;;;;;;;;;;;;;;;;;;;;;;;;;;;;;
509888;398783;1_Chronicles 14:2;link;N#>T ;nif;844211;KJ&;Conj;;844212;N#>T ;Pred;;844213;LM<LH ;Cmpl;;844214;MLKWTW ;Subj;;844215;B<BWR <MW J#R>L00;Adju;;;;;;;;;;;;;;;;;
509941;399059;1_Chronicles 15:2;link;#>T ;qal;844386;L> ;Nega;;844387;L#>T ;Pred;;844388;>T&>RWN H>LHJM ;Objc;;;;;;;;;;;;;;;;;;;;;;;;;
509944;399073;1_Chronicles 15:2;link;#>T ;qal;844395;L#>T ;Pred;;844396;>T&>RWN JHWH ;Objc;;;;;;;;;;;;;;;;;;;;;;;;;;;;;
509973;399254;1_Chronicles 15:15;link;J#>W ;qal;844483;W;Conj;;844484;J#>W ;Pred;;844485;BNJ&HLWJM ;Subj;;844486;>T >RWN H>LHJM ;Objc;;844491;BKTPM ;Adju;Cmpl;844492;BMVWT <LJHM00;Adju;;;;;;;;;;;;;
510001;399494;1_Chronicles 15:26;link;N#>J ;qal;844564;N#>J ;PreC;;844565;>RWN BRJT&JHWH ;Objc;;;;;;;;;;;;;;;;;;;;;;;;;;;;;
510005;399516;1_Chronicles 15:27;link;N#>JM ;qal;844575;H;Rela;;844576;N#>JM ;PreC;;844577;>T&H>RWN ;Objc;;;;;;;;;;;;;;;;;;;;;;;;;
510089;399948;1_Chronicles 16:29;link;#>W ;qal;844802;#>W ;Pred;;844803;MNXH ;Objc;;;;;;;;;;;;;;;;;;;;;;;;;;;;;
510272;400807;1_Chronicles 18:2;link;N#>J ;qal;845314;N#>J ;PreC;;845315;MNXH00;Objc;;;;;;;;;;;;;;;;;;;;;;;;;;;;;
510284;400884;1_Chronicles 18:6;link;N#>J ;qal;845357;N#>J ;PreC;;845358;MNXH ;Objc;;;;;;;;;;;;;;;;;;;;;;;;;;;;;
510302;401006;1_Chronicles 18:11;link;N#> ;qal;845418;>#R ;Rela;;845419;N#> ;Pred;;845420;MKL&HGWJM M>DWM WMMW>B WMBNJ <MWN WMPL#TJM WM<MLQ00;Cmpl;;;;;;;;;;;;;;;;;;;;;;;;;
510515;402122;1_Chronicles 21:16;link;J#> ;qal;846096;W;Conj;;846097;J#> ;Pred;;846098;DWJD ;Subj;;846099;>T&<JNJW ;Objc;;;;;;;;;;;;;;;;;;;;;
510565;402361;1_Chronicles 21:24;link;>#> ;qal;846246;KJ ;Conj;;846247;L>&;Nega;;846248;>#> ;Pred;;846251;LJHWH ;Cmpl;Adju;;;;;;;;;;;;;;;;;;;;
510729;403226;1_Chronicles 23:22;link;J#>WM ;qal;846727;W;Conj;;846728;J#>WM ;PreO;;846729;BNJ&QJ# >XJHM00;Subj;;;;;;;;;;;;;;;;;;;;;;;;;
510737;403290;1_Chronicles 23:26;link;#>T ;qal;846753;L#>T ;Pred;;846754;>T&HM#KN W>T&KL&KLJW L<BDTW00;Objc;;;;;;;;;;;;;;;;;;;;;;;;;;;;;
511023;405238;1_Chronicles 27:23;link;N#> ;qal;847448;W;Conj;;847449;L>&;Nega;;847450;N#> ;Pred;;847451;DWJD ;Subj;;847452;MSPRM ;Objc;;847453;LMBN <#RJM #NH WLMVH ;Cmpl;Adju;;;;;;;;;;;;
511181;406365;1_Chronicles 29:11;link;MTN#> ;hit;847897;W;Conj;;847898;H;Rela;;847899;MTN#> ;PreC;;847900;LKL ;Cmpl;;847901;LR>#00;Cmpl;Adju;;;;;;;;;;;;;;;;
511530;408661;2_Chronicles 5:4;link;J#>W ;qal;848994;W;Conj;;848995;J#>W ;Pred;;848996;HLWJM ;Subj;;848997;>T&H>RWN00;Objc;;;;;;;;;;;;;;;;;;;;;
511948;411042;2_Chronicles 9:1;link;N#>JM ;qal;850268;N#>JM ;PreC;;850269;B#MJM WZHB LRB W>BN JQRH ;Objc;;;;;;;;;;;;;;;;;;;;;;;;;;;;;
512018;411521;2_Chronicles 9:21;link;N#>WT ;qal;850504;N#>WT ;PreC;;850505;ZHB WKSP #NHBJM WQWPJM WTWKJJM00;Objc;;;;;;;;;;;;;;;;;;;;;;;;;;;;;
512192;412540;2_Chronicles 11:21;link;N#> ;qal;851037;KJ ;Conj;;851038;N#JM #MWNH&<#RH ;Objc;;851039;N#> ;Pred;;;;;;;;;;;;;;;;;;;;;;;;;
512245;412831;2_Chronicles 12:11;link;N#>WM ;qal;851196;W;Conj;;851197;N#>WM ;PreO;;;;;;;;;;;;;;;;;;;;;;;;;;;;;
512349;413429;2_Chronicles 13:21;link;J#>&;qal;851514;W;Conj;;851515;J#>&;Pred;;851516;LW ;Cmpl;Adju;851517;N#JM >RB< <#RH ;Objc;;;;;;;;;;;;;;;;;;;;;
512382;413615;2_Chronicles 14:7;link;N#> ;qal;851618;N#> ;PreC;;851619;YNH WRMX ;Objc;;;;;;;;;;;;;;;;;;;;;;;;;;;;;
512385;413627;2_Chronicles 14:7;link;N#>J ;qal;851624;N#>J ;PreC;;851625;MGN ;Objc;;;;;;;;;;;;;;;;;;;;;;;;;;;;;
512411;413757;2_Chronicles 14:12;link;J#>W ;qal;851698;W;Conj;;851699;J#>W ;Pred;;851700;#LL HRBH M>D00;Objc;;;;;;;;;;;;;;;;;;;;;;;;;
512500;414322;2_Chronicles 16:6;link;J#>W ;qal;851970;W;Conj;;851971;J#>W ;Pred;;851972;>T&>BNJ HRMH W>T&<YJH ;Objc;;;;;;;;;;;;;;;;;;;;;;;;;
513214;418235;2_Chronicles 24:3;link;J#>&;qal;854103;W;Conj;;854104;J#>&;Pred;;854105;LW ;Cmpl;Adju;854106;JHWJD< ;Subj;;854107;N#JM #TJM ;Objc;;;;;;;;;;;;;;;;;
513248;418453;2_Chronicles 24:11;link;J#>HW ;qal;854209;W;Conj;;854210;J#>HW ;PreO;;;;;;;;;;;;;;;;;;;;;;;;;;;;;
513427;419364;2_Chronicles 25:19;link;N#>K ;qal;854745;W;Conj;;854746;N#>K ;PreO;;854747;LBK ;Subj;;;;;;;;;;;;;;;;;;;;;;;;;
513459;419558;2_Chronicles 25:28;link;J#>HW ;qal;854847;W;Conj;;854848;J#>HW ;PreO;;854849;<L&HSWSJM ;Adju;Cmpl;;;;;;;;;;;;;;;;;;;;;;;;
514106;423622;2_Chronicles 32:23;link;JN#> ;nif;856831;W;Conj;;856832;JN#> ;Pred;;856833;L<JNJ KL&HGWJM ;Cmpl;;856834;M>XRJ&KN00;Time;;;;;;;;;;;;;;;;;;;;;
