clause#;word#;passage;;verb;;phr1#;phr1_txt;phr1_function;phr1_corr;phr2#;phr2_txt;phr2_function;phr2_corr;phr3#;phr3_txt;phr3_function;phr3_corr;phr4#;phr4_txt;phr4_function;phr4_corr;phr5#;phr5_txt;phr5_function;phr5_corr;phr6#;phr6_txt;phr6_function;phr6_corr;phr7#;phr7_txt;phr7_function;phr7_corr;phr8#;phr8_txt;phr8_function;phr8_corr
426577;57;Genesis 1:5;;JQR> ;;605165;W;Conj;;605166;JQR> ;Pred;;605167;>LHJM ;Subj;;605168;L>WR ;Cmpl;;605169;JWM ;Objc;;;;;;;;;;;;;
426578;67;Genesis 1:5;;QR> ;;605170;W;Conj;;605171;LX#K ;Cmpl;;605172;QR> ;Pred;;605173;LJLH ;Objc;;;;;;;;;;;;;;;;;
426590;124;Genesis 1:8;;JQR> ;;605205;W;Conj;;605206;JQR> ;Pred;;605207;>LHJM ;Subj;;605208;LRQJ< ;Cmpl;;605209;#MJM ;Objc;;;;;;;;;;;;;
426598;159;Genesis 1:10;;JQR> ;;605229;W;Conj;;605230;JQR> ;Pred;;605231;>LHJM ;Subj;;605232;LJB#H ;Cmpl;;605233;>RY ;Objc;;;;;;;;;;;;;
426599;170;Genesis 1:10;;QR> ;;605234;W;Conj;;605235;LMQWH HMJM ;Cmpl;;605236;QR> ;Pred;;605237;JMJM ;Objc;;;;;;;;;;;;;;;;;
426764;1035;Genesis 2:19;;JQR>&;;605709;MH&;Objc;;605710;JQR>&;Pred;;605711;LW ;Cmpl;;;;;;;;;;;;;;;;;;;;;
426766;1040;Genesis 2:19;;JQR>&;;605714;>#R ;Rela;;605715;JQR>&;Pred;;605716;LW ;Cmpl;;605717;H>DM ;Subj;;605718;NP# XJH ;Objc;;;;;;;;;;;;;
426768;1049;Genesis 2:20;;JQR> ;;605721;W;Conj;;605722;JQR> ;Pred;;605723;H>DM ;Subj;;605724;#MWT ;Objc;;605725;LKL&HBHMH WL<WP H#MJM WLKL XJT H#DH ;Cmpl;;;;;;;;;;;;;
426779;1130;Genesis 2:23;;JQR> ;;605762;LZ>T ;Cmpl;;605763;JQR> ;Pred;;605764;>#H ;Objc;;;;;;;;;;;;;;;;;;;;;
426824;1343;Genesis 3:9;;JQR> ;;605899;W;Conj;;605900;JQR> ;Pred;;605901;JHWH >LHJM ;Subj;;605902;>L&H>DM ;Cmpl;;;;;;;;;;;;;;;;;
426876;1561;Genesis 3:20;;JQR> ;;606044;W;Conj;;606045;JQR> ;Pred;;606046;H>DM ;Subj;;606047;#M >#TW ;Objc;;606048;XWH ;Objc;;;;;;;;;;;;;
426962;1957;Genesis 4:17;;JQR> ;;606304;W;Conj;;606305;JQR> ;Pred;;606306;#M H<JR ;Objc;;606307;K#M BNW XNWK00;Cmpl;;;;;;;;;;;;;;;;;
426987;2084;Genesis 4:25;;TQR> ;;606386;W;Conj;;606387;TQR> ;Pred;;606388;>T&#MW ;Objc;;606389;#T ;Objc;;;;;;;;;;;;;;;;;
426991;2107;Genesis 4:26;;JQR> ;;606403;W;Conj;;606404;JQR> ;Pred;;606405;>T&#MW ;Objc;;606406;>NW# ;Objc;;;;;;;;;;;;;;;;;
426993;2114;Genesis 4:26;;QR> ;;606409;LQR> ;Pred;;606410;B#M JHWH00;Cmpl;;;;;;;;;;;;;;;;;;;;;;;;;
426999;2140;Genesis 5:2;;JQR> ;;606424;W;Conj;;606425;JQR> ;Pred;;606426;>T&#MM ;Objc;;606427;>DM ;Objc;;606428;BJWM ;Time;;;;;;;;;;;;;
427003;2161;Genesis 5:3;;JQR> ;;606438;W;Conj;;606439;JQR> ;Pred;;606440;>T&#MW ;Objc;;606441;#T00;Objc;;;;;;;;;;;;;;;;;
427063;2527;Genesis 5:29;;JQR> ;;606629;W;Conj;;606630;JQR> ;Pred;;606631;>T&#MW ;Objc;;606632;NX ;Objc;;;;;;;;;;;;;;;;;
427462;5114;Genesis 11:9;;QR> ;;607897;<L&KN ;Adju;;607898;QR> ;Pred;;607899;#MH ;Objc;;607900;BBL ;Objc;;;;;;;;;;;;;;;;;
427557;5659;Genesis 12:8;;JQR> ;;608210;W;Conj;;608211;JQR> ;Pred;;608212;B#M JHWH00;Cmpl;;;;;;;;;;;;;;;;;;;;;
427589;5814;Genesis 12:18;;JQR> ;;608314;W;Conj;;608315;JQR> ;Pred;;608316;PR<H ;Subj;;608317;L>BRM ;Cmpl;;;;;;;;;;;;;;;;;
427611;5931;Genesis 13:4;;JQR> ;;608387;W;Conj;;608388;JQR> ;Pred;;608389;#M ;Loca;;608390;>BRM ;Subj;;608391;B#M JHWH00;Cmpl;;;;;;;;;;;;;
427862;7233;Genesis 16:11;;QR>T ;;609140;W;Conj;;609141;QR>T ;Pred;;609142;#MW ;Objc;;609143;J#M<>L ;Objc;;;;;;;;;;;;;;;;;
427868;7261;Genesis 16:13;;TQR> ;;609160;W;Conj;;609161;TQR> ;Pred;;609162;#M&JHWH ;Objc;;;;;;;;;;;;;;;;;;;;;
427874;7280;Genesis 16:14;;QR> ;;609174;<L&KN ;Adju;;609175;QR> ;Pred;;609176;LB>R ;Cmpl;;609177;B>R LXJ R>J ;Objc;;;;;;;;;;;;;;;;;
427877;7299;Genesis 16:15;;JQR> ;;609185;W;Conj;;609186;JQR> ;Pred;;609187;>BRM ;Subj;;609188;#M&BNW ;Objc;;609192;J#M<>L00;Objc;;;;;;;;;;;;;
427895;7383;Genesis 17:5;;JQR> ;;609242;W;Conj;;609243;L>&;Nega;;609244;JQR> ;Pred;;609245;<WD ;Modi;;609246;>T&#MK ;Subj;;609247;>BRM ;Objc;;;;;;;;;
427923;7569;Genesis 17:15;;TQR> ;;609341;L>&;Nega;;609342;TQR> ;Pred;;609343;>T&#MH ;Objc;;609344;#RJ ;Objc;;;;;;;;;;;;;;;;;
427940;7641;Genesis 17:19;;QR>T ;;609399;W;Conj;;609400;QR>T ;Pred;;609401;>T&#MW ;Objc;;609402;JYXQ ;Objc;;;;;;;;;;;;;;;;;
428145;8520;Genesis 19:5;;JQR>W ;;609986;W;Conj;;609987;JQR>W ;Pred;;609988;>L&LWV ;Cmpl;;;;;;;;;;;;;;;;;;;;;
428239;8923;Genesis 19:22;;QR> ;;610255;<L&KN ;Adju;;610256;QR> ;Pred;;610257;#M&H<JR ;Objc;;610258;YW<R00;Objc;;;;;;;;;;;;;;;;;
428292;9217;Genesis 19:37;;TQR> ;;610427;W;Conj;;610428;TQR> ;Pred;;610429;#MW ;Objc;;610430;MW>B ;Objc;;;;;;;;;;;;;;;;;
428295;9234;Genesis 19:38;;TQR> ;;610438;W;Conj;;610439;TQR> ;Pred;;610440;#MW ;Objc;;610441;BN&<MJ ;Objc;;;;;;;;;;;;;;;;;
428335;9404;Genesis 20:8;;JQR> ;;610560;W;Conj;;610561;JQR> ;Pred;;610562;LKL&<BDJW ;Cmpl;;;;;;;;;;;;;;;;;;;;;
428338;9424;Genesis 20:9;;JQR> ;;610571;W;Conj;;610572;JQR> ;Pred;;610573;>BJMLK ;Subj;;610574;L>BRHM ;Cmpl;;;;;;;;;;;;;;;;;
428386;9654;Genesis 21:3;;JQR> ;;610728;W;Conj;;610729;JQR> ;Pred;;610730;>BRHM ;Subj;;610731;>T&#M&BNW ;Objc;;610739;JYXQ00;Objc;;;;;;;;;;;;;
428416;9808;Genesis 21:12;;JQR> ;;610828;KJ ;Conj;;610829;BJYXQ ;Adju;;610830;JQR> ;Pred;;610831;LK ;Cmpl;;610832;ZR<00;Subj;;;;;;;;;;;;;
428438;9909;Genesis 21:17;;JQR> ;;610893;W;Conj;;610894;JQR> ;Pred;;610895;ML>K >LHJM ;Subj;;610896;>L&HGR ;Cmpl;;610897;MN&H#MJM ;Loca;;;;;;;;;;;;;
428491;10167;Genesis 21:31;;QR> ;;611061;<L&KN ;Adju;;611062;QR> ;Pred;;611063;LMQWM HHW> ;Cmpl;;611064;B>R #B< ;Objc;;;;;;;;;;;;;;;;;
428497;10204;Genesis 21:33;;JQR>&;;611083;W;Conj;;611084;JQR>&;Pred;;611085;#M ;Loca;;611086;B#M JHWH >L <WLM00;Cmpl;;;;;;;;;;;;;;;;;
428552;10469;Genesis 22:11;;JQR> ;;611251;W;Conj;;611252;JQR> ;Pred;;611253;>LJW ;Cmpl;;611254;ML>K JHWH ;Subj;;611255;MN&H#MJM ;Loca;;;;;;;;;;;;;
428570;10543;Genesis 22:14;;JQR> ;;611307;W;Conj;;611308;JQR> ;Pred;;611309;>BRHM ;Subj;;611310;#M&HMQWM HHW> ;Objc;;;;;;;;;;;;;;;;;
428574;10561;Genesis 22:15;;JQR> ;;611318;W;Conj;;611319;JQR> ;Pred;;611320;ML>K JHWH ;Subj;;611321;>L&>BRHM ;Cmpl;;611322;#NJT ;Modi;;611323;MN&H#MJM00;Loca;;;;;;;;;
428936;12228;Genesis 24:57;;NQR> ;;612351;NQR> ;Pred;;612352;LN<R ;Cmpl;;;;;;;;;;;;;;;;;;;;;;;;;
428938;12237;Genesis 24:58;;JQR>W ;;612356;W;Conj;;612357;JQR>W ;Pred;;612358;LRBQH ;Cmpl;;;;;;;;;;;;;;;;;;;;;
429052;12819;Genesis 25:25;;JQR>W ;;612685;W;Conj;;612686;JQR>W ;Pred;;612687;#MW ;Objc;;612688;<#W00;Objc;;;;;;;;;;;;;;;;;
429055;12834;Genesis 25:26;;JQR> ;;612697;W;Conj;;612698;JQR> ;Pred;;612699;#MW ;Objc;;612700;J<QB ;Objc;;;;;;;;;;;;;;;;;
429073;12909;Genesis 25:30;;QR>&;;612753;<L&KN ;Adju;;612754;QR>&;Pred;;612755;#MW ;Objc;;612756;>DWM00;Objc;;;;;;;;;;;;;;;;;
429123;13147;Genesis 26:9;;JQR> ;;612909;W;Conj;;612910;JQR> ;Pred;;612911;>BJMLK ;Subj;;612912;LJYXQ ;Cmpl;;;;;;;;;;;;;;;;;
429161;13323;Genesis 26:18;;JQR> ;;613029;W;Conj;;613030;JQR> ;Pred;;613031;LHN ;Cmpl;;613032;#MWT K#MT ;Objc;;;;;;;;;;;;;;;;;
429162;13330;Genesis 26:18;;QR> ;;613033;>#R&;Rela;;613034;QR> ;Pred;;613035;LHN ;Cmpl;;613036;>BJW00;Subj;;;;;;;;;;;;;;;;;
429168;13359;Genesis 26:20;;JQR> ;;613052;W;Conj;;613053;JQR> ;Pred;;613054;#M&HB>R ;Objc;;613055;<#Q ;Objc;;;;;;;;;;;;;;;;;
429172;13376;Genesis 26:21;;JQR> ;;613065;W;Conj;;613066;JQR> ;Pred;;613067;#MH ;Objc;;613068;#VNH00;Objc;;;;;;;;;;;;;;;;;
429176;13392;Genesis 26:22;;JQR> ;;613079;W;Conj;;613080;JQR> ;Pred;;613081;#MH ;Objc;;613082;RXBWT ;Objc;;;;;;;;;;;;;;;;;
429189;13448;Genesis 26:25;;JQR> ;;613121;W;Conj;;613122;JQR> ;Pred;;613123;B#M JHWH ;Cmpl;;;;;;;;;;;;;;;;;;;;;
429223;13587;Genesis 26:33;;JQR> ;;613229;W;Conj;;613230;JQR> ;Pred;;613231;>TH ;Objc;;613232;#B<H ;Objc;;;;;;;;;;;;;;;;;
429232;13644;Genesis 27:1;;JQR> ;;613258;W;Conj;;613259;JQR> ;Pred;;613260;>T&<#W BNW HGDL ;Objc;;;;;;;;;;;;;;;;;;;;;
429402;14255;Genesis 27:36;;QR> ;;613706;H;Ques;;613707;KJ ;Conj;;613708;QR> ;Pred;;613709;#MW ;Objc;;613710;J<QB ;Objc;;;;;;;;;;;;;
429441;14406;Genesis 27:42;;TQR> ;;613820;W;Conj;;613821;TQR> ;Pred;;613822;LJ<QB BNH HQVN ;Cmpl;;;;;;;;;;;;;;;;;;;;;
429462;14498;Genesis 28:1;;JQR> ;;613882;W;Conj;;613883;JQR> ;Pred;;613884;JYXQ ;Subj;;613885;>L&J<QB ;Cmpl;;;;;;;;;;;;;;;;;
429538;14868;Genesis 28:19;;JQR> ;;614123;W;Conj;;614124;JQR> ;Pred;;614125;>T&#M&HMQWM HHW> ;Objc;;614126;BJT&>L ;Objc;;;;;;;;;;;;;;;;;
429676;15507;Genesis 29:32;;TQR> ;;614561;W;Conj;;614562;TQR> ;Pred;;614563;#MW ;Objc;;614564;R>WBN ;Objc;;;;;;;;;;;;;;;;;
429686;15542;Genesis 29:33;;TQR> ;;614593;W;Conj;;614594;TQR> ;Pred;;614595;#MW ;Objc;;614596;#M<WN00;Objc;;;;;;;;;;;;;;;;;
429692;15566;Genesis 29:34;;QR>&;;614614;<L&KN ;Adju;;614615;QR>&;Pred;;614616;#MW ;Objc;;614617;LWJ00;Objc;;;;;;;;;;;;;;;;;
429697;15584;Genesis 29:35;;QR>H ;;614629;<L&KN ;Adju;;614630;QR>H ;Pred;;614631;#MW ;Objc;;614632;JHWDH ;Objc;;;;;;;;;;;;;;;;;
429724;15685;Genesis 30:6;;QR>H ;;614713;<L&KN ;Adju;;614714;QR>H ;Pred;;614715;#MW ;Objc;;614716;DN00;Objc;;;;;;;;;;;;;;;;;
429730;15711;Genesis 30:8;;TQR> ;;614733;W;Conj;;614734;TQR> ;Pred;;614735;#MW ;Objc;;614736;NPTLJ00;Objc;;;;;;;;;;;;;;;;;
429739;15747;Genesis 30:11;;TQR> ;;614761;W;Conj;;614762;TQR> ;Pred;;614763;>T&#MW ;Objc;;614764;GD00;Objc;;;;;;;;;;;;;;;;;
429744;15769;Genesis 30:13;;TQR> ;;614777;W;Conj;;614778;TQR> ;Pred;;614779;>T&#MW ;Objc;;614780;>#R00;Objc;;;;;;;;;;;;;;;;;
429769;15885;Genesis 30:18;;TQR> ;;614861;W;Conj;;614862;TQR> ;Pred;;614863;#MW ;Objc;;614864;J##KR00;Objc;;;;;;;;;;;;;;;;;
429776;15916;Genesis 30:20;;TQR> ;;614886;W;Conj;;614887;TQR> ;Pred;;614888;>T&#MW ;Objc;;614889;ZBLWN00;Objc;;;;;;;;;;;;;;;;;
429778;15925;Genesis 30:21;;TQR> ;;614894;W;Conj;;614895;TQR> ;Pred;;614896;>T&#MH ;Objc;;614897;DJNH00;Objc;;;;;;;;;;;;;;;;;
429786;15954;Genesis 30:24;;TQR> ;;614919;W;Conj;;614920;TQR> ;Pred;;614921;>T&#MW ;Objc;;614922;JWSP ;Objc;;;;;;;;;;;;;;;;;
429880;16437;Genesis 31:4;;JQR> ;;615202;W;Conj;;615203;JQR> ;Pred;;615204;LRXL WLL>H ;Cmpl;;615205;H#DH ;Loca;;615206;>L&Y>NW00;Loca;;;;;;;;;;;;;
430067;17271;Genesis 31:47;;JQR>&;;615769;W;Conj;;615770;JQR>&;Pred;;615771;LW ;Cmpl;;615772;LBN ;Subj;;615773;JGR #HDWT> ;Objc;;;;;;;;;;;;;
430068;17278;Genesis 31:47;;QR> ;;615774;W;Conj;;615775;J<QB ;Subj;;615776;QR> ;Pred;;615777;LW ;Cmpl;;615778;GL<D00;Objc;;;;;;;;;;;;;
430071;17296;Genesis 31:48;;QR>&;;615785;<L&KN ;Adju;;615786;QR>&;Pred;;615787;#MW ;Objc;;615788;GL<D00;Objc;;;;;;;;;;;;;;;;;
430093;17414;Genesis 31:54;;JQR> ;;615857;W;Conj;;615858;JQR> ;Pred;;615859;L>XJW ;Cmpl;;;;;;;;;;;;;;;;;;;;;
430107;17471;Genesis 32:3;;JQR> ;;615899;W;Conj;;615900;JQR> ;Pred;;615901;#M&HMQWM HHW> ;Objc;;615902;MXNJM00;Objc;;;;;;;;;;;;;;;;;
430222;18013;Genesis 32:31;;JQR> ;;616218;W;Conj;;616219;JQR> ;Pred;;616220;J<QB ;Subj;;616221;#M HMQWM ;Objc;;616222;PNJ>L ;Objc;;;;;;;;;;;;;
430307;18393;Genesis 33:17;;QR> ;;616473;<L&KN ;Adju;;616474;QR> ;Pred;;616475;#M&HMQWM ;Objc;;616476;SKWT00;Objc;;;;;;;;;;;;;;;;;
430316;18443;Genesis 33:20;;JQR>&;;616502;W;Conj;;616503;JQR>&;Pred;;616504;LW ;Cmpl;;616505;>L >LHJ J#R>L00;Objc;;;;;;;;;;;;;;;;;
430473;19186;Genesis 35:7;;JQR> ;;616966;W;Conj;;616967;JQR> ;Pred;;616968;LMQWM ;Cmpl;;616969;>L BJT&>L ;Objc;;;;;;;;;;;;;;;;;
430478;19218;Genesis 35:8;;JQR> ;;616983;W;Conj;;616984;JQR> ;Pred;;616985;#MW ;Objc;;616986;>LWN BKWT00;Objc;;;;;;;;;;;;;;;;;
430484;19243;Genesis 35:10;;JQR> ;;617003;L>&;Nega;;617004;JQR> ;Pred;;617005;#MK ;Subj;;617006;<WD ;Modi;;617007;J<QB ;Objc;;;;;;;;;;;;;
430486;19253;Genesis 35:10;;JQR> ;;617012;W;Conj;;617013;JQR> ;Pred;;617014;>T&#MW ;Objc;;617015;J#R>L00;Objc;;;;;;;;;;;;;;;;;
430503;19331;Genesis 35:15;;JQR> ;;617068;W;Conj;;617069;JQR> ;Pred;;617070;J<QB ;Subj;;617071;>T&#M HMQWM ;Objc;;617077;BJT&>L00;Objc;;;;;;;;;;;;;
430520;19389;Genesis 35:18;;TQR> ;;617113;W;Conj;;617114;TQR> ;Pred;;617115;#MW ;Objc;;617116;BN&>WNJ ;Objc;;;;;;;;;;;;;;;;;
430521;19394;Genesis 35:18;;QR>&;;617117;W;Conj;;617118;>BJW ;Subj;;617119;QR>&;Pred;;617120;LW ;Cmpl;;617121;BNJMJN00;Objc;;;;;;;;;;;;;
430829;20884;Genesis 38:3;;JQR> ;;618010;W;Conj;;618011;JQR> ;Pred;;618012;>T&#MW ;Objc;;618013;<R00;Objc;;;;;;;;;;;;;;;;;
430832;20895;Genesis 38:4;;TQR> ;;618020;W;Conj;;618021;TQR> ;Pred;;618022;>T&#MW ;Objc;;618023;>WNN00;Objc;;;;;;;;;;;;;;;;;
430835;20906;Genesis 38:5;;TQR> ;;618030;W;Conj;;618031;TQR> ;Pred;;618032;>T&#MW ;Objc;;618033;#LH ;Objc;;;;;;;;;;;;;;;;;
430964;21397;Genesis 38:29;;JQR> ;;618391;W;Conj;;618392;JQR> ;Pred;;618393;#MW ;Objc;;618394;PRY00;Objc;;;;;;;;;;;;;;;;;
430967;21410;Genesis 38:30;;JQR> ;;618402;W;Conj;;618403;JQR> ;Pred;;618404;#MW ;Objc;;618405;ZRX00;Objc;;;;;;;;;;;;;;;;;
431030;21705;Genesis 39:14;;TQR> ;;618602;W;Conj;;618603;TQR> ;Pred;;618604;L>N#J BJTH ;Cmpl;;;;;;;;;;;;;;;;;;;;;
431038;21728;Genesis 39:14;;>QR> ;;618619;W;Conj;;618620;>QR> ;Pred;;618621;BQWL GDWL00;Adju;;;;;;;;;;;;;;;;;;;;;
431042;21740;Genesis 39:15;;>QR> ;;618628;W;Conj;;618629;>QR> ;Pred;;;;;;;;;;;;;;;;;;;;;;;;;
431055;21788;Genesis 39:18;;>QR> ;;618663;W;Conj;;618664;>QR> ;Pred;;;;;;;;;;;;;;;;;;;;;;;;;
431178;22488;Genesis 41:8;;JQR> ;;619069;W;Conj;;619070;JQR> ;Pred;;619071;>T&KL&XRVMJ MYRJM W>T&KL&XKMJH ;Objc;;;;;;;;;;;;;;;;;;;;;
431200;22598;Genesis 41:14;;JQR> ;;619136;W;Conj;;619137;JQR> ;Pred;;619138;>T&JWSP ;Objc;;;;;;;;;;;;;;;;;;;;;
431299;23131;Genesis 41:43;;JQR>W ;;619439;W;Conj;;619440;JQR>W ;Pred;;619441;LPNJW ;Cmpl;;;;;;;;;;;;;;;;;;;;;
431305;23164;Genesis 41:45;;JQR> ;;619460;W;Conj;;619461;JQR> ;Pred;;619462;PR<H ;Subj;;619463;#M&JWSP ;Objc;;619464;YPNT P<NX ;Objc;;;;;;;;;;;;;
431325;23288;Genesis 41:51;;JQR> ;;619530;W;Conj;;619531;JQR> ;Pred;;619532;JWSP ;Subj;;619533;>T&#M HBKWR ;Objc;;619534;MN#H ;Objc;;;;;;;;;;;;;
431327;23311;Genesis 41:52;;QR> ;;619539;W;Conj;;619540;>T #M H#NJ ;Objc;;619541;QR> ;Pred;;619542;>PRJM ;Objc;;;;;;;;;;;;;;;;;
431863;25461;Genesis 45:1;;JQR> ;;621086;W;Conj;;621087;JQR> ;Pred;;;;;;;;;;;;;;;;;;;;;;;;;
432072;26519;Genesis 46:33;;JQR> ;;621708;KJ&;Conj;;621709;JQR> ;Pred;;621710;LKM ;Cmpl;;621711;PR<H ;Subj;;;;;;;;;;;;;;;;;
432196;27232;Genesis 47:29;;JQR> ;;622110;W;Conj;;622111;JQR> ;Pred;;622112;LBNW LJWSP ;Cmpl;;;;;;;;;;;;;;;;;;;;;
432236;27414;Genesis 48:6;;JQR>W ;;622235;<L #M >XJHM ;Cmpl;;622236;JQR>W ;Pred;;622237;BNXLTM00;Adju;;;;;;;;;;;;;;;;;;;;;
432283;27617;Genesis 48:16;;JQR> ;;622376;W;Conj;;622377;JQR> ;Pred;;622378;BHM ;Cmpl;;622379;#MJ W#M >BTJ >BRHM WJYXQ ;Subj;;;;;;;;;;;;;;;;;
432316;27775;Genesis 49:1;;JQR> ;;622478;W;Conj;;622479;JQR> ;Pred;;622480;J<QB ;Subj;;622481;>L&BNJW ;Cmpl;;;;;;;;;;;;;;;;;
432485;28463;Genesis 50:11;;QR> ;;622914;<L&KN ;Adju;;622915;QR> ;Pred;;622916;#MH ;Objc;;622917;>BL MYRJM ;Objc;;;;;;;;;;;;;;;;;
432597;29013;Exodus 1:18;;JQR> ;;623257;W;Conj;;623258;JQR> ;Pred;;623259;MLK&MYRJM ;Subj;;623260;LMJLDT ;Cmpl;;;;;;;;;;;;;;;;;
432647;29239;Exodus 2:7;;QR>TJ ;;623405;W;Conj;;623406;QR>TJ ;Pred;;623407;LK ;Cmpl;;623408;>#H MJNQT MN H<BRJT ;Objc;;;;;;;;;;;;;;;;;
432652;29263;Exodus 2:8;;TQR> ;;623421;W;Conj;;623422;TQR> ;Pred;;623423;>T&>M HJLD00;Objc;;;;;;;;;;;;;;;;;;;;;
432662;29310;Exodus 2:10;;TQR> ;;623453;W;Conj;;623454;TQR> ;Pred;;623455;#MW ;Objc;;623456;M#H ;Objc;;;;;;;;;;;;;;;;;
432717;29525;Exodus 2:20;;QR>N ;;623601;QR>N ;Pred;;623602;LW ;Cmpl;;;;;;;;;;;;;;;;;;;;;;;;;
432723;29549;Exodus 2:22;;JQR> ;;623618;W;Conj;;623619;JQR> ;Pred;;623620;>T&#MW ;Objc;;623621;GR#M ;Objc;;;;;;;;;;;;;;;;;
432751;29696;Exodus 3:4;;JQR> ;;623707;W;Conj;;623708;JQR> ;Pred;;623709;>LJW ;Cmpl;;623710;>LHJM ;Subj;;623711;MTWK HSNH ;Loca;;;;;;;;;;;;;
433233;31964;Exodus 7:11;;JQR> ;;625120;W;Conj;;625121;JQR> ;Pred;;625122;GM&PR<H ;Subj;;625123;LXKMJM WLMK#PJM ;Cmpl;;;;;;;;;;;;;;;;;
433326;32446;Exodus 8:4;;JQR> ;;625403;W;Conj;;625404;JQR> ;Pred;;625405;PR<H ;Subj;;625406;LM#H WL>HRN ;Cmpl;;;;;;;;;;;;;;;;;
433399;32849;Exodus 8:21;;JQR> ;;625633;W;Conj;;625634;JQR> ;Pred;;625635;PR<H ;Subj;;625636;>L&M#H ;Cmpl;;;;;;;;;;;;;;;;;
433534;33603;Exodus 9:27;;JQR> ;;626062;W;Conj;;626063;JQR> ;Pred;;626064;LM#H WL>HRN ;Cmpl;;;;;;;;;;;;;;;;;;;;;
433651;34197;Exodus 10:16;;QR> ;;626418;LQR> ;Pred;;626419;LM#H WL>HRN ;Cmpl;;;;;;;;;;;;;;;;;;;;;;;;;
433677;34339;Exodus 10:24;;JQR> ;;626504;W;Conj;;626505;JQR> ;Pred;;626506;PR<H ;Subj;;626507;>L&M#H ;Cmpl;;;;;;;;;;;;;;;;;
433812;35141;Exodus 12:21;;JQR> ;;626955;W;Conj;;626956;JQR> ;Pred;;626957;M#H ;Subj;;626958;LKL&ZQNJ J#R>L ;Cmpl;;;;;;;;;;;;;;;;;
433859;35390;Exodus 12:31;;JQR> ;;627099;W;Conj;;627100;JQR> ;Pred;;627101;LM#H WL>HRN ;Cmpl;;627102;LJLH ;Time;;;;;;;;;;;;;;;;;
434222;37246;Exodus 15:23;;QR>&;;628196;<L&KN ;Adju;;628197;QR>&;Pred;;628198;#MH ;Objc;;628199;MRH00;Objc;;;;;;;;;;;;;;;;;
434392;37993;Exodus 16:31;;JQR>W ;;628676;W;Conj;;628677;JQR>W ;Pred;;628678;BJT&J#R>L ;Subj;;628679;>T&#MW ;Objc;;628680;MN ;Objc;;;;;;;;;;;;;
434446;38277;Exodus 17:7;;JQR> ;;628853;W;Conj;;628854;JQR> ;Pred;;628855;#M HMQWM ;Objc;;628856;MSH WMRJBH ;Objc;;;;;;;;;;;;;;;;;
434485;38453;Exodus 17:15;;JQR> ;;628974;W;Conj;;628975;JQR> ;Pred;;628976;#MW ;Objc;;;;;;;;;;;;;;;;;;;;;
434600;39093;Exodus 19:3;;JQR> ;;629343;W;Conj;;629344;JQR> ;Pred;;629345;>LJW ;Cmpl;;629346;JHWH ;Subj;;629347;MN&HHR ;Loca;;;;;;;;;;;;;
434617;39172;Exodus 19:7;;JQR> ;;629398;W;Conj;;629399;JQR> ;Pred;;629400;LZQNJ H<M ;Cmpl;;;;;;;;;;;;;;;;;;;;;
434678;39482;Exodus 19:20;;JQR> ;;629587;W;Conj;;629588;JQR> ;Pred;;629589;JHWH ;Subj;;629590;LM#H ;Cmpl;;629591;>L&R># HHR ;Loca;;;;;;;;;;;;;
435148;41734;Exodus 24:7;;JQR> ;;631061;W;Conj;;631062;JQR> ;Pred;;631063;B>ZNJ H<M ;Adju;;;;;;;;;;;;;;;;;;;;;
435185;41918;Exodus 24:16;;JQR> ;;631170;W;Conj;;631171;JQR> ;Pred;;631172;>L&M#H ;Cmpl;;631173;BJWM H#BJ<J ;Time;;631174;MTWK H<NN00;Adju;;;;;;;;;;;;;
435833;46161;Exodus 31:2;;QR>TJ ;;633237;QR>TJ ;Pred;;633238;B#M ;Cmpl;;633239;BYL>L BN&>WRJ BN&XWR LMVH JHWDH00;Objc;;;;;;;;;;;;;;;;;;;;;
435915;46608;Exodus 32:5;;JQR> ;;633453;W;Conj;;633454;JQR> ;Pred;;633455;>HRN ;Subj;;;;;;;;;;;;;;;;;;;;;
436104;47418;Exodus 33:7;;QR> ;;633981;W;Conj;;633982;QR> ;Pred;;633983;LW ;Cmpl;;633984;>HL MW<D ;Objc;;;;;;;;;;;;;;;;;
436167;47686;Exodus 33:19;;QR>TJ ;;634163;W;Conj;;634164;QR>TJ ;Pred;;634165;B#M JHWH ;Cmpl;;634166;LPNJK ;Loca;;;;;;;;;;;;;;;;;
436206;47879;Exodus 34:5;;JQR> ;;634289;W;Conj;;634290;JQR> ;Pred;;634291;B#M JHWH00;Cmpl;;;;;;;;;;;;;;;;;;;;;
436208;47889;Exodus 34:6;;JQR> ;;634296;W;Conj;;634297;JQR> ;Pred;;;;;;;;;;;;;;;;;;;;;;;;;
436251;48100;Exodus 34:15;;QR> ;;634421;W;Conj;;634422;QR> ;Pred;;634423;LK ;Cmpl;;;;;;;;;;;;;;;;;;;;;
436302;48396;Exodus 34:31;;JQR> ;;634586;W;Conj;;634587;JQR> ;Pred;;634588;>LHM ;Cmpl;;634589;M#H ;Subj;;;;;;;;;;;;;;;;;
436392;49043;Exodus 35:30;;QR> ;;634830;QR> ;Pred;;634831;JHWH ;Subj;;634832;B#M ;Cmpl;;634833;BYL>L BN&>WRJ BN&XWR LMVH JHWDH00;Objc;;;;;;;;;;;;;;;;;
436410;49188;Exodus 36:2;;JQR> ;;634875;W;Conj;;634876;JQR> ;Pred;;634877;M#H ;Subj;;634878;>L&BYL>L W>L&>HLJ>B W>L KL&>J# XKM&LB KL ;Cmpl;;;;;;;;;;;;;;;;;
436878;52506;Leviticus 1:1;;JQR> ;;636358;W;Conj;;636359;JQR> ;Pred;;636360;>L&M#H ;Cmpl;;;;;;;;;;;;;;;;;;;;;
437613;56877;Leviticus 9:1;;QR> ;;638660;QR> ;Pred;;638661;M#H ;Subj;;638662;L>HRN WLBNJW WLZQNJ J#R>L00;Cmpl;;;;;;;;;;;;;;;;;;;;;
437705;57445;Leviticus 10:4;;JQR> ;;638954;W;Conj;;638955;JQR> ;Pred;;638956;M#H ;Subj;;638957;>L&MJ#>L W>L >LYPN BNJ <ZJ>L DD >HRN ;Cmpl;;;;;;;;;;;;;;;;;
438163;59826;Leviticus 13:45;;JQR>00;;640341;W;Conj;;640343;JQR>00;Pred;;;;;;;;;;;;;;;;;;;;;;;;;
439281;65952;Leviticus 23:2;;TQR>W ;;643785;>#R&;Rela;;643786;TQR>W ;Pred;;643787;>TM ;Objc;;;;;;;;;;;;;;;;;;;;;
439289;65990;Leviticus 23:4;;TQR>W ;;643807;>#R&;Rela;;643808;TQR>W ;Pred;;643809;>TM ;Objc;;643810;BMW<DM00;Adju;;;;;;;;;;;;;;;;;
439333;66297;Leviticus 23:21;;QR>TM ;;643948;W;Conj;;643949;QR>TM ;Pred;;643950;B<YM HJWM HZH ;Time;;;;;;;;;;;;;;;;;;;;;
439383;66594;Leviticus 23:37;;TQR>W ;;644092;>#R&;Rela;;644093;TQR>W ;Pred;;644094;>TM ;Objc;;644095;MQR>J QD# ;Objc;;;;;;;;;;;;;;;;;
439502;67333;Leviticus 25:10;;QR>TM ;;644465;W;Conj;;644466;QR>TM ;Pred;;644467;DRWR ;Objc;;644468;B>RY ;Loca;;644469;LKL&J#BJH ;Cmpl;;;;;;;;;;;;;
439976;69757;Numbers 1:16;;QRW>J ;;646032;>LH ;Subj;;646033;QRW>J H<DH N#J>J MVWT >BWTM ;PreC;;;;;;;;;;;;;;;;;;;;;;;;;
441036;76831;Numbers 11:3;;JQR> ;;649093;W;Conj;;649094;JQR> ;Pred;;649095;#M&HMQWM HHW> ;Objc;;649096;TB<RH ;Objc;;;;;;;;;;;;;;;;;
441185;77555;Numbers 11:34;;JQR> ;;649554;W;Conj;;649555;JQR> ;Pred;;649556;>T&#M&HMQWM HHW> ;Objc;;649557;QBRWT HT>WH ;Objc;;;;;;;;;;;;;;;;;
441203;77664;Numbers 12:5;;JQR> ;;649616;W;Conj;;649617;JQR> ;Pred;;649618;>HRN WMRJM ;Objc;;;;;;;;;;;;;;;;;;;;;
441275;77995;Numbers 13:16;;JQR> ;;649821;W;Conj;;649822;JQR> ;Pred;;649823;M#H ;Subj;;649824;LHW#< BN&NWN ;Cmpl;;649825;JHW#<00;Objc;;;;;;;;;;;;;
441316;78181;Numbers 13:24;;QR> ;;649941;LMQWM HHW> ;Cmpl;;649942;QR> ;Pred;;649943;NXL >#KWL ;Objc;;649944;<L >DWT H>#KWL ;Adju;;;;;;;;;;;;;;;;;
441701;80269;Numbers 16:12;;QR> ;;651119;LQR> ;Pred;;651120;LDTN WL>BJRM BNJ >LJ>B ;Cmpl;;;;;;;;;;;;;;;;;;;;;;;;;
442207;83181;Numbers 21:3;;JQR> ;;652753;W;Conj;;652754;JQR> ;Pred;;652755;#M&HMQWM ;Objc;;652756;XRMH00;Objc;;;;;;;;;;;;;;;;;
442349;83894;Numbers 22:5;;QR>&;;653174;LQR>&;Pred;;653175;LW ;Cmpl;;;;;;;;;;;;;;;;;;;;;;;;;
442428;84200;Numbers 22:20;;QR> ;;653397;LQR> ;Pred;;653398;LK ;Cmpl;;;;;;;;;;;;;;;;;;;;;;;;;
442518;84601;Numbers 22:37;;QR>&;;653674;LQR>&;Pred;;653675;LK ;Cmpl;;;;;;;;;;;;;;;;;;;;;;;;;
442715;85361;Numbers 24:10;;QR>TJK ;;654236;QR>TJK ;PreO;;;;;;;;;;;;;;;;;;;;;;;;;;;;;
442785;85629;Numbers 25:2;;TQR>N ;;654428;W;Conj;;654429;TQR>N ;Pred;;654430;L<M ;Cmpl;;654431;LZBXJ >LHJHN ;Cmpl;;;;;;;;;;;;;;;;;
443491;90594;Numbers 32:38;;JQR>W ;;656554;W;Conj;;656555;JQR>W ;Pred;;656556;B#MT ;Cmpl;;656557;>T&#MWT H<RJM ;Objc;;;;;;;;;;;;;;;;;
443501;90642;Numbers 32:41;;JQR> ;;656585;W;Conj;;656586;JQR> ;Pred;;656587;>THN ;Objc;;656588;XWT J>JR00;Objc;;;;;;;;;;;;;;;;;
443504;90657;Numbers 32:42;;JQR> ;;656595;W;Conj;;656596;JQR> ;Pred;;656597;LH ;Cmpl;;656598;NBX ;Objc;;656599;B#MW00;Adju;;;;;;;;;;;;;
444110;93949;Deuteronomy 2:11;;JQR>W ;;658472;W;Conj;;658473;HM>BJM ;Subj;;658474;JQR>W ;Pred;;658475;LHM ;Cmpl;;658476;>MJM00;Objc;;;;;;;;;;;;;
444142;94112;Deuteronomy 2:20;;JQR>W ;;658573;W;Conj;;658574;H<MNJM ;Subj;;658575;JQR>W ;Pred;;658576;LHM ;Cmpl;;658577;ZMZMJM00;Objc;;;;;;;;;;;;;
444238;94658;Deuteronomy 3:9;;JQR>W ;;658850;YJDNJM ;Subj;;658851;JQR>W ;Pred;;658852;LXRMWN ;Cmpl;;658853;#RJN ;Objc;;;;;;;;;;;;;;;;;
444239;94665;Deuteronomy 3:9;;JQR>W&;;658854;W;Conj;;658855;H>MRJ ;Subj;;658856;JQR>W&;Pred;;658857;LW ;Cmpl;;658858;#NJR00;Objc;;;;;;;;;;;;;
444250;94781;Deuteronomy 3:13;;JQR> ;;658891;LKL&HB#N HHW> ;Cmpl;;658892;JQR> ;Pred;;658893;>RY RP>JM00;Subj;;;;;;;;;;;;;;;;;;;;;
444252;94800;Deuteronomy 3:14;;JQR> ;;658897;W;Conj;;658898;JQR> ;Pred;;658899;>TM ;Objc;;658900;<L&#MW ;Cmpl;Adju;;;;;;;;;;;;;;;;
444350;95308;Deuteronomy 4:7;;QR>NW ;;659172;QR>NW ;PreS;;659173;>LJW00;Cmpl;;;;;;;;;;;;;;;;;;;;;;;;;
444515;96304;Deuteronomy 5:1;;JQR> ;;659687;W;Conj;;659688;JQR> ;Pred;;659689;M#H ;Subj;;659690;>L&KL&J#R>L ;Cmpl;;;;;;;;;;;;;;;;;
445589;102010;Deuteronomy 15:2;;QR> ;;662880;KJ&;Conj;;662881;QR> ;Pred;;662882;#MVH ;Objc;;662883;LJHWH00;Cmpl;BoundErr;;;;;;;;;;;;;;;;
445621;102168;Deuteronomy 15:9;;QR> ;;662988;W;Conj;;662989;QR> ;Pred;;662990;<LJK ;Cmpl;Adju;662991;>L&JHWH ;Cmpl;;;;;;;;;;;;;;;;;
445831;103387;Deuteronomy 17:19;;QR> ;;663667;W;Conj;;663668;QR> ;Pred;;663669;BW ;Cmpl;;663670;KL&JMJ XJJW ;Time;;;;;;;;;;;;;;;;;
446070;104552;Deuteronomy 20:10;;QR>T ;;664380;W;Conj;;664381;QR>T ;Pred;;664382;>LJH ;Cmpl;;664383;L#LWM00;Cmpl;;;;;;;;;;;;;;;;;
446492;106646;Deuteronomy 24:15;;JQR> ;;665721;W;Conj;;665722;L>&;Nega;;665723;JQR> ;Pred;;665724;<LJK ;Cmpl;;665725;>L&JHWH ;Cmpl;;;;;;;;;;;;;
446556;106937;Deuteronomy 25:8;;QR>W&;;665912;W;Conj;;665913;QR>W&;Pred;;665914;LW ;Cmpl;;665915;ZQNJ&<JRW ;Subj;;;;;;;;;;;;;;;;;
446569;106986;Deuteronomy 25:10;;NQR> ;;665949;W;Conj;;665950;NQR> ;Pred;;665951;#MW ;Subj;;665952;BJ#R>L ;Cmpl;;;;;;;;;;;;;;;;;
446813;108254;Deuteronomy 28:10;;NQR> ;;666635;KJ ;Conj;;666636;#M JHWH ;Subj;;666637;NQR> ;Pred;;666638;<LJK ;Cmpl;;;;;;;;;;;;;;;;;
447040;109525;Deuteronomy 29:1;;JQR> ;;667348;W;Conj;;667349;JQR> ;Pred;;667350;M#H ;Subj;;667351;>L&KL&J#R>L ;Cmpl;;;;;;;;;;;;;;;;;
447262;110781;Deuteronomy 31:7;;JQR> ;;668017;W;Conj;;668018;JQR> ;Pred;;668019;M#H ;Subj;;668020;LJHW#< ;Cmpl;;;;;;;;;;;;;;;;;
447283;110898;Deuteronomy 31:11;;TQR> ;;668077;MQY #B< #NJM ;Time;;668078;BM<D #NT H#MVH ;Time;;668079;BXG HSKWT00;Adju;;668087;TQR> ;Pred;;668088;>T&HTWRH HZ>T ;Objc;;668089;NGD KL&J#R>L ;Adju;;668090;B>ZNJHM00;Cmpl;;;;;
447304;110988;Deuteronomy 31:14;;QR> ;;668136;QR> ;Pred;;668137;>T&JHW#< ;Objc;;;;;;;;;;;;;;;;;;;;;;;;;
447398;111467;Deuteronomy 32:3;;>QR> ;;668417;KJ ;Conj;;668418;#M JHWH ;Objc;;668419;>QR> ;Pred;;;;;;;;;;;;;;;;;;;;;
447662;112505;Deuteronomy 33:19;;JQR>W ;;669110;<MJM ;Objc;;669111;HR&;Cmpl;;669112;JQR>W ;Pred;;;;;;;;;;;;;;;;;;;;;
448040;114449;Joshua 4:4;;JQR> ;;670218;W;Conj;;670219;JQR> ;Pred;;670220;JHW#< ;Subj;;670221;>L&#NJM H<#R >J# MBNJ J#R>L >J#&>XD >J#&>XD M#BV00;Cmpl;;;;;;;;;;;;;;;;;
448156;115169;Joshua 5:9;;JQR> ;;670587;W;Conj;;670588;JQR> ;Pred;;670589;#M HMQWM HHW> ;Objc;;670590;GLGL ;Objc;;670591;<D HJWM HZH00;Time;;;;;;;;;;;;;
448208;115457;Joshua 6:6;;JQR> ;;670756;W;Conj;;670757;JQR> ;Pred;;670758;JHW#< BN&NWN ;Subj;;670759;>L&HKHNJM ;Cmpl;;;;;;;;;;;;;;;;;
448443;116769;Joshua 7:26;;QR> ;;671483;<L&KN ;Adju;;671484;QR> ;Pred;;671485;#M HMQWM HHW> ;Objc;;671486;<MQ <KWR ;Objc;;671487;<D HJWM HZH00;Time;;;;;;;;;;;;;
448599;117684;Joshua 8:34;;QR> ;;671970;W;Conj;;671971;>XRJ&KN ;Time;;671972;QR> ;Pred;;671973;>T&KL&DBRJ HTWRH HBRKH WHQLLH ;Objc;;671974;KKL&;Adju;;;;;;;;;;;;;
448603;117713;Joshua 8:35;;QR> ;;671984;>#R ;Rela;;671985;L>&;Nega;;671986;QR> ;Pred;;671987;JHW#< ;Subj;;671988;NGD KL&QHL J#R>L WHN#JM WHVP WHGR ;Cmpl;;;;;;;;;;;;;
448689;118188;Joshua 9:22;;JQR> ;;672256;W;Conj;;672257;JQR> ;Pred;;672258;LHM ;Cmpl;;672259;JHW#< ;Subj;;;;;;;;;;;;;;;;;
448811;118901;Joshua 10:24;;JQR> ;;672640;W;Conj;;672641;JQR> ;Pred;;672642;JHW#< ;Subj;;672643;>L&KL&>J# J#R>L ;Cmpl;;;;;;;;;;;;;;;;;
449567;124020;Joshua 19:47;;JQR>W ;;674908;W;Conj;;674909;JQR>W ;Pred;;674910;LL#M ;Cmpl;;674911;DN ;Objc;;674912;K#M DN >BJHM00;Adju;;;;;;;;;;;;;
449630;124602;Joshua 21:9;;JQR> ;;675125;>#R&;Rela;;675126;JQR> ;Pred;;675127;>THN ;Objc;;675128;B#M00;Cmpl;;;;;;;;;;;;;;;;;
449689;125223;Joshua 22:1;;JQR> ;;675303;>Z ;Time;;675304;JQR> ;Pred;;675305;JHW#< ;Subj;;675306;LR>WBNJ WLGDJ WLXYJ MVH MN#H00;Cmpl;;;;;;;;;;;;;;;;;
449834;126166;Joshua 22:34;;JQR>W ;;675765;W;Conj;;675766;JQR>W ;Pred;;675767;BNJ&R>WBN WBNJ&GD ;Subj;;675768;LMZBX ;Cmpl;;;;;;;;;;;;;;;;;
449841;126207;Joshua 23:2;;JQR> ;;675789;W;Conj;;675790;JQR> ;Pred;;675791;JHW#< ;Subj;;675792;LKL&J#R>L LZQNJW WLR>#JW WL#PVJW WL#VRJW ;Cmpl;;;;;;;;;;;;;;;;;
449914;126630;Joshua 24:1;;JQR> ;;676017;W;Conj;;676018;JQR> ;Pred;;676019;LZQNJ J#R>L WLR>#JW WL#PVJW WL#VRJW ;Cmpl;;;;;;;;;;;;;;;;;;;;;
449951;126850;Joshua 24:9;;JQR> ;;676143;W;Conj;;676144;JQR> ;Pred;;676145;LBL<M BN&B<WR ;Cmpl;;;;;;;;;;;;;;;;;;;;;
450129;127795;Judges 1:17;;JQR> ;;676711;W;Conj;;676712;JQR> ;Pred;;676713;>T&#M&H<JR ;Objc;;676714;XRMH00;Objc;;;;;;;;;;;;;;;;;
450155;127965;Judges 1:26;;JQR> ;;676805;W;Conj;;676806;JQR> ;Pred;;676807;#MH ;Objc;;676808;LWZ ;Objc;;;;;;;;;;;;;;;;;
450204;128292;Judges 2:5;;JQR>W ;;676970;W;Conj;;676971;JQR>W ;Pred;;676972;#M&HMQWM HHW> ;Objc;;676973;BKJM ;Objc;;;;;;;;;;;;;;;;;
450421;129472;Judges 4:6;;TQR> ;;677666;W;Conj;;677667;TQR> ;Pred;;677668;LBRQ BN&>BJN<M MQD# NPTLJ ;Cmpl;;;;;;;;;;;;;;;;;;;;;
450750;130938;Judges 6:24;;JQR>&;;678594;W;Conj;;678595;JQR>&;Pred;;678596;LW ;Cmpl;;;;;;;;;;;;;;;;;;;;;
450801;131175;Judges 6:32;;JQR>&;;678739;W;Conj;;678740;JQR>&;Pred;;678741;LW ;Cmpl;;678742;BJWM&HHW> ;Time;;678743;JRB<L ;Objc;;;;;;;;;;;;;
450852;131442;Judges 7:3;;QR> ;;678906;QR> ;Pred;;678907;N> ;Intj;;678908;B>ZNJ H<M ;Cmpl;;;;;;;;;;;;;;;;;;;;;
450961;131971;Judges 7:20;;JQR>W ;;679225;W;Conj;;679226;JQR>W ;Pred;;;;;;;;;;;;;;;;;;;;;;;;;
450988;132140;Judges 8:1;;QR>WT ;;679308;LBLTJ QR>WT ;Pred;;679309;LNW ;Cmpl;;;;;;;;;;;;;;;;;;;;;;;;;
451154;133017;Judges 9:7;;JQR> ;;679826;W;Conj;;679827;JQR> ;Pred;;;;;;;;;;;;;;;;;;;;;;;;;
451363;134017;Judges 9:54;;JQR> ;;680466;W;Conj;;680467;JQR> ;Pred;;680468;MHRH ;Modi;;680469;>L&HN<R N#> KLJW ;Cmpl;;;;;;;;;;;;;;;;;
451391;134150;Judges 10:4;;JQR>W ;;680551;LHM ;Cmpl;;680552;JQR>W ;Pred;;680553;XWT J>JR ;Objc;;680554;<D HJWM HZH ;Time;;;;;;;;;;;;;;;;;
451624;135391;Judges 12:1;;QR>T ;;681293;W;Conj;;681294;LNW ;Cmpl;;681295;L> ;Nega;;681296;QR>T ;Pred;;;;;;;;;;;;;;;;;
451801;136202;Judges 13:24;;TQR> ;;681850;W;Conj;;681851;TQR> ;Pred;;681852;>T&#MW ;Objc;;681853;#M#WN ;Objc;;;;;;;;;;;;;;;;;
451879;136580;Judges 14:15;;QR>TM ;;682100;QR>TM ;Pred;;682101;LNW ;Cmpl;;;;;;;;;;;;;;;;;;;;;;;;;
452003;137102;Judges 15:17;;JQR> ;;682470;W;Conj;;682471;JQR> ;Pred;;682472;LMQWM HHW> ;Cmpl;;682473;RMT LXJ00;Objc;;;;;;;;;;;;;;;;;
452005;137114;Judges 15:18;;JQR> ;;682477;W;Conj;;682478;JQR> ;Pred;;682479;>L&JHWH ;Cmpl;;;;;;;;;;;;;;;;;;;;;
452016;137166;Judges 15:19;;QR> ;;682510;<L&KN ;Adju;;682511;QR> ;Pred;;682512;#MH ;Objc;;682513;<JN HQWR> ;Objc;;682516;<D HJWM HZH00;Time;;;;;;;;;;;;;
452016;137170;Judges 15:19;;QWR> ;;682510;<L&KN ;Adju;;682511;QR> ;Pred;;682512;#MH ;Objc;;682513;<JN HQWR> ;Objc;;682516;<D HJWM HZH00;Time;;;;;;;;;;;;;
452124;137623;Judges 16:18;;TQR> ;;682834;W;Conj;;682835;TQR> ;Pred;;682836;LSRNJ PL#TJM ;Cmpl;;;;;;;;;;;;;;;;;;;;;
452131;137654;Judges 16:19;;TQR> ;;682855;W;Conj;;682856;TQR> ;Pred;;682857;L>J# ;Cmpl;;;;;;;;;;;;;;;;;;;;;
452166;137788;Judges 16:25;;QR>W ;;682950;QR>W ;Pred;;682951;L#M#WN ;Cmpl;;;;;;;;;;;;;;;;;;;;;;;;;
452168;137795;Judges 16:25;;JQR>W ;;682955;W;Conj;;682956;JQR>W ;Pred;;682957;L#M#WN ;Cmpl;;682958;MBJT H>SWRJM ;Cmpl;;;;;;;;;;;;;;;;;
452182;137867;Judges 16:28;;JQR> ;;682999;W;Conj;;683000;JQR> ;Pred;;683001;#M#WN ;Subj;;683002;>L&JHWH ;Cmpl;;;;;;;;;;;;;;;;;
452330;138584;Judges 18:12;;QR>W ;;683453;<L&KN ;Adju;;683454;QR>W ;Pred;;683455;LMQWM HHW> ;Cmpl;;683456;MXNH&DN ;Objc;;683457;<D HJWM HZH ;Time;;;;;;;;;;;;;
452379;138858;Judges 18:23;;JQR>W ;;683593;W;Conj;;683594;JQR>W ;Pred;;683595;>L&BNJ&DN ;Cmpl;;;;;;;;;;;;;;;;;;;;;
452415;139005;Judges 18:29;;JQR>W ;;683703;W;Conj;;683704;JQR>W ;Pred;;683705;#M&H<JR ;Objc;;683706;DN ;Objc;;683707;B#M DN >BJHM ;Adju;;;;;;;;;;;;;
452845;141262;Judges 21:13;;JQR>W ;;685004;W;Conj;;685005;JQR>W ;Pred;;685006;LHM ;Cmpl;;685007;#LWM00;Objc;;;;;;;;;;;;;;;;;
452988;141928;1_Samuel 1:20;;TQR> ;;685447;W;Conj;;685448;TQR> ;Pred;;685449;>T&#MW ;Objc;;685450;#MW>L ;Objc;;;;;;;;;;;;;;;;;
453197;142914;1_Samuel 3:4;;JQR> ;;686082;W;Conj;;686083;JQR> ;Pred;;686084;JHWH ;Subj;;686085;>L&#MW>L ;Cmpl;;;;;;;;;;;;;;;;;
453203;142929;1_Samuel 3:5;;QR>T ;;686095;KJ&;Conj;;686096;QR>T ;Pred;;686097;LJ ;Cmpl;;;;;;;;;;;;;;;;;;;;;
453205;142934;1_Samuel 3:5;;QR>TJ ;;686100;L>&;Nega;;686101;QR>TJ ;Pred;;;;;;;;;;;;;;;;;;;;;;;;;
453211;142944;1_Samuel 3:6;;QR> ;;686111;QR> ;Pred;;686112;<WD ;Modi;;686113;#MW>L ;Objc;;;;;;;;;;;;;;;;;;;;;
453216;142958;1_Samuel 3:6;;QR>T ;;686123;KJ ;Conj;;686124;QR>T ;Pred;;686125;LJ ;Cmpl;;;;;;;;;;;;;;;;;;;;;
453218;142963;1_Samuel 3:6;;QR>TJ ;;686128;L>&;Nega;;686129;QR>TJ ;Pred;;;;;;;;;;;;;;;;;;;;;;;;;
453225;142982;1_Samuel 3:8;;QR>&;;686146;QR>&;Pred;;686147;#MW>L ;Objc;;;;;;;;;;;;;;;;;;;;;;;;;
453230;142997;1_Samuel 3:8;;QR>T ;;686157;KJ ;Conj;;686158;QR>T ;Pred;;686159;LJ ;Cmpl;;;;;;;;;;;;;;;;;;;;;
453232;143004;1_Samuel 3:8;;QR> ;;686163;KJ ;Conj;;686164;JHWH ;Subj;;686165;QR> ;PreC;;686166;LN<R00;Cmpl;;;;;;;;;;;;;;;;;
453237;143018;1_Samuel 3:9;;JQR> ;;686175;>M&;Conj;;686176;JQR> ;Pred;;686177;>LJK ;Cmpl;;;;;;;;;;;;;;;;;;;;;
453246;143040;1_Samuel 3:10;;JQR> ;;686196;W;Conj;;686197;JQR> ;Pred;;686198;KP<M&BP<M ;Adju;;;;;;;;;;;;;;;;;;;;;
453271;143151;1_Samuel 3:16;;JQR> ;;686272;W;Conj;;686273;JQR> ;Pred;;686274;<LJ ;Subj;;686275;>T&#MW>L ;Objc;;;;;;;;;;;;;;;;;
453411;143779;1_Samuel 4:21;;TQR> ;;686683;W;Conj;;686684;TQR> ;Pred;;686685;LN<R ;Cmpl;;686686;>J&KBWD ;Objc;;;;;;;;;;;;;;;;;
453477;144121;1_Samuel 6:2;;JQR>W ;;686889;W;Conj;;686890;JQR>W ;Pred;;686891;PL#TJM ;Subj;;686892;LKHNJM WLQSMJM ;Cmpl;;;;;;;;;;;;;;;;;
453630;144956;1_Samuel 7:12;;JQR> ;;687379;W;Conj;;687380;JQR> ;Pred;;687381;>T&#MH ;Objc;;687382;>BN H<ZR ;Objc;;;;;;;;;;;;;;;;;
453784;145718;1_Samuel 9:9;;JQR> ;;687859;KJ ;Conj;;687860;LNBJ> ;Cmpl;;687861;HJWM ;Time;;687862;JQR> ;Pred;;687863;LPNJM ;Time;;687864;HR>H00;Subj;;;;;;;;;
453811;145823;1_Samuel 9:13;;QR>JM ;;687933;>XRJ&KN ;Time;;687934;J>KLW ;Pred;;687935;HQR>JM ;Subj;;;;;;;;;;;;;;;;;;;;;
453860;146052;1_Samuel 9:22;;QRW>JM ;;688077;W;Conj;;688078;JTN ;Pred;;688079;LHM ;Cmpl;;688080;MQWM BR># HQRW>JM ;Objc;;;;;;;;;;;;;;;;;
453877;146111;1_Samuel 9:24;;QR>TJ ;;688122;H<M ;Objc;;688123;QR>TJ ;Pred;;;;;;;;;;;;;;;;;;;;;;;;;
453884;146145;1_Samuel 9:26;;JQR> ;;688143;W;Conj;;688144;JQR> ;Pred;;688145;#MW>L ;Subj;;688146;>L&#>WL ;Cmpl;;688147;HGGH ;Loca;;;;;;;;;;;;;
454195;147581;1_Samuel 12:17;;>QR> ;;689093;>QR> ;Pred;;689094;>L&JHWH ;Cmpl;;;;;;;;;;;;;;;;;;;;;;;;;
454202;147606;1_Samuel 12:18;;JQR> ;;689111;W;Conj;;689112;JQR> ;Pred;;689113;#MW>L ;Subj;;689114;>L&JHWH ;Cmpl;;;;;;;;;;;;;;;;;
454754;150316;1_Samuel 16:3;;QR>T ;;690796;W;Conj;;690797;QR>T ;Pred;;690798;LJ#J ;Cmpl;;690799;BZBX ;Cmpl;;;;;;;;;;;;;;;;;
454774;150379;1_Samuel 16:5;;JQR> ;;690842;W;Conj;;690843;JQR> ;Pred;;690844;LHM ;Cmpl;;690845;LZBX00;Cmpl;;;;;;;;;;;;;;;;;
454787;150433;1_Samuel 16:8;;JQR> ;;690879;W;Conj;;690880;JQR> ;Pred;;690881;J#J ;Subj;;690882;>L&>BJNDB ;Cmpl;;;;;;;;;;;;;;;;;
454889;150902;1_Samuel 17:8;;JQR> ;;691182;W;Conj;;691183;JQR> ;Pred;;691184;>L&M<RKT J#R>L ;Cmpl;;;;;;;;;;;;;;;;;;;;;
455312;152958;1_Samuel 19:7;;JQR> ;;692477;W;Conj;;692478;JQR> ;Pred;;692479;JHWNTN ;Subj;;692480;LDWD ;Cmpl;;;;;;;;;;;;;;;;;
455598;154215;1_Samuel 20:37;;JQR> ;;693343;W;Conj;;693344;JQR> ;Pred;;693345;JHWNTN ;Subj;;693346;>XRJ HN<R ;Cmpl;;;;;;;;;;;;;;;;;
455601;154230;1_Samuel 20:38;;JQR> ;;693353;W;Conj;;693354;JQR> ;Pred;;693355;JHWNTN ;Subj;;693356;>XRJ HN<R ;Cmpl;;;;;;;;;;;;;;;;;
455756;154991;1_Samuel 22:11;;QR> ;;693849;LQR> ;Pred;;693850;>T&>XJMLK BN&>XJVWB HKHN W>T KL&BJT >BJW HKHNJM ;Objc;;;;;;;;;;;;;;;;;;;;;;;;;
455961;155943;1_Samuel 23:28;;QR>W ;;694453;<L&KN ;Adju;;694454;QR>W ;Pred;;694455;LMQWM HHW> ;Cmpl;;694456;SL< HMXLQWT00;Objc;;;;;;;;;;;;;;;;;
456003;156156;1_Samuel 24:9;;JQR> ;;694585;W;Conj;;694586;JQR> ;Pred;;694587;>XRJ&#>WL ;Cmpl;;;;;;;;;;;;;;;;;;;;;
456383;157870;1_Samuel 26:14;;JQR> ;;695746;W;Conj;;695747;JQR> ;Pred;;695748;DWD ;Subj;;695749;>L&H<M W>L&>BNR BN&NR ;Cmpl;;;;;;;;;;;;;;;;;
456390;157893;1_Samuel 26:14;;QR>T ;;695762;QR>T ;Pred;;695763;>L&HMLK00;Cmpl;;;;;;;;;;;;;;;;;;;;;;;;;
456594;158862;1_Samuel 28:15;;>QR>H ;;696389;W;Conj;;696390;>QR>H ;Pred;;696391;LK ;Cmpl;;;;;;;;;;;;;;;;;;;;;
456673;159265;1_Samuel 29:6;;JQR> ;;696655;W;Conj;;696656;JQR> ;Pred;;696657;>KJ# ;Subj;;696658;>L&DWD ;Cmpl;;;;;;;;;;;;;;;;;
456943;160611;2_Samuel 1:7;;JQR> ;;697479;W;Conj;;697480;JQR> ;Pred;;697481;>LJ ;Cmpl;;;;;;;;;;;;;;;;;;;;;
456981;160750;2_Samuel 1:15;;JQR> ;;697577;W;Conj;;697578;JQR> ;Pred;;697579;DWD ;Subj;;697580;L>XD MHN<RJM ;Cmpl;;;;;;;;;;;;;;;;;
457088;161283;2_Samuel 2:16;;JQR> ;;697885;W;Conj;;697886;JQR> ;Pred;;697887;LMQWM HHW> ;Cmpl;;697888;XLQT HYRJM ;Objc;;;;;;;;;;;;;;;;;
457134;161509;2_Samuel 2:26;;JQR> ;;698027;W;Conj;;698028;JQR> ;Pred;;698029;>BNR ;Subj;;698030;>L&JW>B ;Cmpl;;;;;;;;;;;;;;;;;
457438;163119;2_Samuel 5:9;;JQR>&;;698975;W;Conj;;698976;JQR>&;Pred;;698977;LH ;Cmpl;;698978;<JR DWD ;Objc;;;;;;;;;;;;;;;;;
457474;163320;2_Samuel 5:20;;QR> ;;699096;<L&KN ;Adju;;699097;QR> ;Pred;;699098;#M&HMQWM HHW> ;Objc;;699099;B<L PRYJM00;Objc;;;;;;;;;;;;;;;;;
457499;163440;2_Samuel 6:2;;NQR> ;;699171;>#R&;Rela;;699172;NQR> ;Pred;;699173;#M ;Subj;;699174;#M JHWH YB>WT ;Objc;;699177;<LJW00;Cmpl;;;;;;;;;;;;;
457518;163579;2_Samuel 6:8;;JQR> ;;699240;W;Conj;;699241;JQR> ;Pred;;699242;LMQWM HHW> ;Cmpl;;699243;PRY <ZH ;Objc;;699244;<D HJWM HZH00;Time;;;;;;;;;;;;;
457770;164975;2_Samuel 9:2;;JQR>W&;;700042;W;Conj;;700043;JQR>W&;Pred;;700044;LW ;Cmpl;;700045;>L&DWD ;Cmpl;;;;;;;;;;;;;;;;;
457804;165122;2_Samuel 9:9;;JQR> ;;700143;W;Conj;;700144;JQR> ;Pred;;700145;HMLK ;Subj;;700146;>L&YJB> N<R #>WL ;Cmpl;;;;;;;;;;;;;;;;;
457972;166001;2_Samuel 11:13;;JQR>&;;700684;W;Conj;;700685;JQR>&;Pred;;700686;LW ;Cmpl;;700687;DWD ;Subj;;;;;;;;;;;;;;;;;
458182;166945;2_Samuel 12:24;;TQR> ;;701321;W;Conj;;701322;TQR> ;Pred;;701323;>T&#MW ;Objc;;701324;#LMH ;Objc;;;;;;;;;;;;;;;;;
458185;166960;2_Samuel 12:25;;JQR> ;;701331;W;Conj;;701332;JQR> ;Pred;;701333;>T&#MW ;Objc;;701334;JDJDJH B<BWR JHWH00;Objc;;;;;;;;;;;;;;;;;
458197;167018;2_Samuel 12:28;;NQR> ;;701367;W;Conj;;701368;NQR> ;Pred;;701369;#MJ ;Subj;;701370;<LJH00;Cmpl;;;;;;;;;;;;;;;;;
458311;167487;2_Samuel 13:17;;JQR> ;;701691;W;Conj;;701692;JQR> ;Pred;;701693;>T&N<RW ;Objc;;;;;;;;;;;;;;;;;;;;;
458343;167641;2_Samuel 13:23;;JQR> ;;701797;W;Conj;;701798;JQR> ;Pred;;701799;>B#LWM ;Subj;;701800;LKL&BNJ HMLK00;Cmpl;;;;;;;;;;;;;;;;;
458612;168841;2_Samuel 14:33;;JQR> ;;702594;W;Conj;;702595;JQR> ;Pred;;702596;>L&>B#LWM ;Cmpl;;;;;;;;;;;;;;;;;;;;;
458625;168911;2_Samuel 15:2;;JQR> ;;702637;W;Conj;;702638;JQR> ;Pred;;702639;>B#LWM ;Subj;;702640;>LJW ;Cmpl;;;;;;;;;;;;;;;;;
458668;169099;2_Samuel 15:11;;QR>JM ;;702765;QR>JM ;PreC;;;;;;;;;;;;;;;;;;;;;;;;;;;;;
458932;170359;2_Samuel 17:5;;QR> ;;703531;QR> ;Pred;;703532;N> ;Intj;;703533;GM LXW#J H>RKJ ;Cmpl;;;;;;;;;;;;;;;;;;;;;
459152;171528;2_Samuel 18:18;;JQR> ;;704219;W;Conj;;704220;JQR> ;Pred;;704221;LMYBT ;Cmpl;;704222;<L&#MW ;Cmpl;;;;;;;;;;;;;;;;;
459153;171535;2_Samuel 18:18;;JQR> ;;704223;W;Conj;;704224;JQR> ;Pred;;704225;LH ;Cmpl;;704226;JD >B#LM ;Subj;;704227;<D HJWM HZH00;Time;;;;;;;;;;;;;
459188;171696;2_Samuel 18:25;;JQR> ;;704332;W;Conj;;704333;JQR> ;Pred;;704334;HYPH ;Subj;;;;;;;;;;;;;;;;;;;;;
459196;171727;2_Samuel 18:26;;JQR> ;;704353;W;Conj;;704354;JQR> ;Pred;;704355;HYPH ;Subj;;704356;>L&H#<R ;Cmpl;;;;;;;;;;;;;;;;;
459206;171775;2_Samuel 18:28;;JQR> ;;704383;W;Conj;;704384;JQR> ;Pred;;704385;>XJM<Y ;Subj;;;;;;;;;;;;;;;;;;;;;
459547;173477;2_Samuel 20:16;;TQR> ;;705434;W;Conj;;705435;TQR> ;Pred;;705436;>#H XKMH MN&H<JR ;Subj;;;;;;;;;;;;;;;;;;;;;
459604;173731;2_Samuel 21:2;;JQR> ;;705589;W;Conj;;705590;JQR> ;Pred;;705591;HMLK ;Subj;;705592;LGB<NJM ;Cmpl;;;;;;;;;;;;;;;;;
459704;174328;2_Samuel 22:4;;>QR> ;;705903;MHLL ;PrAd;;705904;>QR> ;Pred;;705905;JHWH ;Objc;;;;;;;;;;;;;;;;;;;;;
459710;174351;2_Samuel 22:7;;>QR> ;;705918;BYR&LJ ;Adju;;705919;>QR> ;Pred;;705920;JHWH ;Objc;;;;;;;;;;;;;;;;;;;;;
459711;174356;2_Samuel 22:7;;>QR> ;;705921;W;Conj;;705922;>L&>LHJ ;Cmpl;;705923;>QR> ;Pred;;;;;;;;;;;;;;;;;;;;;
460123;176255;1_Kings 1:9;;JQR> ;;707059;W;Conj;;707060;JQR> ;Pred;;707061;>T&KL&>XJW BNJ HMLK WLKL&>N#J JHWDH <BDJ HMLK00;Objc;;;;;;;;;;;;;;;;;;;;;
460124;176286;1_Kings 1:10;;QR>00;;707062;W;Conj;;707063;>T&NTN HNBJ> WBNJHW W>T&HGBWRJM W>T&#LMH >XJW ;Objc;;707064;L> ;Nega;;707065;QR>00;Pred;;;;;;;;;;;;;;;;;
460162;176452;1_Kings 1:19;;JQR> ;;707182;W;Conj;;707183;JQR> ;Pred;;707184;LKL&BNJ HMLK WL>BJTR HKHN WLJ>B #R HYB> ;Cmpl;;;;;;;;;;;;;;;;;;;;;
460163;176474;1_Kings 1:19;;QR>00;;707185;W;Conj;;707186;L#LMH <BDK ;Cmpl;;707187;L> ;Nega;;707188;QR>00;Pred;;;;;;;;;;;;;;;;;
460187;176578;1_Kings 1:25;;JQR> ;;707250;W;Conj;;707251;JQR> ;Pred;;707252;LKL&BNJ HMLK WL#RJ HYB> WL>BJTR HKHN ;Cmpl;;;;;;;;;;;;;;;;;;;;;
460192;176626;1_Kings 1:26;;QR>00;;707263;W;Conj;;707264;LJ >NJ&<BDK WLYDQ HKHN WLBNJHW BN&JHWJD< WL#LMH <BDK ;Cmpl;;707265;L> ;Nega;;707266;QR>00;Pred;;;;;;;;;;;;;;;;;
460198;176658;1_Kings 1:28;;QR>W&;;707284;QR>W&;Pred;;707285;LJ ;Cmpl;;707286;LBT&#B< ;Cmpl;;;;;;;;;;;;;;;;;;;;;
460217;176742;1_Kings 1:32;;QR>W&;;707339;QR>W&;Pred;;707340;LJ ;Adju;;707341;LYDWQ HKHN WLNTN HNBJ> WLBNJHW BN&JHWJD< ;Cmpl;;;;;;;;;;;;;;;;;;;;;
460253;176970;1_Kings 1:41;;QR>JM ;;707455;W;Conj;;707456;J#M< ;Pred;;707457;>DNJHW WKL&HQR>JM ;Subj;;;;;;;;;;;;;;;;;;;;;
460290;177156;1_Kings 1:49;;QR>JM ;;707565;W;Conj;;707566;JQMW ;Pred;;707567;KL&HQR>JM ;Subj;;;;;;;;;;;;;;;;;;;;;
460498;178137;1_Kings 2:36;;JQR> ;;708186;W;Conj;;708187;JQR> ;Pred;;708188;L#M<J ;Cmpl;;;;;;;;;;;;;;;;;;;;;
460529;178273;1_Kings 2:42;;JQR> ;;708281;W;Conj;;708282;JQR> ;Pred;;708283;L#M<J ;Cmpl;;;;;;;;;;;;;;;;;;;;;
461040;181305;1_Kings 7:21;;JQR> ;;709797;W;Conj;;709798;JQR> ;Pred;;709799;>T&#MW ;Objc;;709800;JKJN ;Objc;;;;;;;;;;;;;;;;;
461042;181317;1_Kings 7:21;;JQR> ;;709804;W;Conj;;709805;JQR> ;Pred;;709806;>T&#MW ;Objc;;709807;B<Z00;Objc;;;;;;;;;;;;;;;;;
461327;183057;1_Kings 8:43;;JQR> ;;710645;>#R&;Rela;;710646;JQR> ;Pred;;710647;>LJK ;Cmpl;;710648;HNKRJ ;Subj;;;;;;;;;;;;;;;;;
461331;183080;1_Kings 8:43;;NQR> ;;710658;KJ&;Conj;;710659;#MK ;Subj;;710660;NQR> ;Pred;;710661;<L&HBJT HZH ;Cmpl;;;;;;;;;;;;;;;;;
461372;183285;1_Kings 8:52;;QR>M ;;710783;QR>M ;PreS;;710784;>LJK00;Cmpl;;;;;;;;;;;;;;;;;;;;;;;;;
461490;183992;1_Kings 9:13;;JQR> ;;711135;W;Conj;;711136;JQR> ;Pred;;711137;LHM ;Cmpl;;711138;>RY KBWL ;Objc;;711139;<D HJWM HZH00;Time;;;;;;;;;;;;;
461801;185968;1_Kings 12:3;;JQR>W&;;712167;W;Conj;;712168;JQR>W&;Pred;;712169;LW ;Cmpl;;;;;;;;;;;;;;;;;;;;;
461898;186409;1_Kings 12:20;;JQR>W ;;712452;W;Conj;;712453;JQR>W ;Pred;;712454;>TW ;Objc;;712455;>L&H<DH ;Cmpl;;;;;;;;;;;;;;;;;
461963;186781;1_Kings 13:2;;JQR> ;;712647;W;Conj;;712648;JQR> ;Pred;;712649;<L&HMZBX ;Cmpl;;712650;BDBR JHWH ;Adju;;;;;;;;;;;;;;;;;
461981;186856;1_Kings 13:4;;QR> ;;712698;>#R ;Rela;;712699;QR> ;Pred;;712700;<L&HMZBX BBJT&>L ;Cmpl;;;;;;;;;;;;;;;;;;;;;
462074;187259;1_Kings 13:21;;JQR> ;;712984;W;Conj;;712985;JQR> ;Pred;;712986;>L&>J# H>LHJM ;Cmpl;;;;;;;;;;;;;;;;;;;;;
462144;187554;1_Kings 13:32;;QR> ;;713182;>#R ;Rela;;713183;QR> ;Pred;;713184;BDBR JHWH ;Adju;;713185;<L&HMZBX W<L KL&BTJ HBMWT ;Cmpl;;;;;;;;;;;;;;;;;
462497;189573;1_Kings 16:24;;JQR> ;;714268;W;Conj;;714269;JQR> ;Pred;;714270;>T&#M H<JR ;Objc;;714273;<L #M&#MR >DNJ HHR ;Cmpl;;714274;#MRWN00;Objc;;;;;;;;;;;;;
462575;189972;1_Kings 17:10;;JQR> ;;714496;W;Conj;;714497;JQR> ;Pred;;714498;>LJH ;Cmpl;;;;;;;;;;;;;;;;;;;;;
462581;189991;1_Kings 17:11;;JQR> ;;714511;W;Conj;;714512;JQR> ;Pred;;714513;>LJH ;Cmpl;;;;;;;;;;;;;;;;;;;;;
462627;190206;1_Kings 17:20;;JQR> ;;714649;W;Conj;;714650;JQR> ;Pred;;714651;>L&JHWH ;Cmpl;;;;;;;;;;;;;;;;;;;;;
462634;190235;1_Kings 17:21;;JQR> ;;714668;W;Conj;;714669;JQR> ;Pred;;714670;>L&JHWH ;Cmpl;;;;;;;;;;;;;;;;;;;;;
462660;190350;1_Kings 18:3;;JQR> ;;714743;W;Conj;;714744;JQR> ;Pred;;714745;>X>B ;Subj;;714746;>L&<BDJHW ;Cmpl;;;;;;;;;;;;;;;;;
462775;190824;1_Kings 18:24;;QR>TM ;;715063;W;Conj;;715064;QR>TM ;Pred;;715065;B#M >LHJKM ;Cmpl;;;;;;;;;;;;;;;;;;;;;
462776;190830;1_Kings 18:24;;>QR> ;;715066;W;Conj;;715067;>NJ ;Subj;;715068;>QR> ;Pred;;715069;B#M&JHWH ;Cmpl;;;;;;;;;;;;;;;;;
462788;190877;1_Kings 18:25;;QR>W ;;715098;W;Conj;;715099;QR>W ;Pred;;715100;B#M >LHJKM ;Cmpl;;;;;;;;;;;;;;;;;;;;;
462793;190896;1_Kings 18:26;;JQR>W ;;715113;W;Conj;;715114;JQR>W ;Pred;;715115;B#M&HB<L ;Cmpl;;715116;MHBQR W<D&HYHRJM ;Time;;;;;;;;;;;;;;;;;
462804;190937;1_Kings 18:27;;QR>W ;;715140;QR>W ;Pred;;715141;BQWL&GDWL ;Adju;;;;;;;;;;;;;;;;;;;;;;;;;
462811;190960;1_Kings 18:28;;JQR>W ;;715160;W;Conj;;715161;JQR>W ;Pred;;715162;BQWL GDWL ;Adju;;;;;;;;;;;;;;;;;;;;;
463078;192041;1_Kings 20:7;;JQR> ;;715875;W;Conj;;715876;JQR> ;Pred;;715877;MLK&J#R>L ;Subj;;715878;LKL&ZQNJ H>RY ;Cmpl;;;;;;;;;;;;;;;;;
463340;193193;1_Kings 21:9;;QR>W&;;716648;QR>W&;Pred;;716649;YWM ;Objc;;;;;;;;;;;;;;;;;;;;;;;;;
463354;193252;1_Kings 21:12;;QR>W ;;716685;QR>W ;Pred;;716686;YWM ;Objc;;;;;;;;;;;;;;;;;;;;;;;;;
463488;193815;1_Kings 22:9;;JQR> ;;717049;W;Conj;;717050;JQR> ;Pred;;717051;MLK J#R>L ;Subj;;717052;>L&SRJS >XD ;Cmpl;;;;;;;;;;;;;;;;;
463507;193898;1_Kings 22:13;;QR> ;;717100;LQR> ;Pred;;717101;MJKJHW ;Objc;;;;;;;;;;;;;;;;;;;;;;;;;
463992;196019;2_Kings 3:10;;QR> ;;718488;KJ&;Conj;;718489;QR> ;Pred;;718490;JHWH ;Subj;;718491;L#L#T HMLKJM H>LH ;Cmpl;;;;;;;;;;;;;;;;;
464009;196109;2_Kings 3:13;;QR> ;;718540;KJ&;Conj;;718541;QR> ;Pred;;718542;JHWH ;Subj;;718543;L#L#T HMLKJM H>LH ;Cmpl;;;;;;;;;;;;;;;;;
464145;196704;2_Kings 4:12;;QR> ;;718939;QR> ;Pred;;718940;L#WNMJT HZ>T ;Cmpl;;;;;;;;;;;;;;;;;;;;;;;;;
464146;196711;2_Kings 4:12;;JQR>&;;718941;W;Conj;;718942;JQR>&;Pred;;718943;LH ;Cmpl;;;;;;;;;;;;;;;;;;;;;
464164;196775;2_Kings 4:15;;QR>&;;718988;QR>&;Pred;;718989;LH ;Cmpl;;;;;;;;;;;;;;;;;;;;;;;;;
464165;196778;2_Kings 4:15;;JQR>&;;718990;W;Conj;;718991;JQR>&;Pred;;718992;LH ;Cmpl;;;;;;;;;;;;;;;;;;;;;
464192;196889;2_Kings 4:22;;TQR> ;;719061;W;Conj;;719062;TQR> ;Pred;;719063;>L&>J#H ;Cmpl;;;;;;;;;;;;;;;;;;;;;
464280;197220;2_Kings 4:36;;JQR> ;;719306;W;Conj;;719307;JQR> ;Pred;;719308;>L&GJXZJ ;Cmpl;;;;;;;;;;;;;;;;;;;;;
464282;197225;2_Kings 4:36;;QR> ;;719311;QR> ;Pred;;719312;>L&H#NMJT HZ>T ;Cmpl;;;;;;;;;;;;;;;;;;;;;;;;;
464283;197232;2_Kings 4:36;;JQR>H ;;719313;W;Conj;;719314;JQR>H ;PreO;;;;;;;;;;;;;;;;;;;;;;;;;
464368;197584;2_Kings 5:7;;QR> ;;719545;KQR> ;Pred;;719546;MLK&J#R>L ;Subj;;719547;>T&HSPR ;Objc;;;;;;;;;;;;;;;;;;;;;
464402;197707;2_Kings 5:11;;QR> ;;719638;W;Conj;;719639;QR> ;Pred;;719640;B#M&JHWH >LHJW ;Cmpl;;;;;;;;;;;;;;;;;;;;;
464555;198342;2_Kings 6:11;;JQR> ;;720066;W;Conj;;720067;JQR> ;Pred;;720068;>L&<BDJW ;Cmpl;;;;;;;;;;;;;;;;;;;;;
464770;199195;2_Kings 7:10;;JQR>W ;;720650;W;Conj;;720651;JQR>W ;Pred;;720652;>L&#<R H<JR ;Cmpl;;;;;;;;;;;;;;;;;;;;;
464778;199232;2_Kings 7:11;;JQR> ;;720670;W;Conj;;720671;JQR> ;Pred;;720672;H#<RJM ;Objc;;;;;;;;;;;;;;;;;;;;;
464846;199533;2_Kings 8:1;;QR> ;;720867;KJ&;Conj;;720868;QR> ;Pred;;720869;JHWH ;Subj;;720870;LR<B ;Cmpl;;;;;;;;;;;;;;;;;
464984;200231;2_Kings 9:1;;QR> ;;721279;W;Conj;;721280;>LJ#< HNBJ> ;Subj;;721281;QR> ;Pred;;721282;L>XD MBNJ HNBJ>JM ;Cmpl;;;;;;;;;;;;;;;;;
465299;201577;2_Kings 10:19;;QR>W ;;722138;KL&NBJ>J HB<L KL&<BDJW WKL&KHNJW ;Objc;;722139;QR>W ;Pred;;722140;>LJ ;Cmpl;;;;;;;;;;;;;;;;;;;;;
465308;201614;2_Kings 10:20;;JQR>W00;;722164;W;Conj;;722165;JQR>W00;Pred;;;;;;;;;;;;;;;;;;;;;;;;;
465445;202361;2_Kings 11:14;;TQR> ;;722566;W;Conj;;722567;TQR> ;Pred;;;;;;;;;;;;;;;;;;;;;;;;;
465495;202677;2_Kings 12:8;;JQR> ;;722726;W;Conj;;722727;JQR> ;Pred;;722728;HMLK JHW># ;Subj;;722729;LJHWJD< HKHN WLKHNJM ;Cmpl;;;;;;;;;;;;;;;;;
465687;203759;2_Kings 14:7;;JQR> ;;723329;W;Conj;;723330;JQR> ;Pred;;723331;>T&#MH ;Objc;;723332;JQT>L ;Objc;;723333;<D HJWM HZH00;Time;;;;;;;;;;;;;
466145;206596;2_Kings 18:4;;JQR>&;;724808;W;Conj;;724809;JQR>&;Pred;;724810;LW ;Cmpl;;724811;NX#TN00;Objc;;;;;;;;;;;;;;;;;
466195;206906;2_Kings 18:18;;JQR>W ;;724965;W;Conj;;724966;JQR>W ;Pred;;724967;>L&HMLK ;Cmpl;;;;;;;;;;;;;;;;;;;;;
466247;207179;2_Kings 18:28;;JQR> ;;725118;W;Conj;;725119;JQR> ;Pred;;725120;BQWL&GDWL ;Adju;;725121;JHWDJT ;Modi;;;;;;;;;;;;;;;;;
466348;207683;2_Kings 19:14;;JQR>M ;;725415;W;Conj;;725416;JQR>M ;PreO;;;;;;;;;;;;;;;;;;;;;;;;;
466514;208400;2_Kings 20:11;;JQR> ;;725871;W;Conj;;725872;JQR> ;Pred;;725873;J#<JHW HNBJ> ;Subj;;725874;>L&JHWH ;Cmpl;;;;;;;;;;;;;;;;;
466693;209399;2_Kings 22:8;;JQR>HW00;;726422;W;Conj;;726423;JQR>HW00;PreO;;;;;;;;;;;;;;;;;;;;;;;;;
466704;209454;2_Kings 22:10;;JQR>HW ;;726455;W;Conj;;726456;JQR>HW ;PreO;;726457;#PN ;Subj;;726458;LPNJ HMLK00;Cmpl;;;;;;;;;;;;;;;;;
466727;209626;2_Kings 22:16;;QR> ;;726526;>#R ;Rela;;726527;QR> ;Pred;;726528;MLK JHWDH00;Subj;;;;;;;;;;;;;;;;;;;;;
466760;209795;2_Kings 23:2;;JQR> ;;726618;W;Conj;;726619;JQR> ;Pred;;726620;B>ZNJHM ;Cmpl;;726621;>T&KL&DBRJ SPR HBRJT ;Objc;;;;;;;;;;;;;;;;;
466831;210315;2_Kings 23:16;;QR> ;;726840;>#R ;Rela;;726841;QR> ;Pred;;726842;>J# H>LHJM ;Subj;;;;;;;;;;;;;;;;;;;;;
466832;210320;2_Kings 23:16;;QR> ;;726843;>#R ;Rela;;726844;QR> ;Pred;;726845;>T&HDBRJM H>LH00;Objc;;;;;;;;;;;;;;;;;;;;;
466839;210352;2_Kings 23:17;;JQR> ;;726861;W;Conj;;726862;JQR> ;Pred;;726863;>T&HDBRJM H>LH ;Objc;;726866;<L HMZBX BJT&>L00;Cmpl;;;;;;;;;;;;;;;;;
467130;212263;Isaiah 1:13;;QR> ;;727774;QR> ;Pred;;727775;MQR> ;Objc;;;;;;;;;;;;;;;;;;;;;;;;;
467185;212449;Isaiah 1:26;;JQR> ;;727911;>XRJ&KN ;Time;;727912;JQR> ;Pred;;727913;LK ;Cmpl;;;;;;;;;;;;;;;;;;;;;
467353;213292;Isaiah 4:1;;JQR> ;;728375;RQ ;Modi;;728376;JQR> ;Pred;;728377;#MK ;Subj;;728378;<LJNW ;Cmpl;;;;;;;;;;;;;;;;;
467513;214007;Isaiah 6:3;;QR> ;;728842;W;Conj;;728843;QR> ;Pred;;728844;ZH ;Subj;;728845;>L&ZH ;Cmpl;;;;;;;;;;;;;;;;;
467517;214031;Isaiah 6:4;;QWR> ;;728852;W;Conj;;728853;JN<W ;Pred;;728854;>MWT HSPJM ;Subj;;728855;MQWL HQWR> ;Adju;;;;;;;;;;;;;;;;;
467624;214472;Isaiah 7:14;;QR>T ;;729141;W;Conj;;729142;QR>T ;Pred;;729143;#MW ;Objc;;729144;<MNW >L00;Objc;;;;;;;;;;;;;;;;;
467671;214765;Isaiah 8:3;;QR> ;;729282;QR> ;Pred;;729283;#MW ;Objc;;729284;MHR #LL X# BZ00;Objc;;;;;;;;;;;;;;;;;;;;;
467674;214774;Isaiah 8:4;;QR> ;;729289;QR> ;Pred;;729290;>BJ W>MJ ;Objc;;;;;;;;;;;;;;;;;;;;;;;;;
467773;215229;Isaiah 9:5;;JQR> ;;729565;W;Conj;;729566;JQR> ;Pred;;729567;#MW ;Objc;;729568;PL> JW<Y >L GBWR >BJ<D #R&#LWM00;Objc;;;;;;;;;;;;;;;;;
468020;216448;Isaiah 12:4;;QR>W ;;730323;QR>W ;Pred;;730324;B#MW ;Cmpl;;;;;;;;;;;;;;;;;;;;;;;;;
468038;216508;Isaiah 13:3;;QR>TJ ;;730367;GM ;Modi;;730368;QR>TJ ;Pred;;730369;GBWRJ L>PJ ;Objc;;730370;<LJZJ G>WTJ00;Objc;;;;;;;;;;;;;;;;;
468171;217103;Isaiah 14:20;;JQR> ;;730747;L>&;Nega;;730748;JQR> ;Pred;;730749;L<WLM ;Time;;730750;ZR< MR<JM00;Subj;;;;;;;;;;;;;;;;;
468559;218817;Isaiah 21:8;;JQR> ;;731789;W;Conj;;731790;JQR> ;Pred;;;;;;;;;;;;;;;;;;;;;;;;;
468574;218874;Isaiah 21:11;;QR> ;;731825;>LJ ;Cmpl;;731826;QR> ;PreC;;731827;M#<JR ;Loca;;;;;;;;;;;;;;;;;;;;;
468635;219141;Isaiah 22:12;;JQR> ;;731977;W;Conj;;731978;JQR> ;Pred;;731979;>DNJ JHWH YB>WT ;Subj;;731980;BJWM HHW> ;Time;;731981;LBKJ WLMSPD WLQRXH ;Adju;;;;;;;;;;;;;
468668;219284;Isaiah 22:20;;QR>TJ ;;732069;W;Conj;;732070;QR>TJ ;Pred;;732071;L<BDJ L>LJQJM BN&XLQJHW00;Cmpl;;;;;;;;;;;;;;;;;;;;;
469215;221533;Isaiah 29:11;;QR> ;;733468;QR> ;Pred;;733469;N>&;Intj;;733470;ZH ;Objc;;;;;;;;;;;;;;;;;;;;;
469222;221554;Isaiah 29:12;;QR> ;;733486;QR> ;Pred;;733487;N>&;Intj;;733488;ZH ;Objc;;;;;;;;;;;;;;;;;;;;;
469301;221905;Isaiah 30:7;;QR>TJ ;;733724;LKN ;Modi;;733725;QR>TJ ;Pred;;733726;LZ>T ;Cmpl;;;;;;;;;;;;;;;;;;;;;
469439;222541;Isaiah 31:4;;JQR> ;;734111;>#R ;Rela;;734112;JQR> ;Pred;;734113;<LJW ;Adju;;734114;ML> R<JM ;Subj;;;;;;;;;;;;;;;;;
469476;222706;Isaiah 32:5;;JQR> ;;734218;L>&;Nega;;734219;JQR> ;Pred;;734220;<WD ;Modi;;734221;LNBL ;Cmpl;;;;;;;;;;;;;;;;;
469684;223450;Isaiah 34:12;;JQR>W ;;734728;W;Conj;;734729;>JN&;Nega;;734730;#M ;Loca;;734731;MLWKH ;Objc;;734732;JQR>W ;Pred;;;;;;;;;;;;;
469700;223514;Isaiah 34:16;;QR>W ;;734778;W;Conj;;734779;QR>W ;Pred;;;;;;;;;;;;;;;;;;;;;;;;;
469738;223672;Isaiah 35:8;;JQR> ;;734884;W;Conj;;734886;JQR> ;Pred;;734887;LH ;Cmpl;;;;;;;;;;;;;;;;;;;;;
469806;224037;Isaiah 36:13;;JQR> ;;735089;W;Conj;;735090;JQR> ;Pred;;735091;BQWL&GDWL ;Adju;;735092;JHWDJT ;Modi;;;;;;;;;;;;;;;;;
469903;224519;Isaiah 37:14;;JQR>HW ;;735372;W;Conj;;735373;JQR>HW ;PreO;;;;;;;;;;;;;;;;;;;;;;;;;
470144;225571;Isaiah 40:2;;QR>W ;;736040;W;Conj;;736041;QR>W ;Pred;;736042;>LJH ;Cmpl;;;;;;;;;;;;;;;;;;;;;
470148;225589;Isaiah 40:3;;QWR> ;;736054;QWL ;Subj;;736055;QWR> ;PreC;;;;;;;;;;;;;;;;;;;;;;;;;
470159;225638;Isaiah 40:6;;QR> ;;736086;QR> ;Pred;;;;;;;;;;;;;;;;;;;;;;;;;;;;;
470161;225642;Isaiah 40:6;;>QR> ;;736089;MH ;Objc;;736090;>QR> ;Pred;;;;;;;;;;;;;;;;;;;;;;;;;
470245;225967;Isaiah 40:26;;JQR> ;;736327;LKLM ;Cmpl;;736328;B#M ;Cmpl;;736329;JQR> ;Pred;;;;;;;;;;;;;;;;;;;;;
470288;226103;Isaiah 41:4;;QR> ;;736437;QR> ;PreC;;736438;HDRWT ;Objc;;736439;MR># ;Time;;;;;;;;;;;;;;;;;;;;;
470312;226177;Isaiah 41:9;;QR>TJK ;;736487;W;Conj;;736488;M>YJLJH ;Cmpl;;736489;QR>TJK ;PreO;;;;;;;;;;;;;;;;;;;;;
470398;226444;Isaiah 41:25;;JQR> ;;736689;MMZRX&#M# ;Adju;;736690;JQR> ;Pred;;736691;B#MJ ;Cmpl;;;;;;;;;;;;;;;;;;;;;
470447;226600;Isaiah 42:6;;QR>TJK ;;736813;>NJ JHWH ;Subj;;736814;QR>TJK ;PreO;;736815;BYDQ ;Adju;;;;;;;;;;;;;;;;;;;;;
470548;226937;Isaiah 43:1;;QR>TJ ;;737057;QR>TJ ;Pred;;737058;B#MK ;Cmpl;;;;;;;;;;;;;;;;;;;;;;;;;
470576;227032;Isaiah 43:7;;NQR> ;;737127;H;Rela;;737128;NQR> ;PreC;;737129;B#MJ ;Cmpl;;;;;;;;;;;;;;;;;;;;;
470642;227253;Isaiah 43:22;;QR>T ;;737297;W;Conj;;737298;L>&;Nega;;737299;>TJ ;Objc;;737300;QR>T ;Pred;;;;;;;;;;;;;;;;;
470684;227395;Isaiah 44:5;;JQR> ;;737408;W;Conj;;737409;ZH ;Subj;;737410;JQR> ;Pred;;737411;B#M&J<QB ;Adju;;;;;;;;;;;;;;;;;
470692;227432;Isaiah 44:7;;JQR> ;;737435;JQR> ;Pred;;;;;;;;;;;;;;;;;;;;;;;;;;;;;
470848;227915;Isaiah 45:3;;QWR> ;;737818;H;Rela;;737819;QWR> ;PreC;;737820;B#MK ;Cmpl;;;;;;;;;;;;;;;;;;;;;
470850;227927;Isaiah 45:4;;>QR> ;;737822;W;Conj;;737823;>QR> ;Pred;;737824;LK ;Cmpl;;737825;B#MK ;Cmpl;;;;;;;;;;;;;;;;;
471025;228468;Isaiah 46:11;;QR> ;;738246;QR> ;PreC;;738247;MMZRX ;Cmpl;;738248;<JV ;Objc;;;;;;;;;;;;;;;;;;;;;
471045;228527;Isaiah 47:1;;JQR>W&;;738290;JQR>W&;Pred;;738291;LK ;Cmpl;;738292;RKH W<NGH00;Objc;;;;;;;;;;;;;;;;;;;;;
471063;228574;Isaiah 47:5;;JQR>W&;;738330;JQR>W&;Pred;;738331;LK ;Cmpl;;738332;GBRT MMLKWT00;Objc;;;;;;;;;;;;;;;;;;;;;
471127;228780;Isaiah 48:1;;NQR>JM ;;738487;H;Rela;;738488;NQR>JM ;PreC;;738489;B#M J#R>L ;Cmpl;;;;;;;;;;;;;;;;;;;;;
471133;228811;Isaiah 48:2;;NQR>W ;;738504;KJ&;Conj;;738505;M<JR HQD# ;Adju;;738506;NQR>W ;Pred;;;;;;;;;;;;;;;;;;;;;
471168;228919;Isaiah 48:8;;QR> ;;738590;W;Conj;;738592;MBVN ;Time;;738593;QR> ;Pred;;738594;LK00;Cmpl;;;;;;;;;;;;;;;;;
471182;228959;Isaiah 48:12;;MQR>J ;;738624;W;Conj;;738625;J#R>L MQR>J ;Voct;;;;;;;;;;;;;;;;;;;;;;;;;
471188;228975;Isaiah 48:13;;QR> ;;738640;QR> ;PreC;;738641;>NJ ;Subj;;738642;>LJHM ;Cmpl;;;;;;;;;;;;;;;;;;;;;
471199;229002;Isaiah 48:15;;QR>TJW ;;738663;>P&;Modi;;738664;QR>TJW ;PreO;;;;;;;;;;;;;;;;;;;;;;;;;
471239;229139;Isaiah 49:1;;QR>NJ ;;738759;JHWH ;Subj;;738760;MBVN ;Time;;738761;QR>NJ ;PreO;;;;;;;;;;;;;;;;;;;;;
471376;229641;Isaiah 50:2;;QR>TJ ;;739135;QR>TJ ;Pred;;;;;;;;;;;;;;;;;;;;;;;;;;;;;
471438;229857;Isaiah 51:2;;QR>TJW ;;739294;KJ&;Conj;;739295;>XD ;Adju;;739296;QR>TJW ;PreO;;;;;;;;;;;;;;;;;;;;;
471715;230846;Isaiah 54:5;;JQR>00;;740012;>LHJ KL&H>RY ;Objc;;740013;JQR>00;Pred;;;;;;;;;;;;;;;;;;;;;;;;;
471716;230854;Isaiah 54:6;;QR>K ;;740014;KJ&;Conj;;740015;K>#H <ZWBH W<YWBT RWX ;Adju;;740016;QR>K ;PreO;;740017;JHWH ;Subj;;;;;;;;;;;;;;;;;
471787;231127;Isaiah 55:5;;TQR> ;;740206;HN ;Intj;;740207;GWJ ;Objc;;740210;TQR> ;Pred;;;;;;;;;;;;;;;;;;;;;
471794;231147;Isaiah 55:6;;QR>HW ;;740223;QR>HW ;PreO;;;;;;;;;;;;;;;;;;;;;;;;;;;;;
471873;231458;Isaiah 56:7;;JQR> ;;740435;KJ ;Conj;;740436;BJTJ ;Subj;;740437;BJT&TPLH ;Objc;;740438;JQR> ;Pred;;740439;LKL&H<MJM00;Adju;;;;;;;;;;;;;
472001;231892;Isaiah 58:1;;QR> ;;740739;QR> ;Pred;;740740;BGRWN ;Adju;;;;;;;;;;;;;;;;;;;;;;;;;
472028;232004;Isaiah 58:5;;TQR>&;;740817;H;Ques;;740818;LZH ;Cmpl;;740819;TQR>&;Pred;;740820;YWM WJWM RYWN LJHWH00;Objc;;;;;;;;;;;;;;;;;
472044;232071;Isaiah 58:9;;TQR> ;;740869;>Z ;Time;;740870;TQR> ;Pred;;;;;;;;;;;;;;;;;;;;;;;;;
472064;232146;Isaiah 58:12;;QR> ;;740927;W;Conj;;740928;QR> ;Pred;;740929;LK ;Cmpl;;;;;;;;;;;;;;;;;;;;;
472070;232165;Isaiah 58:13;;QR>T ;;740942;W;Conj;;740943;QR>T ;Pred;;740944;L#BT ;Cmpl;;740945;<NG ;Objc;;;;;;;;;;;;;;;;;
472091;232250;Isaiah 59:4;;QR> ;;741003;>JN&;NCop;;741004;QR> ;PreC;;741005;BYDQ ;Adju;;;;;;;;;;;;;;;;;;;;;
472239;232841;Isaiah 60:14;;QR>W ;;741419;W;Conj;;741420;QR>W ;Pred;;741421;LK ;Cmpl;;741422;<JR JHWH YJWN QDW# J#R>L00;Objc;;;;;;;;;;;;;;;;;
472255;232923;Isaiah 60:18;;QR>T ;;741469;W;Conj;;741470;QR>T ;Pred;;741471;J#W<H ;Objc;;741472;XWMTJK ;Objc;;;;;;;;;;;;;;;;;
472278;233024;Isaiah 61:1;;QR> ;;741542;LQR> ;Pred;;741543;L#BWJM ;Cmpl;;741544;DRWR ;Objc;;;;;;;;;;;;;;;;;;;;;
472280;233033;Isaiah 61:2;;QR> ;;741548;LQR> ;Pred;;741549;#NT&RYWN ;Objc;;741550;LJHWH ;Adju;;;;;;;;;;;;;;;;;;;;;
472287;233068;Isaiah 61:3;;QR> ;;741566;W;Conj;;741567;QR> ;Pred;;741568;LHM ;Cmpl;;;;;;;;;;;;;;;;;;;;;
472297;233108;Isaiah 61:6;;TQR>W ;;741589;W;Conj;;741590;>TM ;Subj;;741591;KHNJ JHWH ;PrAd;;741592;TQR>W ;Pred;;;;;;;;;;;;;;;;;
472333;233252;Isaiah 62:2;;QR> ;;741694;W;Conj;;741695;QR> ;Pred;;741696;LK ;Cmpl;;741697;#M XD# ;Subj;;;;;;;;;;;;;;;;;
472339;233287;Isaiah 62:4;;JQR> ;;741719;KJ ;Conj;;741720;LK ;Cmpl;;741721;JQR> ;Pred;;;;;;;;;;;;;;;;;;;;;
472377;233434;Isaiah 62:12;;QR>W ;;741826;W;Conj;;741827;QR>W ;Pred;;741828;LHM ;Cmpl;;;;;;;;;;;;;;;;;;;;;
472379;233443;Isaiah 62:12;;JQR> ;;741830;W;Conj;;741831;LK ;Cmpl;;741832;JQR> ;Pred;;;;;;;;;;;;;;;;;;;;;
472461;233763;Isaiah 63:19;;NQR> ;;742048;L>&;Nega;;742049;NQR> ;Pred;;742050;#MK ;Subj;;742051;<LJHM ;Cmpl;;;;;;;;;;;;;;;;;
472487;233860;Isaiah 64:6;;QWR> ;;742121;W;Conj;;742122;>JN&;NCop;;742123;QWR> ;PreC;;742124;B#MK ;Cmpl;;;;;;;;;;;;;;;;;
472519;233957;Isaiah 65:1;;QR> ;;742200;L>&;Nega;;742201;QR> ;Pred;;742202;B#MJ00;Cmpl;;;;;;;;;;;;;;;;;;;;;
472568;234162;Isaiah 65:12;;QR>TJ ;;742340;J<N ;Conj;;742341;QR>TJ ;Pred;;;;;;;;;;;;;;;;;;;;;;;;;
472587;234236;Isaiah 65:15;;JQR> ;;742398;W;Conj;;742399;L<BDJW ;Cmpl;;742400;JQR> ;Pred;;742401;#M >XR00;Objc;;;;;;;;;;;;;;;;;
472624;234408;Isaiah 65:24;;JQR>W ;;742520;VRM&;Conj;;742521;JQR>W ;Pred;;;;;;;;;;;;;;;;;;;;;;;;;
472658;234531;Isaiah 66:4;;QR>TJ ;;742608;J<N ;Conj;;742609;QR>TJ ;Pred;;;;;;;;;;;;;;;;;;;;;;;;;
472822;235232;Jeremiah 1:15;;QR> ;;743043;KJ ;Conj;;743044;HNNJ ;IntS;;743045;QR> ;PreC;;743046;LKL&M#PXWT MMLKWT YPWNH ;Cmpl;;;;;;;;;;;;;;;;;
472847;235356;Jeremiah 2:2;;QR>T ;;743112;W;Conj;;743113;QR>T ;Pred;;743114;B>ZNJ JRW#LM ;Cmpl;;;;;;;;;;;;;;;;;;;;;
473038;236076;Jeremiah 3:4;;QR>T ;;743615;H;Ques;;743616;LW> ;Nega;;743617;M<TH ;Time;;743618;QR>T ;Pred;;743619;LJ ;Cmpl;;;;;;;;;;;;;
473072;236226;Jeremiah 3:12;;QR>T ;;743713;W;Conj;;743714;QR>T ;Pred;;743715;>T&HDBRJM H>LH ;Objc;;743716;YPWNH ;Cmpl;;;;;;;;;;;;;;;;;
473104;236357;Jeremiah 3:17;;JQR>W ;;743800;B<T HHJ> ;Time;;743801;JQR>W ;Pred;;743802;LJRW#LM ;Cmpl;;743803;KS> JHWH ;Objc;;;;;;;;;;;;;;;;;
473114;236426;Jeremiah 3:19;;TQR>J&;;743839;>BJ ;Objc;;743840;TQR>J&;Pred;;743841;LJ ;Cmpl;;;;;;;;;;;;;;;;;;;;;
473162;236628;Jeremiah 4:5;;QR>W ;;743962;QR>W ;Pred;;;;;;;;;;;;;;;;;;;;;;;;;;;;;
473230;236891;Jeremiah 4:20;;NQR> ;;744128;#BR <L&#BR ;Subj;;744129;NQR> ;Pred;;;;;;;;;;;;;;;;;;;;;;;;;
473583;238175;Jeremiah 6:30;;QR>W ;;745048;KSP NM>S ;Objc;;745049;QR>W ;Pred;;745050;LHM ;Cmpl;;;;;;;;;;;;;;;;;;;;;
473589;238198;Jeremiah 7:2;;QR>T ;;745063;W;Conj;;745064;QR>T ;Pred;;745065;#M ;Loca;;745066;>T&HDBR HZH ;Objc;;;;;;;;;;;;;;;;;
473619;238367;Jeremiah 7:10;;NQR>&;;745151;>#R ;Rela;;745152;NQR>&;Pred;;745153;#MJ ;Subj;;745154;<LJW ;Cmpl;;;;;;;;;;;;;;;;;
473624;238390;Jeremiah 7:11;;NQR>&;;745164;>#R&;Rela;;745165;NQR>&;Pred;;745166;#MJ ;Subj;;745167;<LJW ;Cmpl;;;;;;;;;;;;;;;;;
473640;238449;Jeremiah 7:13;;>QR> ;;745204;W;Conj;;745205;>QR> ;Pred;;745206;>TKM ;Objc;;;;;;;;;;;;;;;;;;;;;
473643;238460;Jeremiah 7:14;;NQR>&;;745213;>#R ;Rela;;745214;NQR>&;Pred;;745215;#MJ ;Subj;;745216;<LJW ;Cmpl;;;;;;;;;;;;;;;;;
473699;238767;Jeremiah 7:27;;QR>T ;;745395;W;Conj;;745396;QR>T ;Pred;;745397;>LJHM ;Cmpl;;;;;;;;;;;;;;;;;;;;;
473716;238829;Jeremiah 7:30;;NQR>&;;745443;>#R&;Rela;;745444;NQR>&;Pred;;745445;#MJ ;Subj;;745446;<LJW ;Cmpl;;;;;;;;;;;;;;;;;
473910;239691;Jeremiah 9:16;;QR>W ;;745987;W;Conj;;745988;QR>W ;Pred;;745989;LMQWNNWT ;Cmpl;;;;;;;;;;;;;;;;;;;;;
474059;240294;Jeremiah 10:25;;QR>W ;;746386;>#R ;Rela;;746387;B#MK ;Cmpl;;746388;L> ;Nega;;746389;QR>W ;Pred;;;;;;;;;;;;;;;;;
474090;240425;Jeremiah 11:6;;QR> ;;746468;QR> ;Pred;;746469;>T&KL&HDBRJM H>LH ;Objc;;746470;B<RJ JHWDH WBXYWT JRW#LM ;Cmpl;;;;;;;;;;;;;;;;;;;;;
474134;240642;Jeremiah 11:14;;QR>M ;;746599;QR>M ;PreS;;746600;>LJ ;Cmpl;;746601;B<D R<TM00;Adju;;;;;;;;;;;;;;;;;;;;;
474140;240671;Jeremiah 11:16;;QR> ;;746614;ZJT R<NN JPH PRJ&T>R ;Objc;;746615;QR> ;Pred;;746616;JHWH ;Subj;;746617;#MK ;Objc;;;;;;;;;;;;;;;;;
474204;240936;Jeremiah 12:6;;QR>W ;;746796;GM&HMH ;Subj;;746797;QR>W ;Pred;;746798;>XRJK ;Cmpl;;746799;ML> ;Objc;;;;;;;;;;;;;;;;;
474424;241816;Jeremiah 14:9;;NQR> ;;747376;W;Conj;;747377;#MK ;Subj;;747378;<LJNW ;Cmpl;;747379;NQR> ;Pred;;;;;;;;;;;;;;;;;
474576;242488;Jeremiah 15:16;;NQR> ;;747812;KJ&;Conj;;747813;NQR> ;Pred;;747814;#MK ;Subj;;747815;<LJ ;Cmpl;;;;;;;;;;;;;;;;;
474929;244142;Jeremiah 19:2;;QR>T ;;748832;W;Conj;;748833;QR>T ;Pred;;748834;#M ;Loca;;748835;>T&HDBRJM ;Objc;;;;;;;;;;;;;;;;;
474951;244249;Jeremiah 19:6;;JQR> ;;748895;W;Conj;;748896;L>&;Nega;;748897;JQR> ;Pred;;748898;LMQWM HZH ;Cmpl;;748899;<WD ;Modi;;748900;HTPT WGJ> BN&HNM ;Subj;;;;;;;;;
475001;244581;Jeremiah 20:3;;QR> ;;749054;L> ;Nega;;749055;P#XWR ;Objc;;749056;QR> ;Pred;;749057;JHWH ;Subj;;749058;#MK ;Objc;;;;;;;;;;;;;
475031;244715;Jeremiah 20:8;;>QR> ;;749135;XMS W#D ;Objc;;749136;>QR> ;Pred;;;;;;;;;;;;;;;;;;;;;;;;;
475312;246030;Jeremiah 23:6;;JQR>W ;;749939;>#R&;Rela;;749940;JQR>W ;PreO;;;;;;;;;;;;;;;;;;;;;;;;;
475615;247620;Jeremiah 25:29;;NQR>&;;750776;>#R ;Rela;;750777;NQR>&;Pred;;750778;#MJ ;Subj;;750779;<LJH ;Cmpl;;;;;;;;;;;;;;;;;
475619;247636;Jeremiah 25:29;;QR> ;;750789;KJ ;Conj;;750790;XRB ;Objc;;750791;>NJ ;Subj;;750792;QR> ;PreC;;750793;<L&KL&J#BJ H>RY ;Cmpl;;;;;;;;;;;;;
475964;249709;Jeremiah 29:12;;QR>TM ;;751821;W;Conj;;751822;QR>TM ;Pred;;751823;>TJ ;Objc;;;;;;;;;;;;;;;;;;;;;
476040;250106;Jeremiah 29:29;;JQR> ;;752047;W;Conj;;752048;JQR> ;Pred;;752049;YPNJH HKHN ;Subj;;752050;>T&HSPR HZH ;Objc;;752051;B>ZNJ JRMJHW HNBJ>00;Adju;;;;;;;;;;;;;
476137;250503;Jeremiah 30:17;;QR>W ;;752316;KJ ;Conj;;752317;NDXH ;Objc;;752318;QR>W ;Pred;;752319;LK ;Cmpl;;;;;;;;;;;;;;;;;
476190;250704;Jeremiah 31:6;;QR>W ;;752466;QR>W ;Pred;;752467;NYRJM ;Subj;;752468;BHR >PRJM ;Loca;;;;;;;;;;;;;;;;;;;;;
476504;252256;Jeremiah 32:34;;NQR>&;;753341;>#R&;Rela;;753342;NQR>&;Pred;;753343;#MJ ;Subj;;753344;<LJW ;Cmpl;;;;;;;;;;;;;;;;;
476558;252569;Jeremiah 33:3;;QR> ;;753501;QR> ;Pred;;753502;>LJ ;Cmpl;;;;;;;;;;;;;;;;;;;;;;;;;
476612;252934;Jeremiah 33:16;;JQR>&;;753668;>#R&;Rela;;753669;JQR>&;Pred;;753670;LH ;Cmpl;;;;;;;;;;;;;;;;;;;;;
476688;253336;Jeremiah 34:8;;QR> ;;753890;LQR> ;Pred;;753891;LHM ;Cmpl;;753892;DRWR00;Objc;;;;;;;;;;;;;;;;;;;;;
476720;253496;Jeremiah 34:15;;QR> ;;753986;LQR> ;Pred;;753987;DRWR ;Objc;;;;;;;;;;;;;;;;;;;;;;;;;
476723;253510;Jeremiah 34:15;;NQR> ;;753995;>#R&;Rela;;753996;NQR> ;Pred;;753997;#MJ ;Subj;;753998;<LJW00;Cmpl;;;;;;;;;;;;;;;;;
476734;253553;Jeremiah 34:17;;QR> ;;754028;LQR> ;Pred;;754029;DRWR ;Objc;;;;;;;;;;;;;;;;;;;;;;;;;
476737;253563;Jeremiah 34:17;;QR> ;;754035;HNNJ ;IntS;;754036;QR> ;PreC;;754037;LKM ;Cmpl;;754038;DRWR ;Objc;;754040;>L&HXRB >L&HDBR W>L&HR<B ;Cmpl;;;;;;;;;;;;;
476835;254141;Jeremiah 35:17;;>QR> ;;754334;W;Conj;;754335;>QR> ;Pred;;754336;LHM ;Cmpl;;;;;;;;;;;;;;;;;;;;;
476858;254289;Jeremiah 36:4;;JQR> ;;754409;W;Conj;;754410;JQR> ;Pred;;754411;JRMJHW ;Subj;;754412;>T&BRWK BN&NRJH ;Objc;;;;;;;;;;;;;;;;;
476867;254330;Jeremiah 36:6;;QR>T ;;754436;W;Conj;;754437;QR>T ;Pred;;754438;BMGLH ;Cmpl;;754442;>T&DBRJ JHWH ;Objc;;754443;B>ZNJ H<M ;Adju;;754444;BJT JHWH ;Loca;;754445;BJWM YWM ;Time;;;;;
476869;254360;Jeremiah 36:6;;TQR>M00;;754446;W;Conj;;754447;GM B>ZNJ KL&JHWDH ;Adju;;754451;TQR>M00;PreO;;;;;;;;;;;;;;;;;;;;;
476877;254402;Jeremiah 36:8;;QR> ;;754474;LQR> ;Pred;;754475;BSPR ;Cmpl;;754476;DBRJ JHWH ;Objc;;754477;BJT JHWH00;Loca;;;;;;;;;;;;;;;;;
476879;254428;Jeremiah 36:9;;QR>W ;;754482;QR>W ;Pred;;754483;YWM ;Objc;;754484;LPNJ JHWH ;Adju;;754485;KL&H<M BJRW#LM WKL&H<M ;Subj;;;;;;;;;;;;;;;;;
476881;254450;Jeremiah 36:10;;JQR> ;;754490;W;Conj;;754491;JQR> ;Pred;;754492;BRWK ;Subj;;754493;BSPR ;Cmpl;;754494;>T&DBRJ JRMJHW ;Objc;;754495;BJT JHWH BL#KT GMRJHW BN&#PN HSPR ;Loca;;754496;BXYR H<LJWN PTX #<R BJT&JHWH HXD# ;Loca;;754497;B>ZNJ KL&H<M00;Adju;
476888;254548;Jeremiah 36:13;;QR> ;;754518;BQR> ;Pred;;754519;BRWK ;Subj;;754520;BSPR ;Cmpl;;754521;B>ZNJ H<M00;Adju;;;;;;;;;;;;;;;;;
476892;254577;Jeremiah 36:14;;QR>T ;;754529;>#R ;Rela;;754530;QR>T ;Pred;;754531;BH ;Cmpl;;754532;B>ZNJ H<M ;Adju;;;;;;;;;;;;;;;;;
476899;254607;Jeremiah 36:15;;QR>NH ;;754550;W;Conj;;754551;QR>NH ;PreO;;754552;B>ZNJNW ;Adju;;;;;;;;;;;;;;;;;;;;;
476900;254611;Jeremiah 36:15;;JQR> ;;754553;W;Conj;;754554;JQR> ;Pred;;754555;BRWK ;Subj;;754556;B>ZNJHM00;Adju;;;;;;;;;;;;;;;;;
476912;254667;Jeremiah 36:18;;JQR> ;;754586;MPJW ;Adju;;754587;JQR> ;Pred;;754588;>LJ ;Cmpl;;754589;>T KL&HDBRJM H>LH ;Objc;;;;;;;;;;;;;;;;;
476925;254746;Jeremiah 36:21;;JQR>H ;;754629;W;Conj;;754630;JQR>H ;PreO;;754631;JHWDJ ;Subj;;754632;B>ZNJ HMLK WB>ZNJ KL&H#RJM ;Adju;;;;;;;;;;;;;;;;;
476930;254786;Jeremiah 36:23;;QRW> ;;754647;KQRW> ;Pred;;754648;JHWDJ ;Subj;;754649;#L# DLTWT W>RB<H ;Objc;;;;;;;;;;;;;;;;;;;;;
477470;257946;Jeremiah 42:8;;JQR> ;;756351;W;Conj;;756352;JQR> ;Pred;;756353;>L&JWXNN BN&QRX W>L KL&#RJ HXJLJM WLKL&H<M LMQVN W<D&GDWL00;Cmpl;;;;;;;;;;;;;;;;;;;;;
477742;259442;Jeremiah 44:26;;NQR> ;;757149;NQR> ;PreC;;757150;BPJ KL&>J# JHWDH ;Cmpl;;757154;BKL&>RY MYRJM00;Loca;;;;;;;;;;;;;;;;;;;;;
477862;259983;Jeremiah 46:17;;QR>W ;;757469;QR>W ;Pred;;757470;#M ;Loca;;;;;;;;;;;;;;;;;;;;;;;;;
478268;261653;Jeremiah 49:29;;QR>W ;;758522;W;Conj;;758523;QR>W ;Pred;;758524;<LJHM ;Cmpl;;;;;;;;;;;;;;;;;;;;;
478785;263822;Jeremiah 51:61;;QR>T ;;759897;W;Conj;;759898;QR>T ;Pred;;759899;>T KL&HDBRJM H>LH00;Objc;;;;;;;;;;;;;;;;;;;;;
478794;263861;Jeremiah 51:63;;QR> ;;759917;LQR> ;Pred;;759918;>T&HSPR HZH ;Objc;;;;;;;;;;;;;;;;;;;;;;;;;
479645;268053;Ezekiel 8:18;;QR>W ;;762420;W;Conj;;762421;QR>W ;Pred;;762422;B>ZNJ ;Adju;;762423;QWL GDWL ;Cmpl;;;;;;;;;;;;;;;;;
479647;268063;Ezekiel 9:1;;JQR> ;;762428;W;Conj;;762429;JQR> ;Pred;;762430;B>ZNJ ;Cmpl;;762431;QWL GDWL ;Modi;;;;;;;;;;;;;;;;;
479664;268137;Ezekiel 9:3;;JQR> ;;762471;W;Conj;;762472;JQR> ;Pred;;762473;>L&H>J# ;Cmpl;;;;;;;;;;;;;;;;;;;;;
479767;268647;Ezekiel 10:13;;QWR> ;;762755;LHM ;Cmpl;;762756;QWR> ;Pred;;762757;HGLGL ;Subj;;762758;B>ZNJ00;Adju;;;;;;;;;;;;;;;;;
481049;274157;Ezekiel 20:29;;JQR> ;;766458;W;Conj;;766459;JQR> ;Pred;;766460;#MH ;Subj;;766461;BMH ;Objc;;766462;<D HJWM HZH00;Time;;;;;;;;;;;;;
481518;276062;Ezekiel 23:23;;QRW>JM ;;767705;#L#JM WQRW>JM ;Subj;;;;;;;;;;;;;;;;;;;;;;;;;;;;;
483040;283003;Ezekiel 36:29;;QR>TJ ;;772064;W;Conj;;772065;QR>TJ ;Pred;;772066;>L&HDGN ;Cmpl;;;;;;;;;;;;;;;;;;;;;
483323;284279;Ezekiel 38:21;;QR>TJ ;;772860;W;Conj;;772861;QR>TJ ;Pred;;772862;<LJW ;Cmpl;;772863;LKL&HRJ ;Adju;;772864;XRB ;Objc;;;;;;;;;;;;;
483380;284573;Ezekiel 39:11;;QR>W ;;773021;W;Conj;;773022;QR>W ;Pred;;773023;GJ> HMWN GWG00;Objc;;;;;;;;;;;;;;;;;;;;;
484451;290974;Hosea 1:4;;QR> ;;776119;QR> ;Pred;;776120;#MW ;Objc;;776121;JZR<>L ;Objc;;;;;;;;;;;;;;;;;;;;;
484460;291017;Hosea 1:6;;QR> ;;776148;QR> ;Pred;;776149;#MH ;Objc;;776150;L> RXMH ;Objc;;;;;;;;;;;;;;;;;;;;;
484471;291069;Hosea 1:9;;QR> ;;776181;QR> ;Pred;;776182;#MW ;Objc;;776183;L> <MJ ;Objc;;;;;;;;;;;;;;;;;;;;;
484554;291425;Hosea 2:18;;TQR>J ;;776425;BJWM&HHW> ;Time;;776427;TQR>J ;Pred;;;;;;;;;;;;;;;;;;;;;;;;;
484557;291429;Hosea 2:18;;TQR>J&;;776429;W;Conj;;776430;L>&;Nega;;776431;TQR>J&;Pred;;776432;LJ ;Cmpl;;776433;<WD ;Modi;;;;;;;;;;;;;
484813;292455;Hosea 7:7;;QR> ;;777132;>JN&;NCop;;777133;QR> ;PreC;;777134;BHM ;Adju;;777135;>LJ00;Cmpl;;;;;;;;;;;;;;;;;
484827;292511;Hosea 7:11;;QR>W ;;777177;MYRJM ;Cmpl;;777178;QR>W ;Pred;;;;;;;;;;;;;;;;;;;;;;;;;
485056;293307;Hosea 11:1;;QR>TJ ;;777756;W;Conj;;777757;MMYRJM ;Adju;;777758;QR>TJ ;Pred;;777759;LBNJ00;Cmpl;;;;;;;;;;;;;;;;;
485057;293310;Hosea 11:2;;QR>W ;;777760;QR>W ;Pred;;777761;LHM ;Cmpl;;;;;;;;;;;;;;;;;;;;;;;;;
485079;293390;Hosea 11:7;;JQR>HW ;;777816;W;Conj;;777817;>L&<L ;Cmpl;;777818;JQR>HW ;PreO;;;;;;;;;;;;;;;;;;;;;
485322;294250;Joel 1:14;;QR>W ;;778440;QR>W ;Pred;;778441;<YRH ;Objc;;;;;;;;;;;;;;;;;;;;;;;;;
485338;294319;Joel 1:19;;>QR> ;;778484;>LJK ;Cmpl;;778486;>QR> ;Pred;;;;;;;;;;;;;;;;;;;;;;;;;
485410;294618;Joel 2:15;;QR>W ;;778676;QR>W ;Pred;;778677;<YRH00;Objc;;;;;;;;;;;;;;;;;;;;;;;;;
485486;294963;Joel 3:5;;JQR> ;;778887;>#R&;Rela;;778888;JQR> ;Pred;;778889;B#M JHWH ;Cmpl;;;;;;;;;;;;;;;;;;;;;
485490;294987;Joel 3:5;;QR>00;;778900;>#R ;Rela;;778901;JHWH ;Subj;;778902;QR>00;PreC;;;;;;;;;;;;;;;;;;;;;
485517;295149;Joel 4:9;;QR>W&;;778995;QR>W&;Pred;;778996;Z>T ;Objc;;778997;BGWJM ;Adju;;;;;;;;;;;;;;;;;;;;;
485762;296298;Amos 4:5;;QR>W ;;779732;W;Conj;;779733;QR>W ;Pred;;779734;NDBWT ;Objc;;;;;;;;;;;;;;;;;;;;;
485847;296627;Amos 5:8;;QWR> ;;779965;H;Rela;;779966;QWR> ;PreC;;779967;LMJ&HJM ;Cmpl;;;;;;;;;;;;;;;;;;;;;
485885;296768;Amos 5:16;;QR>W ;;780066;W;Conj;;780067;QR>W ;Pred;;780068;>KR ;Objc;;780069;>L&>BL ;Cmpl;;;;;;;;;;;;;;;;;
485998;297235;Amos 7:4;;QR> ;;780379;W;Conj;;780380;HNH ;Intj;;780381;QR> ;PreC;;780384;>DNJ JHWH ;Subj;;;;;;;;;;;;;;;;;
486162;297932;Amos 9:6;;QR> ;;780853;H;Rela;;780854;QR> ;PreC;;780855;LMJ&HJM ;Cmpl;;;;;;;;;;;;;;;;;;;;;
486189;298072;Amos 9:12;;NQR> ;;780937;>#R&;Rela;;780938;NQR> ;Pred;;780939;#MJ ;Subj;;780940;<LJHM ;Cmpl;;;;;;;;;;;;;;;;;
486298;298561;Jonah 1:2;;QR> ;;781263;W;Conj;;781264;QR> ;Pred;;781265;<LJH ;Cmpl;;;;;;;;;;;;;;;;;;;;;
486326;298670;Jonah 1:6;;QR> ;;781341;QR> ;Pred;;781342;>L&>LHJK ;Cmpl;;;;;;;;;;;;;;;;;;;;;;;;;
486370;298854;Jonah 1:14;;JQR>W ;;781468;W;Conj;;781469;JQR>W ;Pred;;781470;>L&JHWH ;Cmpl;;;;;;;;;;;;;;;;;;;;;
486389;298947;Jonah 2:3;;QR>TJ ;;781530;QR>TJ ;Pred;;781531;MYRH ;Adju;;781532;LJ ;Supp;;781533;>L&JHWH ;Cmpl;;;;;;;;;;;;;;;;;
486424;299080;Jonah 3:2;;QR> ;;781618;W;Conj;;781619;QR> ;Pred;;781620;>LJH ;Cmpl;;781621;>T&HQRJ>H ;Objc;;;;;;;;;;;;;;;;;
486432;299121;Jonah 3:4;;JQR> ;;781645;W;Conj;;781646;JQR> ;Pred;;;;;;;;;;;;;;;;;;;;;;;;;
486437;299137;Jonah 3:5;;JQR>W&;;781658;W;Conj;;781659;JQR>W&;Pred;;781660;YWM ;Objc;;;;;;;;;;;;;;;;;;;;;
486452;299213;Jonah 3:8;;JQR>W ;;781703;W;Conj;;781704;JQR>W ;Pred;;781705;>L&>LHJM ;Cmpl;;781706;BXZQH ;Adju;;;;;;;;;;;;;;;;;
486675;300132;Micah 3:5;;QR>W ;;782314;W;Conj;;782315;QR>W ;Pred;;782316;#LWM ;Objc;;;;;;;;;;;;;;;;;;;;;
486869;300983;Micah 6:9;;JQR> ;;782872;QWL JHWH ;Subj;;782873;L<JR ;Cmpl;;782874;JQR> ;Pred;;;;;;;;;;;;;;;;;;;;;
487286;302474;Habakkuk 2:2;;QWR> ;;783939;QWR> ;PreC;;783940;BW00;Cmpl;;;;;;;;;;;;;;;;;;;;;;;;;
487470;303208;Zephaniah 1:7;;QR>JW00;;784424;HQDJ# ;Pred;;784425;QR>JW00;Objc;;;;;;;;;;;;;;;;;;;;;;;;;
487632;303885;Zephaniah 3:9;;QR> ;;784835;LQR> ;Pred;;784836;KLM ;Subj;;784837;B#M JHWH ;Cmpl;;;;;;;;;;;;;;;;;;;;;
487730;304296;Haggai 1:11;;>QR> ;;785083;W;Conj;;785084;>QR> ;Pred;;785085;XRB ;Objc;;785086;<L&H>RY W<L&HHRJM W<L&HDGN W<L&HTJRW# W<L&HJYHR ;Adju;;;;;;;;;;;;;;;;;
487852;305030;Zechariah 1:4;;QR>W&;;785402;>#R ;Rela;;785403;QR>W&;Pred;;785404;>LJHM ;Cmpl;;785405;HNBJ>JM HR>#NJM ;Subj;;;;;;;;;;;;;;;;;
487910;305269;Zechariah 1:14;;QR> ;;785549;QR> ;Pred;;;;;;;;;;;;;;;;;;;;;;;;;;;;;
487923;305324;Zechariah 1:17;;QR> ;;785585;<WD ;Modi;;785586;QR> ;Pred;;;;;;;;;;;;;;;;;;;;;;;;;
488058;305861;Zechariah 3:10;;TQR>W ;;785945;BJWM HHW> ;Time;;785947;TQR>W ;Pred;;785950;>L&TXT GPN W>L&TXT T>NH00;Loca;;;;;;;;;;;;;;;;;;;;;
488285;306811;Zechariah 7:7;;QR> ;;786531;>#R ;Rela;;786532;QR> ;Pred;;786533;JHWH ;Subj;;786534;BJD HNBJ>JM HR>#NJM ;Adju;;;;;;;;;;;;;;;;;
488307;306927;Zechariah 7:13;;QR> ;;786592;K>#R&;Conj;;786593;QR> ;Pred;;;;;;;;;;;;;;;;;;;;;;;;;
488309;306932;Zechariah 7:13;;JQR>W ;;786597;KN ;Modi;;786598;JQR>W ;Pred;;;;;;;;;;;;;;;;;;;;;;;;;
488324;306997;Zechariah 8:3;;NQR>H ;;786641;W;Conj;;786642;NQR>H ;Pred;;786643;JRW#LM ;Subj;;786644;<JR&H>MT ;Objc;;;;;;;;;;;;;;;;;
488582;308129;Zechariah 11:7;;QR>TJ ;;787350;L>XD ;Cmpl;;787351;QR>TJ ;Pred;;;;;;;;;;;;;;;;;;;;;;;;;
488584;308134;Zechariah 11:7;;QR>TJ ;;787353;W;Conj;;787354;L>XD ;Cmpl;;787355;QR>TJ ;Pred;;;;;;;;;;;;;;;;;;;;;
488736;308885;Zechariah 13:9;;JQR> ;;787781;HW> ;Subj;;787782;JQR> ;Pred;;787783;B#MJ ;Cmpl;;;;;;;;;;;;;;;;;;;;;
488854;309513;Malachi 1:4;;QR>W ;;788134;W;Conj;;788135;QR>W ;Pred;;788136;LHM ;Cmpl;;788137;GBWL R#<H ;Objc;;;;;;;;;;;;;;;;;
489176;310878;Psalms 3:5;;>QR> ;;789071;QWLJ ;Adju;;789072;>L&JHWH ;Cmpl;;789073;>QR> ;Pred;;;;;;;;;;;;;;;;;;;;;
489197;310932;Psalms 4:2;;QR>J ;;789111;BQR>J ;PreS;;;;;;;;;;;;;;;;;;;;;;;;;;;;;
489211;310967;Psalms 4:4;;QR>J ;;789139;BQR>J ;PreS;;789140;>LJW00;Cmpl;;;;;;;;;;;;;;;;;;;;;;;;;
489609;312259;Psalms 14:4;;QR>W00;;790056;JHWH ;Objc;;790057;L> ;Nega;;790058;QR>W00;Pred;;;;;;;;;;;;;;;;;;;;;
489687;312525;Psalms 17:6;;QR>TJK ;;790254;>NJ&;Subj;;790255;QR>TJK ;PreO;;;;;;;;;;;;;;;;;;;;;;;;;
489738;312683;Psalms 18:4;;>QR> ;;790355;MHLL ;Adju;;790356;>QR> ;Pred;;790357;JHWH ;Objc;;;;;;;;;;;;;;;;;;;;;
489744;312706;Psalms 18:7;;>QR> ;;790370;BYR&LJ ;Adju;;790371;>QR> ;Pred;;790372;JHWH ;Objc;;;;;;;;;;;;;;;;;;;;;
489939;313426;Psalms 20:10;;QR>NW00;;790882;QR>NW00;PreS;;;;;;;;;;;;;;;;;;;;;;;;;;;;;
489982;313579;Psalms 22:3;;>QR> ;;790986;>QR> ;Pred;;790987;JWMM ;Time;;;;;;;;;;;;;;;;;;;;;;;;;
490253;314479;Psalms 27:7;;>QR> ;;791624;QWLJ ;Adju;;791625;>QR> ;Pred;;;;;;;;;;;;;;;;;;;;;;;;;
490280;314567;Psalms 28:1;;>QR> ;;791688;>LJK ;Cmpl;;791690;>QR> ;Pred;;;;;;;;;;;;;;;;;;;;;;;;;
490363;314879;Psalms 30:9;;>QR> ;;791895;>LJK ;Cmpl;;791897;>QR> ;Pred;;;;;;;;;;;;;;;;;;;;;;;;;
490441;315121;Psalms 31:18;;QR>TJK ;;792074;KJ ;Conj;;792075;QR>TJK ;PreO;;;;;;;;;;;;;;;;;;;;;;;;;
490576;315627;Psalms 34:7;;QR> ;;792418;ZH <NJ ;Subj;;792419;QR> ;Pred;;;;;;;;;;;;;;;;;;;;;;;;;
491144;317463;Psalms 42:8;;QWR> ;;793793;THWM&;Subj;;793794;>L&THWM ;Cmpl;;793795;QWR> ;PreC;;793796;LQWL YNWRJK ;Adju;;;;;;;;;;;;;;;;;
491435;318517;Psalms 49:12;;QR>W ;;794491;QR>W ;Pred;;794492;B#MWTM ;Cmpl;;794493;<LJ >DMWT00;Cmpl;;;;;;;;;;;;;;;;;;;;;
491467;318634;Psalms 50:1;;JQR>&;;794576;W;Conj;;794577;JQR>&;Pred;;794578;>RY ;Objc;;794579;MMZRX&#M# ;Loca;;794580;<D&MB>W00;Loca;;;;;;;;;;;;;
491473;318660;Psalms 50:4;;JQR> ;;794596;JQR> ;Pred;;794597;>L&H#MJM M<L W>L&H>RY ;Cmpl;;;;;;;;;;;;;;;;;;;;;;;;;
491502;318762;Psalms 50:15;;QR>NJ ;;794668;W;Conj;;794669;QR>NJ ;PreO;;794670;BJWM YRH ;Time;;;;;;;;;;;;;;;;;;;;;
491644;319230;Psalms 53:5;;QR>W00;;795009;>LHJM ;Objc;;795010;L> ;Nega;;795011;QR>W00;Pred;;;;;;;;;;;;;;;;;;;;;
491728;319512;Psalms 55:17;;>QR> ;;795212;>NJ ;Subj;;795213;>L&>LHJM ;Cmpl;;795214;>QR> ;Pred;;;;;;;;;;;;;;;;;;;;;
491784;319707;Psalms 56:10;;>QR> ;;795364;>QR> ;Pred;;;;;;;;;;;;;;;;;;;;;;;;;;;;;
491809;319786;Psalms 57:3;;>QR> ;;795422;>QR> ;Pred;;795423;L>LHJM <LJWN ;Cmpl;;;;;;;;;;;;;;;;;;;;;;;;;
492005;320377;Psalms 61:3;;>QR> ;;795835;MQYH H>RY ;Loca;;795836;>LJK ;Cmpl;;795837;>QR> ;Pred;;;;;;;;;;;;;;;;;;;;;
492221;321115;Psalms 66:17;;QR>TJ ;;796345;>LJW ;Cmpl;;796346;PJ&;Adju;;796347;QR>TJ ;Pred;;;;;;;;;;;;;;;;;;;;;
492380;321640;Psalms 69:4;;QR>J ;;796693;BQR>J ;PreO;;;;;;;;;;;;;;;;;;;;;;;;;;;;;
493111;324305;Psalms 79:6;;QR>W00;;798576;>#R ;Rela;;798577;B#MK ;Cmpl;;798578;L> ;Nega;;798579;QR>W00;Pred;;;;;;;;;;;;;;;;;
493189;324569;Psalms 80:19;;NQR>00;;798760;W;Conj;;798761;B#MK ;Cmpl;;798762;NQR>00;Pred;;;;;;;;;;;;;;;;;;;;;
493212;324647;Psalms 81:8;;QR>T ;;798804;BYRH ;Adju;;798805;QR>T ;Pred;;;;;;;;;;;;;;;;;;;;;;;;;
493403;325291;Psalms 86:3;;>QR> ;;799239;KJ ;Conj;;799240;>LJK ;Cmpl;;799241;>QR> ;Pred;;799242;KL&HJWM00;Time;;;;;;;;;;;;;;;;;
493407;325314;Psalms 86:5;;QR>JK00;;799250;KJ&;Conj;;799251;>TH ;Subj;;799253;VWB WSLX WRB&XSD ;PreC;;799254;LKL&QR>JK00;Adju;;;;;;;;;;;;;;;;;
493412;325326;Psalms 86:7;;>QR>K ;;799261;BJWM YRTJ ;Time;;799262;>QR>K ;PreO;;;;;;;;;;;;;;;;;;;;;;;;;
493501;325620;Psalms 88:10;;QR>TJK ;;799467;QR>TJK ;PreO;;799469;BKL&JWM ;Time;;;;;;;;;;;;;;;;;;;;;;;;;
493594;325968;Psalms 89:27;;JQR>NJ ;;799709;HW> ;Subj;;799710;JQR>NJ ;PreO;;;;;;;;;;;;;;;;;;;;;;;;;
493753;326526;Psalms 91:15;;JQR>NJ ;;800102;JQR>NJ ;PreO;;;;;;;;;;;;;;;;;;;;;;;;;;;;;
494026;327508;Psalms 99:6;;QR>J ;;800761;W;Conj;;800762;#MW>L ;Subj;;800763;BQR>J #MW ;PreC;;;;;;;;;;;;;;;;;;;;;
494027;327510;Psalms 99:6;;QR>JM ;;800764;QR>JM ;PreC;;800765;>L&JHWH ;Cmpl;;;;;;;;;;;;;;;;;;;;;;;;;
494094;327739;Psalms 102:3;;>QR> ;;800919;>QR> ;Pred;;;;;;;;;;;;;;;;;;;;;;;;;;;;;
494323;328570;Psalms 105:1;;QR>W ;;801488;QR>W ;Pred;;801489;B#MW ;Cmpl;;;;;;;;;;;;;;;;;;;;;;;;;
494357;328698;Psalms 105:16;;JQR> ;;801568;W;Conj;;801569;JQR> ;Pred;;801570;R<B ;Objc;;801571;<L&H>RY ;Cmpl;;;;;;;;;;;;;;;;;
494927;330888;Psalms 116:2;;>QR>00;;803037;W;Conj;;803038;BJMJ ;Adju;;803039;>QR>00;Pred;;;;;;;;;;;;;;;;;;;;;
494931;330904;Psalms 116:4;;>QR> ;;803047;W;Conj;;803048;B#M&JHWH ;Adju;;803049;>QR> ;Pred;;;;;;;;;;;;;;;;;;;;;
494955;330980;Psalms 116:13;;>QR>00;;803103;W;Conj;;803104;B#M JHWH ;Adju;;803105;>QR>00;Pred;;;;;;;;;;;;;;;;;;;;;
494964;331018;Psalms 116:17;;>QR>00;;803126;W;Conj;;803127;B#M JHWH ;Adju;;803128;>QR>00;Pred;;;;;;;;;;;;;;;;;;;;;
494986;331092;Psalms 118:5;;QR>TJ ;;803179;MN&HMYR ;Adju;;803180;QR>TJ ;Pred;;803181;JH ;Objc;;;;;;;;;;;;;;;;;;;;;
495381;332403;Psalms 119:145;;QR>TJ ;;804165;QR>TJ ;Pred;;804166;BKL&LB ;Adju;;;;;;;;;;;;;;;;;;;;;;;;;
495385;332411;Psalms 119:146;;QR>TJK ;;804171;QR>TJK ;PreO;;;;;;;;;;;;;;;;;;;;;;;;;;;;;
495464;332651;Psalms 120:1;;QR>TJ ;;804355;>L&JHWH ;Cmpl;;804356;BYRTH LJ ;Adju;;804357;QR>TJ ;Pred;;;;;;;;;;;;;;;;;;;;;
495645;333320;Psalms 130:1;;QR>TJK ;;804799;MM<MQJM ;Adju;;804800;QR>TJK ;PreO;;;;;;;;;;;;;;;;;;;;;;;;;
495881;334272;Psalms 138:3;;QR>TJ ;;805404;BJWM ;Time;;805405;QR>TJ ;Pred;;;;;;;;;;;;;;;;;;;;;;;;;
496025;334701;Psalms 141:1;;QR>TJK ;;805730;QR>TJK ;PreO;;;;;;;;;;;;;;;;;;;;;;;;;;;;;
496028;334707;Psalms 141:1;;QR>J&;;805735;BQR>J&;PreS;;805736;LK00;Cmpl;;;;;;;;;;;;;;;;;;;;;;;;;
496228;335391;Psalms 145:18;;QR>JW ;;806221;QR>JW ;PtcO;;;;;;;;;;;;;;;;;;;;;;;;;;;;;
496230;335395;Psalms 145:18;;JQR>HW ;;806223;>#R ;Rela;;806224;JQR>HW ;PreO;;806225;B>MT00;Adju;;;;;;;;;;;;;;;;;;;;;
496279;335576;Psalms 147:4;;JQR>00;;806345;LKLM ;Cmpl;;806346;#MWT ;Objc;;806347;JQR>00;Pred;;;;;;;;;;;;;;;;;;;;;
496292;335626;Psalms 147:9;;JQR>W00;;806383;>#R ;Rela;;806384;JQR>W00;Pred;;;;;;;;;;;;;;;;;;;;;;;;;
496404;336085;Job 1:4;;QR>W ;;806640;W;Conj;;806641;QR>W ;Pred;;806642;L#L#T >XJWTJHM ;Cmpl;;;;;;;;;;;;;;;;;;;;;
496696;337280;Job 5:1;;QR>&;;807478;QR>&;Pred;;807479;N> ;Intj;;;;;;;;;;;;;;;;;;;;;;;;;
497009;338397;Job 9:16;;QR>TJ ;;808368;>M&;Conj;;808369;QR>TJ ;Pred;;;;;;;;;;;;;;;;;;;;;;;;;
497202;339025;Job 12:4;;QR> ;;808884;QR> ;PreC;;808885;L>LWH ;Cmpl;;;;;;;;;;;;;;;;;;;;;;;;;
497317;339433;Job 13:22;;QR> ;;809191;W;Conj;;809192;QR> ;Pred;;;;;;;;;;;;;;;;;;;;;;;;;
497380;339656;Job 14:15;;TQR> ;;809363;TQR> ;Pred;;;;;;;;;;;;;;;;;;;;;;;;;;;;;
497590;340409;Job 17:14;;QR>TJ ;;809956;L#XT ;Cmpl;;809957;QR>TJ ;Pred;;;;;;;;;;;;;;;;;;;;;;;;;
497685;340753;Job 19:16;;QR>TJ ;;810234;L<BDJ ;Cmpl;;810235;QR>TJ ;Pred;;;;;;;;;;;;;;;;;;;;;;;;;
498155;342444;Job 27:10;;JQR> ;;811570;JQR> ;Pred;;811571;>LWH ;Objc;;811572;BKL&<T00;Adju;;;;;;;;;;;;;;;;;;;;;
499322;346859;Job 42:14;;JQR> ;;814848;W;Conj;;814849;JQR> ;Pred;;814850;#M&H>XT ;Objc;;814851;JMJMH ;Objc;;;;;;;;;;;;;;;;;
499377;347103;Proverbs 1:21;;TQR> ;;814998;BR># HMJWT ;Loca;;814999;TQR> ;Pred;;;;;;;;;;;;;;;;;;;;;;;;;
499386;347137;Proverbs 1:24;;QR>TJ ;;815025;J<N ;Conj;;815026;QR>TJ ;Pred;;;;;;;;;;;;;;;;;;;;;;;;;
499398;347179;Proverbs 1:28;;JQR>NNJ ;;815057;>Z ;Time;;815058;JQR>NNJ ;PreO;;;;;;;;;;;;;;;;;;;;;;;;;
499419;347254;Proverbs 2:3;;TQR> ;;815113;>M ;Conj;;815114;LBJNH ;Cmpl;;815115;TQR> ;Pred;;;;;;;;;;;;;;;;;;;;;
499788;348607;Proverbs 7:4;;TQR>00;;816086;W;Conj;;816087;MD< ;Objc;;816088;LBJNH ;Cmpl;;816089;TQR>00;Pred;;;;;;;;;;;;;;;;;
499847;348835;Proverbs 8:1;;TQR> ;;816234;H;Ques;;816235;L>&;Nega;;816236;XKMH ;Subj;;816237;TQR> ;Pred;;;;;;;;;;;;;;;;;
499851;348859;Proverbs 8:4;;>QR> ;;816247;>LJKM ;Cmpl;;816249;>QR> ;Pred;;;;;;;;;;;;;;;;;;;;;;;;;
499940;349179;Proverbs 9:3;;TQR> ;;816467;TQR> ;Pred;;816468;<L&GPJ MRMJ QRT00;Cmpl;;;;;;;;;;;;;;;;;;;;;;;;;
499976;349286;Proverbs 9:15;;QR> ;;816550;LQR> ;Pred;;816551;L<BRJ&DRK ;Cmpl;;;;;;;;;;;;;;;;;;;;;;;;;
499986;349319;Proverbs 9:18;;QR>JH00;;816575;B<MQJ #>WL ;PreC;;816576;QR>JH00;Subj;;;;;;;;;;;;;;;;;;;;;;;;;
500203;350111;Proverbs 12:23;;JQR> ;;817137;W;Conj;;817138;LB KSJLJM ;Subj;;817139;JQR> ;Pred;;817140;>WLT00;Objc;;;;;;;;;;;;;;;;;
500492;351197;Proverbs 16:21;;JQR> ;;817899;LXKM&LB ;Cmpl;;817900;JQR> ;Pred;;817901;NBWN ;Objc;;;;;;;;;;;;;;;;;;;;;
500611;351660;Proverbs 18:6;;JQR>00;;818213;W;Conj;;818214;PJW ;Subj;;818215;LMHLMWT ;Cmpl;;818216;JQR>00;Pred;;;;;;;;;;;;;;;;;
500751;352166;Proverbs 20:6;;JQR> ;;818578;JQR> ;Pred;;818579;>J# ;Subj;;818580;XSDW ;Objc;;;;;;;;;;;;;;;;;;;;;
500846;352520;Proverbs 21:13;;JQR> ;;818810;GM&HW> ;Subj;;818811;JQR> ;Pred;;;;;;;;;;;;;;;;;;;;;;;;;
501074;353416;Proverbs 24:8;;JQR>W00;;819427;LW ;Cmpl;;819428;B<L&MZMWT ;Objc;;819429;JQR>W00;Pred;;;;;;;;;;;;;;;;;;;;;
501828;356163;Ruth 1:20;;TQR>NH ;;821357;>L&;Nega;;821358;TQR>NH ;Pred;;821359;LJ ;Cmpl;;821360;N<MJ ;Objc;;;;;;;;;;;;;;;;;
501829;356166;Ruth 1:20;;QR>N ;;821361;QR>N ;Pred;;821362;LJ ;Cmpl;;821363;MR> ;Objc;;;;;;;;;;;;;;;;;;;;;
501833;356182;Ruth 1:21;;TQR>NH ;;821376;LMH ;Ques;;821377;TQR>NH ;Pred;;821378;LJ ;Cmpl;;821379;N<MJ ;Objc;;;;;;;;;;;;;;;;;
502152;357406;Ruth 4:11;;QR>&;;822245;W;Conj;;822246;QR>&;Pred;;822247;#M ;Objc;;822248;BBJT LXM00;Loca;;;;;;;;;;;;;;;;;
502164;357470;Ruth 4:14;;JQR> ;;822294;W;Conj;;822295;JQR> ;Pred;;822296;#MW ;Subj;;822297;BJ#R>L00;Loca;;;;;;;;;;;;;;;;;
502173;357513;Ruth 4:17;;TQR>NH ;;822326;W;Conj;;822327;TQR>NH ;Pred;;822328;LW ;Cmpl;;822329;H#KNWT ;Subj;;822330;#M ;Objc;;;;;;;;;;;;;
502176;357525;Ruth 4:17;;TQR>NH ;;822335;W;Conj;;822336;TQR>NH ;Pred;;822337;#MW ;Objc;;822338;<WBD ;Objc;;;;;;;;;;;;;;;;;
502448;358537;Song_of_songs 5:6;;QR>TJW ;;822973;QR>TJW ;PreO;;;;;;;;;;;;;;;;;;;;;;;;;;;;;
503181;361406;Ecclesiastes 6:10;;NQR> ;;824812;KBR ;Modi;;824813;NQR> ;PreC;;824814;#MW ;Subj;;;;;;;;;;;;;;;;;;;;;
503724;363792;Lamentations 1:15;;QR> ;;826366;QR> ;Pred;;826367;<LJ ;Cmpl;;826368;MW<D ;Objc;;;;;;;;;;;;;;;;;;;;;
503743;363864;Lamentations 1:19;;QR>TJ ;;826422;QR>TJ ;Pred;;826423;LM>HBJ ;Cmpl;;;;;;;;;;;;;;;;;;;;;;;;;
503763;363926;Lamentations 1:21;;QR>T ;;826470;QR>T ;Pred;;;;;;;;;;;;;;;;;;;;;;;;;;;;;
503882;364422;Lamentations 2:22;;TQR> ;;826791;TQR> ;Pred;;826792;KJWM MW<D ;Adju;;826793;MGWRJ MSBJB ;Objc;;;;;;;;;;;;;;;;;;;;;
503996;364852;Lamentations 3:55;;QR>TJ ;;827083;QR>TJ ;Pred;;827084;#MK ;Objc;;827086;MBWR TXTJWT00;Cmpl;;;;;;;;;;;;;;;;;;;;;
504001;364870;Lamentations 3:57;;>QR>K ;;827095;>QR>K ;PreO;;;;;;;;;;;;;;;;;;;;;;;;;;;;;
504071;365142;Lamentations 4:15;;QR>W ;;827269;QR>W ;Pred;;827270;LMW ;Cmpl;;;;;;;;;;;;;;;;;;;;;;;;;
504296;366403;Esther 2:14;;NQR>H ;;827910;W;Conj;;827911;NQR>H ;Pred;;827912;B#M00;Cmpl;;;;;;;;;;;;;;;;;;;;;
504385;366938;Esther 3:12;;JQR>W ;;828197;W;Conj;;828198;JQR>W ;Pred;;828199;SPRJ HMLK ;Subj;;828200;BXD# HR>#WN ;Time;;828201;B#LW#H <#R JWM BW ;Time;;;;;;;;;;;;;
504429;367213;Esther 4:5;;TQR> ;;828321;W;Conj;;828322;TQR> ;Pred;;828323;>STR ;Subj;;828324;LHTK MSRJSJ HMLK ;Cmpl;;;;;;;;;;;;;;;;;
504458;367367;Esther 4:11;;JQR> ;;828402;>#R ;Rela;;828403;L>&;Nega;;828404;JQR> ;Pred;;;;;;;;;;;;;;;;;;;;;
504463;367389;Esther 4:11;;NQR>TJ ;;828416;W;Conj;;828417;>NJ ;Subj;;828418;L> ;Nega;;828419;NQR>TJ ;Pred;;828422;ZH ;Modi;;828423;#LW#JM JWM00;Time;;;;;;;;;
504550;367848;Esther 5:12;;QRW>&;;828686;W;Conj;;828687;GM&LMXR ;Time;;828688;>NJ ;Subj;;828689;QRW>&;PreC;;828690;LH ;Adju;;828691;<M&HMLK00;Adju;;;;;;;;;
504565;367942;Esther 6:1;;NQR>JM ;;828737;W;Conj;;828738;JHJW ;Pred;;828739;NQR>JM ;PreC;;828740;LPNJ HMLK00;Cmpl;;;;;;;;;;;;;;;;;
504603;368154;Esther 6:9;;QR>W ;;828860;W;Conj;;828861;QR>W ;Pred;;828862;LPNJW ;Cmpl;;;;;;;;;;;;;;;;;;;;;
504617;368227;Esther 6:11;;JQR> ;;828902;W;Conj;;828903;JQR> ;Pred;;828904;LPNJW ;Cmpl;;;;;;;;;;;;;;;;;;;;;
504733;368858;Esther 8:9;;JQR>W ;;829262;W;Conj;;829263;JQR>W ;Pred;;829264;SPRJ&HMLK ;Subj;;829265;B<T&HHJ> ;Time;;829266;BXD# H#LJ#J ;Time;;829269;B#LW#H W<#RJM BW ;Time;;;;;;;;;
504869;369792;Esther 9:26;;QR>W ;;829671;<L&KN ;Adju;;829672;QR>W ;Pred;;829673;LJMJM H>LH ;Cmpl;;829674;PWRJM ;Objc;;829675;<L&#M HPWR ;Adju;;;;;;;;;;;;;
504977;370540;Daniel 2:2;;QR> ;;830029;LQR> ;Pred;;830030;LXRVMJM WL>#PJM WLMK#PJM WLK#DJM ;Cmpl;;;;;;;;;;;;;;;;;;;;;;;;;
505228;371674;Daniel 3:4;;QR> ;;830764;W;Conj;;830765;KRWZ> ;Subj;;830766;QR> ;PreC;;830767;BXJL ;Adju;;;;;;;;;;;;;;;;;
505417;372548;Daniel 4:11;;QR> ;;831298;QR> ;PreC;;831299;BXJL ;Adju;;;;;;;;;;;;;;;;;;;;;;;;;
505585;373275;Daniel 5:7;;QR> ;;831794;QR> ;PreC;;831795;MLK> ;Subj;;831796;BXJL ;Adju;;;;;;;;;;;;;;;;;;;;;
505590;373297;Daniel 5:7;;JQRH ;;831806;DJ&;Rela;;831807;JQRH ;Pred;;831808;KTBH DNH ;Objc;;;;;;;;;;;;;;;;;;;;;
505596;373326;Daniel 5:8;;MQR> ;;831827;KTB> ;Objc;;831828;LMQR> ;Pred;;;;;;;;;;;;;;;;;;;;;;;;;
505618;373435;Daniel 5:12;;JTQRJ ;;831895;K<N ;Time;;831896;DNJ>L ;Subj;;831897;JTQRJ ;Pred;;;;;;;;;;;;;;;;;;;;;
505630;373491;Daniel 5:15;;JQRWN ;;831934;DJ&;Conj;;831935;KTBH DNH ;Objc;;831936;JQRWN ;Pred;;;;;;;;;;;;;;;;;;;;;
505640;373521;Daniel 5:16;;MQR> ;;831959;KTB> ;Objc;;831960;LMQR> ;Pred;;;;;;;;;;;;;;;;;;;;;;;;;
505648;373557;Daniel 5:17;;>QR> ;;831985;BRM ;Modi;;831986;KTB> ;Objc;;831987;>QR> ;Pred;;831988;LMLK> ;Cmpl;;;;;;;;;;;;;;;;;
506072;375531;Daniel 8:16;;JQR> ;;833260;W;Conj;;833261;JQR> ;Pred;;;;;;;;;;;;;;;;;;;;;;;;;
506207;376165;Daniel 9:18;;NQR> ;;833612;>#R&;Rela;;833613;NQR> ;Pred;;833614;#MK ;Subj;;833615;<LJH ;Cmpl;;;;;;;;;;;;;;;;;
506219;376196;Daniel 9:19;;NQR> ;;833637;KJ&;Conj;;833638;#MK ;Subj;;833639;NQR> ;Pred;;833640;<L&<JRK W<L&<MK00;Cmpl;;;;;;;;;;;;;;;;;
506267;376436;Daniel 10:1;;NQR> ;;833781;>#R&;Rela;;833782;NQR> ;Pred;;833783;#MW ;Subj;;833784;BLV#>YR ;Objc;;;;;;;;;;;;;;;;;
506753;378924;Ezra 2:61;;JQR> ;;835116;W;Conj;;835117;JQR> ;Pred;;835118;<L&#MM00;Cmpl;;;;;;;;;;;;;;;;;;;;;
506893;379882;Ezra 4:18;;QRJ ;;835551;N#TWN> ;Subj;;835555;MPR# ;PrAd;;835556;QRJ ;Pred;;835557;QDMJ00;Cmpl;;;;;;;;;;;;;;;;;
506912;379965;Ezra 4:23;;QRJ ;;835611;MN&DJ ;Conj;;835612;PR#GN N#TWN> DJ >RTX##T MLK> ;Subj;;835613;QRJ ;Pred;;835614;QDM&RXWM W#M#J SPR> WKNWTHWN ;Cmpl;;;;;;;;;;;;;;;;;
507220;381866;Ezra 8:21;;>QR> ;;836543;W;Conj;;836544;>QR> ;Pred;;836545;#M <L&HNHR >HW> ;Loca;;836546;YWM ;Objc;;;;;;;;;;;;;;;;;
507851;385647;Nehemiah 5:12;;>QR> ;;838450;W;Conj;;838451;>QR> ;Pred;;838452;>T&HKHNJM ;Objc;;;;;;;;;;;;;;;;;;;;;
507918;386046;Nehemiah 6:7;;QR> ;;838667;LQR> ;Pred;;838668;<LJK ;Cmpl;;838669;BJRW#LM ;Loca;;;;;;;;;;;;;;;;;;;;;
508084;386957;Nehemiah 7:63;;JQR> ;;839062;W;Conj;;839063;JQR> ;Pred;;839064;<L&#MM00;Cmpl;;;;;;;;;;;;;;;;;;;;;
508114;387210;Nehemiah 8:3;;JQR>&;;839149;W;Conj;;839150;JQR>&;Pred;;839151;BW ;Cmpl;;839152;LPNJ HRXWB ;Loca;;839155;MN&H>WR <D&MXYJT HJWM ;Time;;839156;NGD H>N#JM WHN#JM WHMBJNJM ;Adju;;;;;;;;;
508133;387373;Nehemiah 8:8;;JQR>W ;;839211;W;Conj;;839212;JQR>W ;Pred;;839213;BSPR BTWRT H>LHJM ;Cmpl;;839214;MPR# ;PrAd;;;;;;;;;;;;;;;;;
508189;387681;Nehemiah 8:18;;JQR> ;;839369;W;Conj;;839370;JQR> ;Pred;;839371;BSPR TWRT H>LHJM ;Cmpl;;839372;JWM BJWM ;Time;;839373;MN&HJWM HR>#WN <D HJWM H>XRWN ;Time;;;;;;;;;;;;;
508198;387759;Nehemiah 9:3;;JQR>W ;;839402;W;Conj;;839403;JQR>W ;Pred;;839404;BSPR TWRT JHWH >LHJHM ;Cmpl;;839405;RB<JT HJWM ;Time;;;;;;;;;;;;;;;;;
508622;390509;Nehemiah 13:1;;NQR> ;;840570;BJWM HHW> ;Time;;840571;NQR> ;Pred;;840572;BSPR M#H ;Cmpl;;840573;B>ZNJ H<M ;Adju;;;;;;;;;;;;;;;;;
509030;392912;1_Chronicles 4:9;;QR>H ;;841748;W;Conj;;841749;>MW ;Subj;;841750;QR>H ;Pred;;841751;#MW ;Objc;;841752;J<BY ;Objc;;;;;;;;;;;;;
509033;392922;1_Chronicles 4:10;;JQR> ;;841757;W;Conj;;841758;JQR> ;Pred;;841759;J<BY ;Subj;;841760;L>LHJ J#R>L ;Cmpl;;;;;;;;;;;;;;;;;
509270;394668;1_Chronicles 6:50;;JQR>W ;;842433;>#R&;Rela;;842434;JQR>W ;Pred;;842435;>THM ;Objc;;842436;B#MWT00;Cmpl;;;;;;;;;;;;;;;;;
509324;395210;1_Chronicles 7:16;;TQR> ;;842590;W;Conj;;842591;TQR> ;Pred;;842592;#MW ;Objc;;842593;PR# ;Objc;;;;;;;;;;;;;;;;;
509343;395319;1_Chronicles 7:23;;JQR> ;;842644;W;Conj;;842645;JQR> ;Pred;;842646;>T&#MW ;Objc;;842647;BRJ<H ;Objc;;;;;;;;;;;;;;;;;
509619;397132;1_Chronicles 11:7;;QR>W&;;843454;<L&KN ;Adju;;843455;QR>W&;Pred;;843456;LW ;Cmpl;;843457;<JR DWJD00;Objc;;;;;;;;;;;;;;;;;
509859;398574;1_Chronicles 13:6;;NQR> ;;844104;>#R&;Rela;;844105;NQR> ;Pred;;844106;#M00;Subj;;;;;;;;;;;;;;;;;;;;;
509874;398678;1_Chronicles 13:11;;JQR> ;;844157;W;Conj;;844158;JQR> ;Pred;;844159;LMQWM HHW> ;Cmpl;;844160;PRY <Z> ;Objc;;844161;<D HJWM HZH00;Time;;;;;;;;;;;;;
509916;398920;1_Chronicles 14:11;;QR>W ;;844299;<L&KN ;Adju;;844300;QR>W ;Pred;;844301;#M&HMQWM HHW> ;Objc;;844302;B<L PRYJM00;Objc;;;;;;;;;;;;;;;;;
509962;399174;1_Chronicles 15:11;;JQR> ;;844451;W;Conj;;844452;JQR> ;Pred;;844453;DWJD ;Subj;;844454;LYDWQ WL>BJTR HKHNJM WLLWJM L>WRJ>L <#JH WJW>L #M<JH W>LJ>L W<MJNDB00;Cmpl;;;;;;;;;;;;;;;;;
510038;399749;1_Chronicles 16:8;;QR>W ;;844677;QR>W ;Pred;;844678;B#MW ;Cmpl;;;;;;;;;;;;;;;;;;;;;;;;;
510571;402396;1_Chronicles 21:26;;JQR> ;;846271;W;Conj;;846272;JQR> ;Pred;;846273;>L&JHWH ;Cmpl;;;;;;;;;;;;;;;;;;;;;
510607;402604;1_Chronicles 22:6;;JQR> ;;846379;W;Conj;;846380;JQR> ;Pred;;846381;L#LMH BNW ;Cmpl;;;;;;;;;;;;;;;;;;;;;
510706;403140;1_Chronicles 23:14;;JQR>W ;;846672;BNJW ;Subj;;846673;JQR>W ;Pred;;846674;<L&#BV HLWJ00;Cmpl;;;;;;;;;;;;;;;;;;;;;
511448;408074;2_Chronicles 3:17;;JQR> ;;848736;W;Conj;;848737;JQR> ;Pred;;848738;#M&HJMNJ ;Objc;;848739;JKJN ;Objc;;;;;;;;;;;;;;;;;
511732;409761;2_Chronicles 6:33;;JQR> ;;849598;>#R&;Rela;;849599;JQR> ;Pred;;849600;>LJK ;Cmpl;;849601;HNKRJ ;Subj;;;;;;;;;;;;;;;;;
511736;409785;2_Chronicles 6:33;;NQR> ;;849612;KJ&;Conj;;849613;#MK ;Subj;;849614;NQR> ;Pred;;849615;<L&HBJT HZH ;Cmpl;;;;;;;;;;;;;;;;;
511842;410362;2_Chronicles 7:14;;NQR>&;;849931;>#R ;Rela;;849932;NQR>&;Pred;;849933;#MJ ;Subj;;849934;<LJHM ;Cmpl;;;;;;;;;;;;;;;;;
512049;411766;2_Chronicles 10:3;;JQR>W&;;850611;W;Conj;;850612;JQR>W&;Pred;;850613;LW ;Cmpl;;;;;;;;;;;;;;;;;;;;;
512392;413672;2_Chronicles 14:10;;JQR> ;;851648;W;Conj;;851649;JQR> ;Pred;;851650;>S> ;Subj;;851651;>L&JHWH >LHJW ;Cmpl;;;;;;;;;;;;;;;;;
512623;415082;2_Chronicles 18:8;;JQR> ;;852373;W;Conj;;852374;JQR> ;Pred;;852375;MLK J#R>L ;Subj;;852376;>L&SRJS >XD ;Cmpl;;;;;;;;;;;;;;;;;
512643;415167;2_Chronicles 18:12;;QR> ;;852426;LQR> ;Pred;;852427;LMJKJHW ;Cmpl;;;;;;;;;;;;;;;;;;;;;;;;;
512825;416017;2_Chronicles 20:3;;JQR>&;;852942;W;Conj;;852943;JQR>&;Pred;;852944;YWM ;Objc;;852945;<L&KL&JHWDH00;Cmpl;;;;;;;;;;;;;;;;;
512942;416587;2_Chronicles 20:26;;QR>W ;;853259;<L&KN ;Adju;;853260;QR>W ;Pred;;853261;>T&#M HMQWM HHW> ;Objc;;853262;<MQ BRKH ;Objc;;853263;<D&HJWM00;Time;;;;;;;;;;;;;
513226;418301;2_Chronicles 24:6;;JQR> ;;854141;W;Conj;;854142;JQR> ;Pred;;854143;HMLK ;Subj;;854144;LJHWJD< HR># ;Cmpl;;;;;;;;;;;;;;;;;
514089;423495;2_Chronicles 32:18;;JQR>W ;;856771;W;Conj;;856772;JQR>W ;Pred;;856773;BQWL&GDWL ;Cmpl;;856774;JHWDJT ;Modi;;856775;<L&<M JRW#LM ;Cmpl;;;;;;;;;;;;;
514317;424902;2_Chronicles 34:18;;JQR>&;;857482;W;Conj;;857483;JQR>&;Pred;;857484;BW ;Cmpl;;857485;#PN ;Subj;;857486;LPNJ HMLK00;Adju;;;;;;;;;;;;;
514345;425071;2_Chronicles 34:24;;QR>W ;;857568;>#R ;Rela;;857569;QR>W ;Pred;;857570;LPNJ MLK JHWDH00;Adju;;;;;;;;;;;;;;;;;;;;;
514375;425239;2_Chronicles 34:30;;JQR> ;;857655;W;Conj;;857656;JQR> ;Pred;;857657;B>ZNJHM ;Adju;;857658;>T&KL&DBRJ SPR HBRJT ;Objc;;;;;;;;;;;;;;;;;
