clause#;word#;passage;link;verb;stem;phr1#;phr1_txt;phr1_function;phr1_corr;phr2#;phr2_txt;phr2_function;phr2_corr;phr3#;phr3_txt;phr3_function;phr3_corr;phr4#;phr4_txt;phr4_function;phr4_corr;phr5#;phr5_txt;phr5_function;phr5_corr;phr6#;phr6_txt;phr6_function;phr6_corr;phr7#;phr7_txt;phr7_function;phr7_corr
427253;3821;Genesis 8:13;link;JSR ;hif;607260;W;Conj;;607261;JSR ;Pred;;607262;NX ;Subj;;607263;>T&MKSH HTBH ;Objc;;;;;;;;;;;;;
428131;8455;Genesis 19:2;link;SWRW ;qal;609944;SWRW ;Pred;;609945;N> ;Intj;;609946;>L&BJT <BDKM ;Cmpl;;;;;;;;;;;;;;;;;
428140;8484;Genesis 19:3;link;JSRW ;qal;609967;W;Conj;;609968;JSRW ;Pred;;609969;>LJW ;Cmpl;;;;;;;;;;;;;;;;;
429827;16098;Genesis 30:32;link;HSR ;hif;615034;HSR ;Pred;;615035;M#M ;Cmpl;;615036;KL&#H NQD WVLW> WKL&#H&XWM BK#BJM WVLW> WNQD B<ZJM ;Objc;;;;;;;;;;;;;;;;;
429837;16162;Genesis 30:35;link;JSR ;hif;615063;W;Conj;;615064;JSR ;Pred;;615065;BJWM HHW> ;Time;;615066;>T&HTJ#JM H<QDJM WHVL>JM W>T KL&H<ZJM HNQDWT WHVL>T KL WKL&XWM BK#BJM ;Objc;;;;;;;;;;;;;
430451;19081;Genesis 35:2;link;HSRW ;hif;616898;HSRW ;Pred;;616899;>T&>LHJ HNKR ;Objc;;;;;;;;;;;;;;;;;;;;;
430872;21062;Genesis 38:14;link;TSR ;hif;618143;W;Conj;;618144;TSR ;Pred;;618145;BGDJ >LMNWTH ;Objc;;618146;M<LJH ;Cmpl;;;;;;;;;;;;;
430908;21179;Genesis 38:19;link;TSR ;hif;618238;W;Conj;;618239;TSR ;Pred;;618240;Y<JPH ;Objc;;618241;M<LJH ;Cmpl;;;;;;;;;;;;;
431295;23098;Genesis 41:42;link;JSR ;hif;619418;W;Conj;;619419;JSR ;Pred;;619420;PR<H ;Subj;;619421;>T&VB<TW ;Objc;;619422;M<L JDW ;Cmpl;;;;;;;;;
432291;27656;Genesis 48:17;link;HSJR ;hif;622400;LHSJR ;Pred;;622401;>TH ;Objc;;622402;M<L R>#&>PRJM ;Cmpl;;622403;<L&R># MN#H00;Cmpl;;;;;;;;;;;;;
432359;27902;Genesis 49:10;link;JSWR ;qal;622569;L>&;Nega;;622570;JSWR ;Pred;;622571;#BV ;Subj;;622572;MJHWDH ;Cmpl;;;;;;;;;;;;;
432747;29674;Exodus 3:3;link;>SRH&;qal;623694;>SRH&;Pred;;623695;N> ;Intj;;;;;;;;;;;;;;;;;;;;;
432751;29694;Exodus 3:4;link;SR ;qal;623706;KJ ;Conj;;623707;SR ;Pred;;;;;;;;;;;;;;;;;;;;;
433331;32461;Exodus 8:4;link;JSR ;hif;625413;W;Conj;;625414;JSR ;Pred;;625415;HYPRD<JM ;Objc;;625416;MMNJ WM<MJ ;Cmpl;;;;;;;;;;;;;
433345;32523;Exodus 8:7;link;SRW ;qal;625448;W;Conj;;625449;SRW ;Pred;;625450;HYPRD<JM ;Subj;;625451;MMK WMBTJK WM<BDJK WM<MK ;Cmpl;;;;;;;;;;;;;
433425;32943;Exodus 8:25;link;SR ;qal;625700;W;Conj;;625701;SR ;Pred;;625702;H<RB ;Subj;;625703;MPR<H M<BDJW WM<MW ;Cmpl;;625704;MXR ;Time;;;;;;;;;
433433;32986;Exodus 8:27;link;JSR ;qal;625725;W;Conj;;625726;JSR ;Pred;;625727;H<RB ;Subj;;625728;MPR<H M<BDJW WM<MW ;Cmpl;;;;;;;;;;;;;
433659;34227;Exodus 10:17;link;JSR ;hif;626435;W;Conj;;626436;JSR ;Pred;;626437;M<LJ ;Cmpl;;626438;RQ >T&HMWT HZH00;Objc;;;;;;;;;;;;;
434108;36736;Exodus 14:25;link;JSR ;hif;627879;W;Conj;;627880;JSR ;Pred;;627881;>T >PN MRKBTJW ;Objc;;;;;;;;;;;;;;;;;
435104;41454;Exodus 23:25;link;HSRTJ ;hif;630902;W;Conj;;630903;HSRTJ ;Pred;;630904;MXLH ;Objc;;630905;MQRBK00;Loca;;;;;;;;;;;;;
435226;42177;Exodus 25:15;link;JSRW ;qal;631292;L> ;Nega;;631293;JSRW ;Pred;;631294;MMNW00;Cmpl;;;;;;;;;;;;;;;;;
435933;46655;Exodus 32:8;link;SRW ;qal;633493;SRW ;Pred;;633494;MHR ;Modi;;633495;MN&HDRK ;Cmpl;;;;;;;;;;;;;;;;;
436187;47748;Exodus 33:23;link;HSRTJ ;hif;634210;W;Conj;;634211;HSRTJ ;Pred;;634212;>T&KPJ ;Objc;;;;;;;;;;;;;;;;;
436313;48455;Exodus 34:34;link;JSJR ;hif;634621;W;Conj;;634627;JSJR ;Pred;;634628;>T&HMSWH ;Objc;;;;;;;;;;;;;;;;;
436930;52827;Leviticus 1:16;link;HSJR ;hif;636525;W;Conj;;636526;HSJR ;Pred;;636527;>T&MR>TW BNYTH ;Objc;;;;;;;;;;;;;;;;;
437005;53248;Leviticus 3:4;link;JSJRNH00;hif;636756;W;Conj;;636757;>T&HJTRT <L&HKBD ;Objc;BoundErr;636758;<L&HKLJWT ;Adju;BoundErr;636759;JSJRNH00;PreO;;;;;;;;;;;;;
437018;53341;Leviticus 3:9;link;JSJRNH ;hif;636808;L<MT H<YH ;Cmpl;;636809;JSJRNH ;PreO;;;;;;;;;;;;;;;;;;;;;
437024;53385;Leviticus 3:10;link;JSJRNH00;hif;636821;W;Conj;;636822;>T&HJTRT <L&HKBD ;Objc;BoundErr;636823;<L&HKLJT ;Adju;BoundErr;636824;JSJRNH00;PreO;;;;;;;;;;;;;
437039;53477;Leviticus 3:15;link;JSJRNH00;hif;636869;JSJRNH00;PreO;;;;;;;;;;;;;;;;;;;;;;;;;
437074;53717;Leviticus 4:9;link;JSJRNH00;hif;636976;W;Conj;;636977;>T&HJTRT <L&HKBD ;Objc;BoundErr;636978;<L&HKLJWT ;Adju;BoundErr;636979;JSJRNH00;PreO;;;;;;;;;;;;;
437141;54164;Leviticus 4:31;link;JSJR ;hif;637213;W;Conj;;637214;>T&KL&XLBH ;Objc;;637215;JSJR ;Pred;;;;;;;;;;;;;;;;;
437142;54167;Leviticus 4:31;link;HWSR ;hof;637216;K>#R ;Conj;;637217;HWSR ;Pred;;637218;XLB ;Subj;;637219;M<L ZBX H#LMJM ;Cmpl;;;;;;;;;;;;;
437154;54253;Leviticus 4:35;link;JSJR ;hif;637263;W;Conj;;637264;>T&KL&XLBH ;Objc;;637265;JSJR ;Pred;;;;;;;;;;;;;;;;;
437155;54256;Leviticus 4:35;link;JWSR ;hof;637266;K>#R ;Conj;;637267;JWSR ;Pred;;637268;XLB&HK#B ;Subj;;637269;MZBX H#LMJM ;Cmpl;;;;;;;;;;;;;
437383;55389;Leviticus 7:4;link;JSJRNH00;hif;637945;W;Conj;;637946;>T&HJTRT <L&HKBD ;Objc;BoundErr;637947;<L&HKLJT ;Adju;BoundErr;637948;JSJRNH00;PreO;;;;;;;;;;;;;
438216;60170;Leviticus 13:58;link;SR ;qal;640486;W;Conj;;640487;SR ;Pred;;640488;MHM ;Cmpl;;640489;HNG< ;Subj;;;;;;;;;;;;;
441223;77736;Numbers 12:10;link;SR ;qal;649668;W;Conj;;649669;H<NN ;Subj;;649670;SR ;Pred;;649671;M<L H>HL ;Cmpl;;;;;;;;;;;;;
441394;78583;Numbers 14:9;link;SR ;qal;650176;SR ;Pred;;650177;YLM ;Subj;;650178;M<LJHM ;Cmpl;;;;;;;;;;;;;;;;;
441753;80525;Numbers 16:26;link;SWRW ;qal;651271;SWRW ;Pred;;651272;N> ;Intj;;651273;M<L >HLJ H>N#JM HR#<JM H>LH ;Cmpl;;;;;;;;;;;;;;;;;
442227;83283;Numbers 21:7;link;JSR ;hif;652811;W;Conj;;652812;JSR ;Pred;;652813;M<LJNW ;Cmpl;;652814;>T&HNX# ;Objc;;;;;;;;;;;;;
444176;94258;Deuteronomy 2:27;link;>SWR ;qal;658658;L> ;Nega;;658659;>SWR ;Pred;;658660;JMJN W#M>WL00;Cmpl;;;;;;;;;;;;;;;;;
444360;95352;Deuteronomy 4:9;link;JSWRW ;qal;659201;W;Conj;;659202;PN&;Conj;;659203;JSWRW ;Pred;;659204;MLBBK ;Cmpl;;659205;KL JMJ XJJK ;Time;;;;;;;;;
444633;96929;Deuteronomy 5:32;link;TSRW ;qal;660038;L> ;Nega;;660039;TSRW ;Pred;;660040;JMJN W#M>L00;Cmpl;;;;;;;;;;;;;;;;;
444742;97490;Deuteronomy 7:4;link;JSJR ;hif;660351;KJ&;Conj;;660352;JSJR ;Pred;;660353;>T&BNK ;Objc;;660354;M>XRJ ;Cmpl;;;;;;;;;;;;;
444790;97746;Deuteronomy 7:15;link;HSJR ;hif;660494;W;Conj;;660495;HSJR ;Pred;;660496;JHWH ;Subj;;660497;MMK ;Cmpl;;660498;KL&XLJ ;Objc;;;;;;;;;
444986;98715;Deuteronomy 9:12;link;SRW ;qal;661071;SRW ;Pred;;661072;MHR ;Modi;;661073;MN&HDRK ;Cmpl;;;;;;;;;;;;;;;;;
445006;98798;Deuteronomy 9:16;link;SRTM ;qal;661125;SRTM ;Pred;;661126;MHR ;Modi;;661127;MN&HDRK ;Cmpl;;;;;;;;;;;;;;;;;
445209;99920;Deuteronomy 11:16;link;SRTM ;qal;661737;W;Conj;;661738;SRTM ;Pred;;;;;;;;;;;;;;;;;;;;;
445254;100178;Deuteronomy 11:28;link;SRTM ;qal;661882;W;Conj;;661883;SRTM ;Pred;;661884;MN&HDRK ;Cmpl;;;;;;;;;;;;;;;;;
445795;103204;Deuteronomy 17:11;link;TSWR ;qal;663544;L> ;Nega;;663545;TSWR ;Pred;;663546;MN&HDBR ;Cmpl;;663550;JMJN W#M>L00;Adju;Cmpl;;;;;;;;;;;;
445827;103350;Deuteronomy 17:17;link;JSWR ;qal;663646;W;Conj;;663647;L> ;Nega;;663648;JSWR ;Pred;;663649;LBBW ;Subj;;;;;;;;;;;;;
445839;103427;Deuteronomy 17:20;link;SWR ;qal;663683;W;Conj;;663684;LBLTJ SWR ;Pred;;663685;MN&HMYWH ;Cmpl;;663686;JMJN W#M>WL ;Adju;Cmpl;;;;;;;;;;;;
446165;105020;Deuteronomy 21:13;link;HSJRH ;hif;664673;W;Conj;;664674;HSJRH ;Pred;;664675;>T&#MLT #BJH ;Objc;;664676;M<LJH ;Cmpl;;;;;;;;;;;;;
446833;108356;Deuteronomy 28:14;link;TSWR ;qal;666698;W;Conj;;666699;L> ;Nega;;666700;TSWR ;Pred;;666701;MKL&HDBRJM ;Cmpl;;666707;JMJN W#M>WL ;Adju;Cmpl;;;;;;;;
447384;111391;Deuteronomy 31:29;link;SRTM ;qal;668376;W;Conj;;668377;SRTM ;Pred;;668378;MN&HDRK ;Cmpl;;;;;;;;;;;;;;;;;
447768;113070;Joshua 1:7;link;TSWR ;qal;669415;>L&;Nega;;669416;TSWR ;Pred;;669417;MMNW ;Cmpl;;669418;JMJN W#M>WL ;Adju;Cmpl;;;;;;;;;;;;
448386;116419;Joshua 7:13;link;HSJRKM ;hif;671292;<D&HSJRKM ;PreS;;671293;HXRM ;Objc;;671294;MQRBKM00;Cmpl;;;;;;;;;;;;;;;;;
448966;119786;Joshua 11:15;link;HSJR ;hif;673112;L>&;Nega;;673113;HSJR ;Pred;;673114;DBR ;Objc;;673115;MKL ;Cmpl;;;;;;;;;;;;;
449865;126330;Joshua 23:6;link;SWR&;qal;675854;LBLTJ SWR&;Pred;;675855;MMNW ;Cmpl;;675856;JMJN W#M>WL00;Cmpl;;;;;;;;;;;;;;;;;
449976;126975;Joshua 24:14;link;HSJRW ;hif;676218;W;Conj;;676219;HSJRW ;Pred;;676220;>T&>LHJM ;Objc;;;;;;;;;;;;;;;;;
450027;127203;Joshua 24:23;link;HSJRW ;hif;676362;HSJRW ;Pred;;676363;>T&>LHJ HNKR ;Objc;;;;;;;;;;;;;;;;;;;;;
450250;128547;Judges 2:17;link;SRW ;qal;677119;SRW ;Pred;;677120;MHR ;Modi;;677121;MN&HDRK ;Cmpl;;;;;;;;;;;;;;;;;
450471;129777;Judges 4:18;link;SWRH ;qal;677841;SWRH ;Pred;;;;;;;;;;;;;;;;;;;;;;;;;
450473;129779;Judges 4:18;link;SWRH ;qal;677843;SWRH ;Pred;;677844;>LJ ;Cmpl;;;;;;;;;;;;;;;;;;;;;
450475;129784;Judges 4:18;link;JSR ;qal;677847;W;Conj;;677848;JSR ;Pred;;677849;>LJH ;Cmpl;;677850;H>HLH ;Cmpl;;;;;;;;;;;;;
451252;133479;Judges 9:29;link;>SJRH ;hif;680125;W;Conj;;680126;>SJRH ;Pred;;680127;>T&>BJMLK ;Objc;;;;;;;;;;;;;;;;;
451436;134402;Judges 10:16;link;JSJRW ;hif;680681;W;Conj;;680682;JSJRW ;Pred;;680683;>T&>LHJ HNKR ;Objc;;680684;MQRBM ;Cmpl;;;;;;;;;;;;;
451841;136396;Judges 14:8;link;JSR ;qal;681975;W;Conj;;681976;JSR ;Pred;;;;;;;;;;;;;;;;;;;;;
452120;137602;Judges 16:17;link;SR ;qal;682818;W;Conj;;682819;SR ;Pred;;682820;MMNJ ;Cmpl;;682821;KXJ ;Subj;;;;;;;;;;;;;
452137;137671;Judges 16:19;link;JSR ;qal;682866;W;Conj;;682867;JSR ;Pred;;682868;KXW ;Subj;;682869;M<LJW00;Cmpl;;;;;;;;;;;;;
452146;137699;Judges 16:20;link;SR ;qal;682888;KJ ;Conj;;682889;JHWH ;Subj;;682890;SR ;Pred;;682891;M<LJW00;Cmpl;;;;;;;;;;;;;
452282;138377;Judges 18:3;link;JSWRW ;qal;683307;W;Conj;;683308;JSWRW ;Pred;;683309;#M ;Cmpl;;;;;;;;;;;;;;;;;
452344;138651;Judges 18:15;link;JSWRW ;qal;683490;W;Conj;;683491;JSWRW ;Pred;;683492;#MH ;Cmpl;;;;;;;;;;;;;;;;;
452497;139357;Judges 19:11;link;NSWRH ;qal;683936;W;Conj;;683937;NSWRH ;Pred;;683938;>L&<JR&HJBWSJ HZ>T ;Cmpl;;;;;;;;;;;;;;;;;
452500;139372;Judges 19:12;link;NSWR ;qal;683946;L> ;Nega;;683947;NSWR ;Pred;;683948;>L&<JR NKRJ ;Cmpl;;;;;;;;;;;;;;;;;
452511;139422;Judges 19:15;link;JSRW ;qal;683977;W;Conj;;683978;JSRW ;Pred;;683979;#M ;Cmpl;;;;;;;;;;;;;;;;;
452636;140040;Judges 20:8;link;NSWR ;qal;684340;W;Conj;;684341;L> ;Nega;;684342;NSWR ;Pred;;;;;;;;;;;;;;;;;
452962;141805;1_Samuel 1:14;link;HSJRJ ;hif;685361;HSJRJ ;Pred;;685362;>T&JJNK ;Objc;;685363;M<LJK00;Cmpl;;;;;;;;;;;;;;;;;
453490;144169;1_Samuel 6:3;link;TSWR ;qal;686922;LMH ;Ques;;686923;L>&;Nega;;686924;TSWR ;Pred;;686925;JDW ;Subj;;686926;MKM00;Cmpl;;;;;;;;;
453535;144411;1_Samuel 6:12;link;SRW ;qal;687065;W;Conj;;687066;L>&;Nega;;687067;SRW ;Pred;;687068;JMJN W#M>WL ;Cmpl;;;;;;;;;;;;;
453592;144736;1_Samuel 7:3;link;HSJRW ;hif;687243;HSJRW ;Pred;;687244;>T&>LHJ HNKR WH<#TRWT ;Objc;;687245;MTWKKM ;Cmpl;;;;;;;;;;;;;;;;;
453596;144762;1_Samuel 7:4;link;JSJRW ;hif;687257;W;Conj;;687258;JSJRW ;Pred;;687259;BNJ J#R>L ;Subj;;687260;>T&HB<LJM W>T&H<#TRT ;Objc;;;;;;;;;;;;;
454215;147678;1_Samuel 12:20;link;TSWRW ;qal;689153;>K ;Modi;;689154;>L&;Nega;;689155;TSWRW ;Pred;;689156;M>XRJ JHWH ;Cmpl;;;;;;;;;;;;;
454217;147691;1_Samuel 12:21;link;TSWRW ;qal;689161;W;Conj;;689162;L> ;Nega;;689163;TSWRW ;Pred;;;;;;;;;;;;;;;;;
454604;149640;1_Samuel 15:6;link;SRW ;qal;690349;SRW ;Pred;;;;;;;;;;;;;;;;;;;;;;;;;
454609;149661;1_Samuel 15:6;link;JSR ;qal;690362;W;Conj;;690363;JSR ;Pred;;690364;QJNJ ;Subj;;690365;MTWK <MLQ00;Cmpl;;;;;;;;;;;;;
454727;150192;1_Samuel 15:32;link;SR ;qal;690707;>KN ;Intj;;690708;SR ;Pred;;690709;MR&HMWT00;Subj;;;;;;;;;;;;;;;;;
454821;150574;1_Samuel 16:14;link;SRH ;qal;690980;W;Conj;;690981;RWX JHWH ;Subj;;690982;SRH ;Pred;;690983;M<M #>WL ;Cmpl;;;;;;;;;;;;;
454866;150769;1_Samuel 16:23;link;SRH ;qal;691108;W;Conj;;691109;SRH ;Pred;;691110;M<LJW ;Cmpl;;691111;RWX HR<H00;Subj;;;;;;;;;;;;;
454983;151338;1_Samuel 17:26;link;HSJR ;hif;691453;W;Conj;;691454;HSJR ;Pred;;691455;XRPH ;Objc;;691456;M<L J#R>L ;Cmpl;;;;;;;;;;;;;
455051;151668;1_Samuel 17:39;link;JSRM ;hif;691659;W;Conj;;691660;JSRM ;PreO;;691661;DWD ;Subj;;691662;M<LJW00;Cmpl;;;;;;;;;;;;;
455081;151829;1_Samuel 17:46;link;HSRTJ ;hif;691758;W;Conj;;691759;HSRTJ ;Pred;;691760;>T&R>#K ;Objc;;691761;M<LJK ;Cmpl;;;;;;;;;;;;;
455200;152411;1_Samuel 18:12;link;SR00;qal;692108;W;Conj;;692109;M<M #>WL ;Cmpl;;692110;SR00;Pred;;;;;;;;;;;;;;;;;
455201;152413;1_Samuel 18:13;link;JSRHW ;hif;692111;W;Conj;;692112;JSRHW ;PreO;;692113;#>WL ;Subj;;692114;M<MW ;Cmpl;;;;;;;;;;;;;
455665;154510;1_Samuel 21:7;link;MWSRJM ;hof;693546;H;Rela;;693547;MWSRJM ;PreC;;693548;MLPNJ JHWH ;Cmpl;;;;;;;;;;;;;;;;;
455777;155080;1_Samuel 22:14;link;SR ;qal;693900;W;Conj;;693901;SR ;PreC;;693902;>L&M#M<TK ;Cmpl;;;;;;;;;;;;;;;;;
456526;158565;1_Samuel 28:3;link;HSJR ;hif;696178;W;Conj;;696179;#>WL ;Subj;;696180;HSJR ;Pred;;696181;H>BWT W>T&HJD<NJM ;Objc;;696182;MH>RY00;Cmpl;;;;;;;;;
456594;158847;1_Samuel 28:15;link;SR ;qal;696382;W;Conj;;696383;>LHJM ;Subj;;696384;SR ;Pred;;696385;M<LJ ;Cmpl;;;;;;;;;;;;;
456601;158878;1_Samuel 28:16;link;SR ;qal;696403;W;Conj;;696404;JHWH ;Subj;;696405;SR ;Pred;;696406;M<LJK ;Cmpl;;;;;;;;;;;;;
457111;161402;2_Samuel 2:21;link;SWR ;qal;697955;LSWR ;Pred;;697956;M>XRJW00;Cmpl;;;;;;;;;;;;;;;;;;;;;
457114;161413;2_Samuel 2:22;link;SWR ;qal;697963;SWR ;Pred;;697964;LK ;Supp;Adju;697965;M>XRJ ;Cmpl;;;;;;;;;;;;;;;;;
457118;161430;2_Samuel 2:23;link;SWR ;qal;697976;LSWR ;Pred;;;;;;;;;;;;;;;;;;;;;;;;;
457373;162749;2_Samuel 4:7;link;JSJRW ;hif;698765;W;Conj;;698766;JSJRW ;Pred;;698767;>T&R>#W ;Objc;;;;;;;;;;;;;;;;;
457427;163055;2_Samuel 5:6;link;HSJRK ;hif;698940;KJ >M&;Conj;;698941;HSJRK ;PreO;PreS;698942;H<WRJM WHPSXJM ;Objc;;;;;;;;;;;;;;;;;
457525;163615;2_Samuel 6:10;link;HSJR ;hif;699262;LHSJR ;Pred;;699263;>LJW ;Cmpl;;699264;>T&>RWN JHWH ;Objc;;699265;<L&<JR DWD ;Cmpl;;;;;;;;;;;;;
457640;164258;2_Samuel 7:15;link;JSWR ;qal;699629;W;Conj;;699630;XSDJ ;Subj;;699631;L>&;Nega;;699632;JSWR ;Pred;;699633;MMNW ;Cmpl;;;;;;;;;
457641;164262;2_Samuel 7:15;link;HSRTJ ;hif;699634;K>#R ;Conj;;699635;HSRTJ ;Pred;;699636;M<M #>WL ;Cmpl;;;;;;;;;;;;;;;;;
457642;164267;2_Samuel 7:15;link;HSRTJ ;hif;699637;>#R ;Rela;;699638;HSRTJ ;Pred;;699639;MLPNJK00;Cmpl;;;;;;;;;;;;;;;;;
458094;166591;2_Samuel 12:10;link;TSWR ;qal;701056;L>&;Nega;;701057;TSWR ;Pred;;701058;XRB ;Subj;;701059;MBJTK ;Cmpl;;701060;<D&<WLM ;Time;;;;;;;;;
458852;169975;2_Samuel 16:9;link;>SJRH ;hif;703287;W;Conj;;703288;>SJRH ;Pred;;703289;>T&R>#W00;Objc;;;;;;;;;;;;;;;;;
459757;174522;2_Samuel 22:23;link;>SWR ;qal;706043;L>&;Nega;;706044;>SWR ;Pred;;706045;MMNH00;Cmpl;;;;;;;;;;;;;;;;;
460483;178010;1_Kings 2:31;link;HSJRT ;hif;708127;W;Conj;;708128;HSJRT ;Pred;;708129;DMJ XNM ;Objc;;708133;M<LJ WM<L BJT >BJ00;Cmpl;;;;;;;;;;;;;
462312;188430;1_Kings 15:5;link;SR ;qal;713691;W;Conj;;713692;L>&;Nega;;713693;SR ;Pred;;713694;MKL ;Cmpl;;713697;KL JMJ XJJW ;Time;;;;;;;;;
462329;188544;1_Kings 15:12;link;JSR ;hif;713751;W;Conj;;713752;JSR ;Pred;;713753;>T&KL&HGLLJM ;Objc;;;;;;;;;;;;;;;;;
462332;188558;1_Kings 15:13;link;JSRH ;hif;713759;W;Conj;;713760;JSRH ;PreO;;713761;MGBJRH ;Cmpl;;;;;;;;;;;;;;;;;
462336;188581;1_Kings 15:14;link;SRW ;qal;713773;W;Conj;;713774;HBMWT ;Objc;Subj;713775;L>&;Nega;;713776;SRW ;Pred;;;;;;;;;;;;;
463173;192450;1_Kings 20:24;link;HSR ;hif;716134;HSR ;Pred;;716135;HMLKJM ;Objc;;;;;;;;;;;;;;;;;;;;;
463269;192878;1_Kings 20:39;link;SR ;qal;716421;W;Conj;;716422;HNH&;Intj;;716423;>J# ;Subj;;716424;SR ;Pred;;;;;;;;;;;;;
463284;192925;1_Kings 20:41;link;JSR ;hif;716461;W;Conj;;716462;JSR ;Pred;;716463;>T&H>PR ;Objc;;716464;M<LJ <JNJW ;Cmpl;;;;;;;;;;;;;
463609;194328;1_Kings 22:32;link;JSRW ;qal;717387;W;Conj;;717388;JSRW ;Pred;;717389;<LJW ;Cmpl;;;;;;;;;;;;;;;;;
463652;194560;1_Kings 22:43;link;SR ;qal;717516;L>&;Nega;;717517;SR ;Pred;;717518;MMNW ;Cmpl;;;;;;;;;;;;;;;;;
463655;194573;1_Kings 22:44;link;SRW ;qal;717523;>K HBMWT ;Objc;Subj;717524;L>&;Nega;;717525;SRW ;Pred;;;;;;;;;;;;;;;;;
463962;195869;2_Kings 3:2;link;JSR ;hif;718405;W;Conj;;718406;JSR ;Pred;;718407;>T&MYBT HB<L ;Objc;;;;;;;;;;;;;;;;;
463966;195889;2_Kings 3:3;link;SR ;qal;718416;L>&;Nega;;718417;SR ;Pred;;718418;MMNH00;Cmpl;;;;;;;;;;;;;;;;;
464130;196643;2_Kings 4:8;link;JSR ;qal;718895;JSR ;Pred;;718896;#MH ;Cmpl;;;;;;;;;;;;;;;;;;;;;
464141;196684;2_Kings 4:10;link;JSWR ;qal;718924;JSWR ;Pred;;718925;#MH00;Cmpl;;;;;;;;;;;;;;;;;;;;;
464144;196694;2_Kings 4:11;link;JSR ;qal;718932;W;Conj;;718933;JSR ;Pred;;718934;>L&H<LJH ;Cmpl;;;;;;;;;;;;;;;;;
464689;198861;2_Kings 6:32;link;HSJR ;hif;720429;LHSJR ;Pred;;720430;>T&R>#J ;Objc;;;;;;;;;;;;;;;;;;;;;
465353;201822;2_Kings 10:29;link;SR ;qal;722287;L>&;Nega;;722288;SR ;Pred;;722289;JHW> ;Subj;;722290;M>XRJHM ;Cmpl;;;;;;;;;;;;;
465365;201880;2_Kings 10:31;link;SR ;qal;722321;L> ;Nega;;722322;SR ;Pred;;722323;M<L XV>WT JRB<M ;Cmpl;;;;;;;;;;;;;;;;;
465483;202596;2_Kings 12:4;link;SRW ;qal;722682;RQ HBMWT ;Objc;Subj;722683;L>&;Nega;;722684;SRW ;Pred;;;;;;;;;;;;;;;;;
465561;203111;2_Kings 13:2;link;SR ;qal;722938;L>&;Nega;;722939;SR ;Pred;;722940;MMNH00;Cmpl;;;;;;;;;;;;;;;;;
465571;203178;2_Kings 13:6;link;SRW ;qal;722977;>K ;Modi;;722978;L>&;Nega;;722979;SRW ;Pred;;722980;MXV>WT BJT&JRB<M ;Cmpl;;;;;;;;;;;;;
465589;203289;2_Kings 13:11;link;SR ;qal;723035;L> ;Nega;;723036;SR ;Pred;;723037;MKL&XV>WT JRB<M BN&NBV ;Cmpl;;;;;;;;;;;;;;;;;
465673;203678;2_Kings 14:4;link;SRW ;qal;723277;RQ HBMWT ;Objc;Subj;723278;L>&;Nega;;723279;SRW ;Pred;;;;;;;;;;;;;;;;;
465748;204128;2_Kings 14:24;link;SR ;qal;723520;L> ;Nega;;723521;SR ;Pred;;723522;MKL&XV>WT JRB<M BN&NBV ;Cmpl;;;;;;;;;;;;;;;;;
465777;204312;2_Kings 15:4;link;SRW ;qal;723609;RQ HBMWT ;Objc;Subj;723610;L>&;Nega;;723611;SRW ;Pred;;;;;;;;;;;;;;;;;
465795;204423;2_Kings 15:9;link;SR ;qal;723669;L> ;Nega;;723670;SR ;Pred;;723671;MXV>WT JRB<M BN&NBV ;Cmpl;;;;;;;;;;;;;;;;;
465826;204595;2_Kings 15:18;link;SR ;qal;723760;L> ;Nega;;723761;SR ;Pred;;723762;M<L XV>WT JRB<M BN&NBV ;Cmpl;;723766;KL&JMJW00;Time;;;;;;;;;;;;;
465845;204723;2_Kings 15:24;link;SR ;qal;723826;L> ;Nega;;723827;SR ;Pred;;723828;MXV>WT JRB<M BN&NBV ;Cmpl;;;;;;;;;;;;;;;;;
465858;204813;2_Kings 15:28;link;SR ;qal;723866;L> ;Nega;;723867;SR ;Pred;;723868;MN&XV>WT JRB<M BN&NBV ;Cmpl;;;;;;;;;;;;;;;;;
465879;204958;2_Kings 15:35;link;SRW ;qal;723924;RQ HBMWT ;Objc;Subj;723925;L> ;Nega;;723926;SRW ;Pred;;;;;;;;;;;;;;;;;
465955;205476;2_Kings 16:17;link;JSR ;hif;724166;W;Conj;;724167;JSR ;Pred;;724168;M<LJHM ;Cmpl;;724169;>T&HKJR ;Objc;;;;;;;;;;;;;
466034;205962;2_Kings 17:18;link;JSRM ;hif;724435;W;Conj;;724436;JSRM ;PreO;;724437;M<L PNJW ;Cmpl;;;;;;;;;;;;;;;;;
466049;206043;2_Kings 17:22;link;SRW ;qal;724484;L>&;Nega;;724485;SRW ;Pred;;724486;MMNH00;Cmpl;;;;;;;;;;;;;;;;;
466050;206047;2_Kings 17:23;link;HSJR ;hif;724487;<D >#R&;Conj;;724488;HSJR ;Pred;;724489;JHWH ;Subj;;724490;>T&J#R>L ;Objc;;724491;M<L PNJW ;Cmpl;;;;;;;;;
466140;206564;2_Kings 18:4;link;HSJR ;hif;724789;HW> ;Subj;;724790;HSJR ;Pred;;724791;>T&HBMWT ;Objc;;;;;;;;;;;;;;;;;
466152;206625;2_Kings 18:6;link;SR ;qal;724829;L>&;Nega;;724830;SR ;Pred;;724831;M>XRJW ;Cmpl;;;;;;;;;;;;;;;;;
466220;207017;2_Kings 18:22;link;HSJR ;hif;725029;>#R ;Rela;;725030;HSJR ;Pred;;725031;XZQJHW ;Subj;;725032;>T&BMTJW W>T&MZBXTJW ;Objc;;;;;;;;;;;;;
466674;209255;2_Kings 22:2;link;SR ;qal;726356;W;Conj;;726357;L>&;Nega;;726358;SR ;Pred;;726359;JMJN W#M>WL00;Cmpl;;;;;;;;;;;;;
466848;210402;2_Kings 23:19;link;HSJR ;hif;726884;W;Conj;;726885;GM >T&KL&BTJ HBMWT ;Objc;;726892;HSJR ;Pred;;726893;J>#JHW ;Subj;;;;;;;;;;;;;
466877;210611;2_Kings 23:27;link;>SJR ;hif;726987;GM >T&JHWDH ;Objc;;726988;>SJR ;Pred;;726989;M<L PNJ ;Cmpl;;;;;;;;;;;;;;;;;
466878;210617;2_Kings 23:27;link;HSRTJ ;hif;726990;K>#R ;Conj;;726991;HSRTJ ;Pred;;726992;>T&J#R>L ;Objc;;;;;;;;;;;;;;;;;
466932;210942;2_Kings 24:3;link;HSJR ;hif;727160;LHSJR ;Pred;;727161;M<L PNJW ;Cmpl;;;;;;;;;;;;;;;;;;;;;
467145;212301;Isaiah 1:16;link;HSJRW ;hif;727806;HSJRW ;Pred;;727807;R< M<LLJKM ;Objc;;727808;MNGD <JNJ ;Cmpl;;;;;;;;;;;;;;;;;
467184;212433;Isaiah 1:25;link;>SJRH ;hif;727903;W;Conj;;727904;>SJRH ;Pred;;727905;KL&BDJLJK00;Objc;;;;;;;;;;;;;;;;;
467274;212910;Isaiah 3:1;link;MSJR ;hif;728167;KJ ;Conj;;728168;HNH ;Intj;;728169;H>DWN JHWH YB>WT ;Subj;;728170;MSJR ;PreC;;728171;MJRW#LM WMJHWDH ;Cmpl;;728172;M#<N WM#<NH KL M#<N&LXM WKL M#<N&MJM00;Objc;;;;;
467333;213166;Isaiah 3:18;link;JSJR ;hif;728325;BJWM HHW> ;Time;;728326;JSJR ;Pred;;728327;>DNJ ;Subj;;728328;>T TP>RT H<KSJM WH#BJSJM WH#HRNJM00;Objc;;;;;;;;;;;;;
467394;213494;Isaiah 5:5;link;HSR ;hif;728498;HSR ;Pred;;728499;M#WKTW ;Objc;;;;;;;;;;;;;;;;;;;;;
467468;213788;Isaiah 5:23;link;JSJRW ;hif;728695;W;Conj;;728696;YDQT YDJQJM ;Objc;;728697;JSJRW ;Pred;;728698;MMNW00;Adju;Cmpl;;;;;;;;;;;;
467533;214096;Isaiah 6:7;link;SR ;qal;728898;W;Conj;;728899;SR ;Pred;;728900;<WNK ;Subj;;;;;;;;;;;;;;;;;
467638;214534;Isaiah 7:17;link;SWR&;qal;729178;SWR&;Pred;;729179;>PRJM ;Subj;;729180;M<L JHWDH ;Cmpl;;;;;;;;;;;;;;;;;
467879;215724;Isaiah 10:13;link;>SJR ;hif;729879;W;Conj;;729880;>SJR ;Pred;;729881;GBWLT <MJM ;Objc;;;;;;;;;;;;;;;;;
467930;215979;Isaiah 10:27;link;JSWR ;qal;730040;JSWR ;Pred;;730041;SBLW ;Subj;;730042;M<L #KMK ;Cmpl;;;;;;;;;;;;;;;;;
467992;216313;Isaiah 11:13;link;SRH ;qal;730233;W;Conj;;730234;SRH ;Pred;;730235;QN>T >PRJM ;Subj;;;;;;;;;;;;;;;;;
468196;217190;Isaiah 14:25;link;SR ;qal;730805;W;Conj;;730806;SR ;Pred;;730807;M<LJHM ;Cmpl;;730808;<LW ;Objc;;;;;;;;;;;;;
468197;217199;Isaiah 14:25;link;JSWR00;qal;730809;W;Conj;;730810;SBLW ;Objc;;730811;M<L #KMW ;Cmpl;;730812;JSWR00;Pred;;;;;;;;;;;;;
468324;217707;Isaiah 17:1;link;MWSR ;hof;731151;HNH ;Intj;;731152;DM#Q ;Subj;;731153;MWSR ;PreC;;731154;M<JR ;Cmpl;;;;;;;;;;;;;
468401;218062;Isaiah 18:5;link;HSJR ;hif;731353;W;Conj;;731354;>T&HNVJ#WT ;Objc;;731355;HSJR ;Pred;;;;;;;;;;;;;;;;;
468885;220190;Isaiah 25:8;link;JSJR ;hif;732608;W;Conj;;732609;XRPT <MW ;Objc;;732610;JSJR ;Pred;;732611;M<L KL&H>RY ;Cmpl;;;;;;;;;;;;;
469019;220678;Isaiah 27:9;link;HSR ;hif;732929;HSR ;Pred;;732930;XV>TW ;Objc;;;;;;;;;;;;;;;;;;;;;
469321;221964;Isaiah 30:11;link;SWRW ;qal;733768;SWRW ;Pred;;733769;MNJ&DRK ;Cmpl;;;;;;;;;;;;;;;;;;;;;
469429;222490;Isaiah 31:2;link;HSJR ;hif;734071;W;Conj;;734072;>T&DBRJW ;Objc;;734073;L> ;Nega;;734074;HSJR ;Pred;;;;;;;;;;;;;
469779;223879;Isaiah 36:7;link;HSJR ;hif;735003;>#R ;Rela;;735004;HSJR ;Pred;;735005;XZQJHW ;Subj;;735006;>T&BMTJW W>T&MZBXTJW ;Objc;;;;;;;;;;;;;
471608;230454;Isaiah 52:11;link;SWRW ;qal;739715;SWRW ;Pred;;;;;;;;;;;;;;;;;;;;;;;;;
471609;230455;Isaiah 52:11;link;SWRW ;qal;739716;SWRW ;Pred;;;;;;;;;;;;;;;;;;;;;;;;;
472051;232082;Isaiah 58:9;link;TSJR ;hif;740880;>M&;Conj;;740881;TSJR ;Pred;;740882;MTWKK ;Cmpl;;740883;MWVH ;Objc;;;;;;;;;;;;;
472153;232471;Isaiah 59:15;link;SR ;qal;741167;SR ;PreC;;741168;MR< ;Cmpl;;;;;;;;;;;;;;;;;;;;;
473144;236546;Jeremiah 4:1;link;TSJR ;hif;743906;W;Conj;;743907;>M&;Conj;;743908;TSJR ;Pred;;743909;#QWYJK ;Objc;;743910;MPNJ ;Cmpl;;;;;;;;;
473154;236593;Jeremiah 4:4;link;HSRW ;hif;743940;W;Conj;;743941;HSRW ;Pred;;743942;<RLWT LBBKM ;Objc;;;;;;;;;;;;;;;;;
473345;237275;Jeremiah 5:10;link;HSJRW ;hif;744417;HSJRW ;Pred;;744418;NVJ#WTJH ;Objc;;;;;;;;;;;;;;;;;;;;;
473411;237533;Jeremiah 5:23;link;SRW ;qal;744596;SRW ;Pred;;;;;;;;;;;;;;;;;;;;;;;;;
474526;242288;Jeremiah 15:5;link;JSWR ;qal;747679;W;Conj;;747680;MJ ;Subj;;747681;JSWR ;Pred;;;;;;;;;;;;;;;;;
474718;243195;Jeremiah 17:5;link;JSWR ;qal;748236;W;Conj;;748237;MN&JHWH ;Cmpl;;748238;JSWR ;Pred;;748239;LBW00;Subj;;;;;;;;;;;;;
476494;252204;Jeremiah 32:31;link;HSJRH ;hif;753314;LHSJRH ;PreO;;753315;M<L PNJ00;Cmpl;;;;;;;;;;;;;;;;;;;;;
476532;252415;Jeremiah 32:40;link;SWR ;qal;753425;LBLTJ SWR ;Pred;;753426;M<LJ00;Cmpl;;;;;;;;;;;;;;;;;;;;;
479408;266962;Ezekiel 6:9;link;SR ;qal;761720;>#R&;Rela;;761721;SR ;Pred;;761722;M<LJ ;Cmpl;;;;;;;;;;;;;;;;;
479894;269174;Ezekiel 11:18;link;HSJRW ;hif;763097;W;Conj;;763098;HSJRW ;Pred;;763099;>T&KL&#QWYJH W>T&KL&TW<BWTJH ;Objc;;763100;MMNH00;Cmpl;;;;;;;;;;;;;
479897;269195;Ezekiel 11:19;link;HSRTJ ;hif;763109;W;Conj;;763110;HSRTJ ;Pred;;763111;LB H>BN ;Objc;;763112;MB#RM ;Cmpl;;;;;;;;;;;;;
480483;271760;Ezekiel 16:42;link;SRH ;qal;764835;W;Conj;;764836;SRH ;Pred;;764837;QN>TJ ;Subj;;764838;MMK ;Cmpl;;;;;;;;;;;;;
480519;271926;Ezekiel 16:50;link;>SJR ;hif;764941;W;Conj;;764942;>SJR ;Pred;;764943;>THN ;Objc;;;;;;;;;;;;;;;;;
481271;275056;Ezekiel 21:31;link;HSJR ;hif;767033;HSJR ;Pred;;767034;HMYNPT ;Objc;;;;;;;;;;;;;;;;;;;;;
481529;276108;Ezekiel 23:25;link;JSJRW ;hif;767735;>PK W>ZNJK ;Objc;;767736;JSJRW ;Pred;;;;;;;;;;;;;;;;;;;;;
481880;277675;Ezekiel 26:16;link;HSJRW ;hif;768749;W;Conj;;768750;HSJRW ;Pred;;768751;>T&M<JLJHM ;Objc;;;;;;;;;;;;;;;;;
483030;282948;Ezekiel 36:26;link;HSRTJ ;hif;772025;W;Conj;;772026;HSRTJ ;Pred;;772027;>T&LB H>BN ;Objc;;772028;MB#RKM ;Cmpl;;;;;;;;;;;;;
484081;288662;Ezekiel 45:9;link;HSJRW ;hif;775024;XMS W#D ;Objc;;775025;HSJRW ;Pred;;;;;;;;;;;;;;;;;;;;;
484496;291156;Hosea 2:4;link;TSR ;hif;776248;W;Conj;;776249;TSR ;Pred;;776250;ZNWNJH ;Objc;;776251;MPNJH ;Cmpl;;;;;;;;;;;;;
484561;291436;Hosea 2:19;link;HSRTJ ;hif;776437;W;Conj;;776438;HSRTJ ;Pred;;776439;>T&#MWT HB<LJM ;Objc;;776440;MPJH ;Cmpl;;;;;;;;;;;;;
484678;291959;Hosea 4:18;link;SR ;qal;776781;SR ;Pred;;776782;SB>M ;Subj;;;;;;;;;;;;;;;;;;;;;
484844;292565;Hosea 7:14;link;JSWRW ;qal;777220;JSWRW ;Pred;;777221;BJ00;Cmpl;;;;;;;;;;;;;;;;;;;;;
485912;296868;Amos 5:23;link;HSR ;hif;780143;HSR ;Pred;;780144;M<LJ ;Cmpl;;780145;HMWN #RJK ;Objc;;;;;;;;;;;;;;;;;
485946;297036;Amos 6:7;link;SR ;qal;780242;W;Conj;;780243;SR ;Pred;;780244;MRZX SRWXJM00;Subj;;;;;;;;;;;;;;;;;
487639;303921;Zephaniah 3:11;link;>SJR ;hif;784854;KJ&;Conj;;784855;>Z ;Time;;784856;>SJR ;Pred;;784857;MQRBK ;Cmpl;;784858;<LJZJ G>WTK ;Objc;;;;;;;;;
487657;303985;Zephaniah 3:15;link;HSJR ;hif;784902;HSJR ;Pred;;784903;JHWH ;Subj;;784904;M#PVJK ;Objc;;;;;;;;;;;;;;;;;
488031;305718;Zechariah 3:4;link;HSJRW ;hif;785860;HSJRW ;Pred;;785861;HBGDJM HY>JM ;Objc;;785862;M<LJW ;Cmpl;;;;;;;;;;;;;;;;;
488442;307558;Zechariah 9:7;link;HSRTJ ;hif;786958;W;Conj;;786959;HSRTJ ;Pred;;786960;DMJW ;Objc;;786961;MPJW ;Cmpl;;;;;;;;;;;;;
488548;308002;Zechariah 10:11;link;JSWR00;qal;787262;W;Conj;;787263;#BV MYRJM ;Subj;;787264;JSWR00;Pred;;;;;;;;;;;;;;;;;
488953;309908;Malachi 2:8;link;SRTM ;qal;788424;W;Conj;;788425;>TM ;Subj;;788426;SRTM ;Pred;;788427;MN&HDRK ;Cmpl;;;;;;;;;;;;;
489033;310283;Malachi 3:7;link;SRTM ;qal;788657;LMJMJ >BTJKM ;Time;;788658;SRTM ;Pred;;788659;MXQJ ;Cmpl;;;;;;;;;;;;;;;;;
489301;311236;Psalms 6:9;link;SWRW ;qal;789340;SWRW ;Pred;;789341;MMNJ ;Cmpl;;;;;;;;;;;;;;;;;;;;;
489605;312240;Psalms 14:3;link;SR ;qal;790043;HKL ;Subj;;790044;SR ;Pred;;;;;;;;;;;;;;;;;;;;;
489794;312892;Psalms 18:23;link;>SJR ;hif;790502;W;Conj;;790503;XQTJW ;Objc;;790504;L>&;Nega;;790505;>SJR ;Pred;;790506;MNJ00;Cmpl;;;;;;;;;
490605;315704;Psalms 34:15;link;SWR ;qal;792480;SWR ;Pred;;792481;MR< ;Cmpl;;;;;;;;;;;;;;;;;;;;;
490837;316469;Psalms 37:27;link;SWR ;qal;793050;SWR ;Pred;;793051;MR< ;Cmpl;;;;;;;;;;;;;;;;;;;;;
490985;316928;Psalms 39:11;link;HSR ;hif;793412;HSR ;Pred;;793413;M<LJ ;Cmpl;;793414;NG<K ;Objc;;;;;;;;;;;;;;;;;
492231;321141;Psalms 66:20;link;HSJR ;hif;796367;>#R ;Rela;;796368;L>&;Nega;;796369;HSJR ;Pred;;796370;TPLTJ WXSDW ;Objc;;796371;M>TJ00;Cmpl;;;;;;;;;
493212;324638;Psalms 81:7;link;HSJRWTJ ;hif;798800;HSJRWTJ ;Pred;;798801;MSBL ;Cmpl;;798802;#KMW ;Objc;;;;;;;;;;;;;;;;;
494070;327648;Psalms 101:4;link;JSWR ;qal;800857;LBB <Q# ;Subj;;800858;JSWR ;Pred;;800859;MMNJ ;Cmpl;;;;;;;;;;;;;;;;;
495116;331518;Psalms 119:29;link;HSR ;hif;803481;DRK&#QR ;Objc;;803482;HSR ;Pred;;803483;MMNJ ;Cmpl;;;;;;;;;;;;;;;;;
495287;332084;Psalms 119:102;link;SRTJ ;qal;803924;MM#PVJK ;Cmpl;;803925;L>&;Nega;;803926;SRTJ ;Pred;;;;;;;;;;;;;;;;;
495316;332181;Psalms 119:115;link;SWRW&;qal;803998;SWRW&;Pred;;803999;MMNJ ;Cmpl;;;;;;;;;;;;;;;;;;;;;
495965;334515;Psalms 139:19;link;SWRW ;qal;805601;SWRW ;Pred;;805602;MNJ00;Cmpl;;;;;;;;;;;;;;;;;;;;;
496398;336030;Job 1:1;link;SR ;qal;806614;W;Conj;;806615;SR ;PreC;;806616;MR<00;Cmpl;;;;;;;;;;;;;;;;;
496433;336207;Job 1:8;link;SR ;qal;806723;W;Conj;;806724;SR ;PreC;;806725;MR<00;Cmpl;;;;;;;;;;;;;;;;;
496519;336590;Job 2:3;link;SR ;qal;806982;W;Conj;;806983;SR ;PreC;;806984;MR< ;Cmpl;;;;;;;;;;;;;;;;;
497064;338554;Job 9:34;link;JSR ;hif;808500;JSR ;Pred;;808501;M<LJ ;Cmpl;;808502;#BVW ;Objc;;;;;;;;;;;;;;;;;
497247;339186;Job 12:20;link;MSJR ;hif;808999;MSJR ;PreC;;809000;#PH ;Objc;;809001;LN>MNJM ;Cmpl;;;;;;;;;;;;;;;;;
497257;339224;Job 12:24;link;MSJR ;hif;809025;MSJR ;PreC;;809026;LB R>#J <M&H>RY ;Objc;;;;;;;;;;;;;;;;;;;;;
497479;340016;Job 15:30;link;JSWR ;qal;809644;L>&;Nega;;809645;JSWR ;Pred;;809646;MNJ&X#K ;Cmpl;;;;;;;;;;;;;;;;;
497481;340023;Job 15:30;link;JSWR ;qal;809650;W;Conj;;809651;JSWR ;Pred;;809652;BRWX PJW00;Adju;;;;;;;;;;;;;;;;;
497672;340694;Job 19:9;link;JSR ;hif;810187;W;Conj;;810188;JSR ;Pred;;810189;<VRT R>#J00;Objc;;;;;;;;;;;;;;;;;
497836;341282;Job 21:14;link;SWR ;qal;810641;SWR ;Pred;;810642;MMNW ;Cmpl;;;;;;;;;;;;;;;;;;;;;
497931;341630;Job 22:17;link;SWR ;qal;810924;SWR ;Pred;;810925;MMNW ;Cmpl;;;;;;;;;;;;;;;;;;;;;
498134;342369;Job 27:2;link;HSJR ;hif;811504;HSJR ;Pred;;811505;M#PVJ ;Objc;;;;;;;;;;;;;;;;;;;;;
498145;342402;Job 27:5;link;>SJR ;hif;811533;L>&;Nega;;811534;>SJR ;Pred;;811535;TMTJ ;Objc;;811536;MMNJ00;Cmpl;;;;;;;;;;;;;
498262;342853;Job 28:28;link;SWR ;qal;811870;SWR ;Pred;;811871;MR< ;Cmpl;;;;;;;;;;;;;;;;;;;;;
498616;344179;Job 33:17;link;HSJR ;hif;812874;LHSJR ;Pred;;812875;>DM ;Objc;;812876;M<#H ;Objc;;;;;;;;;;;;;;;;;
498682;344387;Job 34:5;link;HSJR ;hif;813037;W;Conj;;813038;>L ;Subj;;813039;HSJR ;Pred;;813040;M#PVJ00;Objc;;;;;;;;;;;;;
498721;344542;Job 34:20;link;JSJRW ;hif;813152;W;Conj;;813153;JSJRW ;Pred;;813154;>BJR ;Objc;;813155;L> BJD00;Adju;BoundErr;;;;;;;;;;;;
498735;344604;Job 34:27;link;SRW ;qal;813196;>#R ;Conj;;813197;<L&KN ;Adju;;813198;SRW ;Pred;;813199;M>XRJW ;Cmpl;;;;;;;;;;;;;
499478;347496;Proverbs 3:7;link;SWR ;qal;815278;W;Conj;;815279;SWR ;Pred;;815280;MR<00;Cmpl;;;;;;;;;;;;;;;;;
499620;347985;Proverbs 4:24;link;HSR ;hif;815650;HSR ;Pred;;815651;MMK ;Cmpl;;815652;<Q#WT PH ;Objc;;;;;;;;;;;;;;;;;
499627;348014;Proverbs 4:27;link;HSR ;hif;815672;HSR ;Pred;;815673;RGLK ;Objc;;815674;MR<00;Cmpl;;;;;;;;;;;;;;;;;
499646;348074;Proverbs 5:7;link;TSWRW ;qal;815719;W;Conj;;815720;>L&;Nega;;815721;TSWRW ;Pred;;815722;M>MRJ&PJ00;Cmpl;;;;;;;;;;;;;
499944;349188;Proverbs 9:4;link;JSR ;qal;816473;JSR ;Pred;;816474;HNH ;Modi;Cmpl;;;;;;;;;;;;;;;;;;;;
499981;349297;Proverbs 9:16;link;JSR ;qal;816559;JSR ;Pred;;816560;HNH ;Modi;Cmpl;;;;;;;;;;;;;;;;;;;;
500119;349817;Proverbs 11:22;link;* SRT ;qal;816924;* NZM ZHB B>P XZJR ;PreC;;816925;*>#H JPH WSRT V<M00;Subj;;;;;;;;;;;;;;;;;;;;;
500255;350277;Proverbs 13:14;link;SWR ;qal;817267;LSWR ;Pred;;817268;MMQ#J MWT00;Cmpl;;;;;;;;;;;;;;;;;;;;;
500269;350324;Proverbs 13:19;link;SWR ;qal;817301;SWR ;Pred;;817302;MR<00;Cmpl;;;;;;;;;;;;;;;;;;;;;
500321;350523;Proverbs 14:16;link;SR ;qal;817444;W;Conj;;817445;SR ;PreC;;817446;MR< ;Cmpl;;;;;;;;;;;;;;;;;
500347;350624;Proverbs 14:27;link;SWR ;qal;817516;LSWR ;Pred;;817517;MMQ#J MWT00;Cmpl;;;;;;;;;;;;;;;;;;;;;
500420;350923;Proverbs 15:24;link;SWR ;qal;817716;LM<N SWR ;Pred;;817717;M#>WL MVH00;Cmpl;;;;;;;;;;;;;;;;;;;;;
500456;351061;Proverbs 16:6;link;SWR ;qal;817808;W;Conj;;817809;BJR>T JHWH ;Adju;;817810;SWR ;Pred;;817811;MR<00;Cmpl;;;;;;;;;;;;;
500482;351159;Proverbs 16:17;link;SWR ;qal;817875;SWR ;Pred;;817876;MR< ;Cmpl;;;;;;;;;;;;;;;;;;;;;
500903;352757;Proverbs 22:6;link;JSWR ;qal;818954;L>&;Nega;;818955;JSWR ;Pred;;818956;MMNH00;Cmpl;;;;;;;;;;;;;;;;;
501360;354516;Proverbs 27:22;link;TSWR ;qal;820160;L>&;Nega;;820161;TSWR ;Pred;;820162;M<LJW ;Cmpl;;820163;>WLTW00;Subj;;;;;;;;;;;;;
501393;354650;Proverbs 28:9;link;MSJR ;hif;820254;MSJR ;PreC;;820255;>ZNW ;Objc;;;;;;;;;;;;;;;;;;;;;
502091;357128;Ruth 4:1;link;SWRH ;qal;822079;SWRH ;Pred;;;;;;;;;;;;;;;;;;;;;;;;;
502094;357134;Ruth 4:1;link;JSR ;qal;822083;W;Conj;;822084;JSR ;Pred;;;;;;;;;;;;;;;;;;;;;
503581;363205;Ecclesiastes 11:10;link;HSR ;hif;825973;W;Conj;;825974;HSR ;Pred;;825975;K<S ;Objc;;825976;MLBK ;Cmpl;;;;;;;;;;;;;
503910;364518;Lamentations 3:11;link;SWRR ;piel;826857;DRKJ ;Objc;;826858;SWRR ;Pred;;;;;;;;;;;;;;;;;;;;;
504071;365142;Lamentations 4:15;link;SWRW ;qal;827269;SWRW ;Pred;;;;;;;;;;;;;;;;;;;;;;;;;
504074;365146;Lamentations 4:15;link;SWRW ;qal;827273;SWRW ;Pred;;;;;;;;;;;;;;;;;;;;;;;;;
504075;365147;Lamentations 4:15;link;SWRW ;qal;827274;SWRW ;Pred;;;;;;;;;;;;;;;;;;;;;;;;;
504380;366899;Esther 3:10;link;JSR ;hif;828177;W;Conj;;828178;JSR ;Pred;;828179;HMLK ;Subj;;828180;>T&VB<TW ;Objc;;828181;M<L JDW ;Cmpl;;;;;;;;;
504429;367207;Esther 4:4;link;HSJR ;hif;828316;W;Conj;;828317;LHSJR ;Pred;;828318;#QW ;Objc;;828319;M<LJW ;Cmpl;;;;;;;;;;;;;
504696;368643;Esther 8:2;link;JSR ;hif;829142;W;Conj;;829143;JSR ;Pred;;829144;HMLK ;Subj;;829145;>T&VB<TW ;Objc;;;;;;;;;;;;;
506149;375850;Daniel 9:5;link;SWR ;qal;833448;W;Conj;;833449;SWR ;Pred;;833450;MMYWTK WMM#PVJK00;Cmpl;;;;;;;;;;;;;;;;;
506169;375973;Daniel 9:11;link;SWR ;qal;833505;W;Conj;;833506;SWR ;Pred;;;;;;;;;;;;;;;;;;;;;
506519;377565;Daniel 11:31;link;HSJRW ;hif;834525;W;Conj;;834526;HSJRW ;Pred;;834527;HTMJD ;Objc;;;;;;;;;;;;;;;;;
506626;378094;Daniel 12:11;link;HWSR ;hof;834832;HWSR ;Pred;;834833;HTMJD ;Subj;;;;;;;;;;;;;;;;;;;;;
508276;388185;Nehemiah 9:19;link;SR ;qal;839636;>T&<MWD H<NN ;Subj;;839637;L>&;Nega;;839638;SR ;Pred;;839639;M<LJHM ;Cmpl;;839640;BJWMM ;Time;;;;;;;;;
509880;398714;1_Chronicles 13:13;link;HSJR ;hif;844174;W;Conj;;844175;L>&;Nega;;844176;HSJR ;Pred;;844177;DWJD ;Subj;;844178;>T&H>RWN ;Objc;;844179;>LJW ;Cmpl;;844180;>L&<JR DWJD ;Cmpl;
510203;400489;1_Chronicles 17:13;link;>SJR ;hif;845119;W;Conj;;845120;XSDJ ;Objc;;845121;L>&;Nega;;845122;>SJR ;Pred;;845123;M<MW ;Cmpl;;;;;;;;;
510204;400494;1_Chronicles 17:13;link;HSJRWTJ ;hif;845124;K>#R ;Conj;;845125;HSJRWTJ ;Pred;;;;;;;;;;;;;;;;;;;;;
511937;410938;2_Chronicles 8:15;link;SRW ;qal;850224;W;Conj;;850225;L> ;Nega;;850226;SRW ;Pred;;850227;MYWT HMLK <L&HKHNJM WHLWJM LKL&DBR WL>YRWT00;Cmpl;;;;;;;;;;;;;
512361;413496;2_Chronicles 14:2;link;JSR ;hif;851552;W;Conj;;851553;JSR ;Pred;;851554;>T&MZBXWT HNKR WHBMWT ;Objc;;;;;;;;;;;;;;;;;
512367;413533;2_Chronicles 14:4;link;JSR ;hif;851569;W;Conj;;851570;JSR ;Pred;;851571;MKL&<RJ JHWDH ;Cmpl;;851572;>T&HBMWT W>T&HXMNJM ;Objc;;;;;;;;;;;;;
512471;414122;2_Chronicles 15:16;link;HSJRH ;hif;851876;HSJRH ;PreO;;851877;MGBJRH ;Cmpl;;;;;;;;;;;;;;;;;;;;;
512476;414146;2_Chronicles 15:17;link;SRW ;qal;851891;W;Conj;;851892;HBMWT ;Subj;;851893;L>&;Nega;;851894;SRW ;Pred;;851895;MJ#R>L ;Cmpl;;;;;;;;;
512554;414648;2_Chronicles 17:6;link;HSJR ;hif;852148;W;Conj;;852149;<WD ;Modi;;852150;HSJR ;Pred;;852151;>T&HBMWT W>T&H>#RJM ;Objc;;852152;MJHWDH00;Cmpl;;;;;;;;;
512857;416186;2_Chronicles 20:10;link;SRW ;qal;853029;KJ ;Conj;;853030;SRW ;Pred;;853031;M<LJHM ;Cmpl;;;;;;;;;;;;;;;;;
512961;416698;2_Chronicles 20:32;link;SR ;qal;853317;W;Conj;;853318;L>&;Nega;;853319;SR ;Pred;;853320;MMNH ;Cmpl;;;;;;;;;;;;;
512964;416711;2_Chronicles 20:33;link;SRW ;qal;853325;>K ;Modi;;853326;HBMWT ;Objc;Subj;853327;L>&;Nega;;853328;SRW ;Pred;;;;;;;;;;;;;
513456;419538;2_Chronicles 25:27;link;SR ;qal;854830;>#R&;Rela;;854831;SR ;Pred;;854832;>MYJHW ;Subj;;854833;M>XRJ JHWH ;Cmpl;;;;;;;;;;;;;
513872;422057;2_Chronicles 30:9;link;JSJR ;hif;856101;W;Conj;;856102;L>&;Nega;;856103;JSJR ;Pred;;856104;PNJM ;Objc;;856105;MKM ;Cmpl;;;;;;;;;
513886;422147;2_Chronicles 30:14;link;JSJRW ;hif;856146;W;Conj;;856147;JSJRW ;Pred;;856148;>T&HMZBXWT ;Objc;;;;;;;;;;;;;;;;;
513888;422159;2_Chronicles 30:14;link;HSJRW ;hif;856151;W;Conj;;856152;>T KL&HMQVRWT ;Objc;;856153;HSJRW ;Pred;;;;;;;;;;;;;;;;;
514062;423332;2_Chronicles 32:12;link;HSJR ;hif;856675;H;Ques;;856676;L>&;Nega;;856677;HW> JXZQJHW ;Subj;;856678;HSJR ;Pred;;856679;>T&BMTJW W>T&MZBXTJW ;Objc;;;;;;;;;
514176;424032;2_Chronicles 33:8;link;HSJR ;hif;857052;LHSJR ;Pred;;857053;>T&RGL J#R>L ;Objc;;857054;M<L H>DMH ;Cmpl;;;;;;;;;;;;;;;;;
514206;424207;2_Chronicles 33:15;link;JSR ;hif;857150;W;Conj;;857151;JSR ;Pred;;857152;>T&>LHJ HNKR W>T&HSML ;Objc;;857153;MBJT JHWH ;Cmpl;;;;;;;;;;;;;
514251;424456;2_Chronicles 34:2;link;SR ;qal;857284;W;Conj;;857285;L>&;Nega;;857286;SR ;Pred;;857287;JMJN W#M>WL00;Cmpl;;;;;;;;;;;;;
514388;425321;2_Chronicles 34:33;link;JSR ;hif;857693;W;Conj;;857694;JSR ;Pred;;857695;J>#JHW ;Subj;;857696;>T&KL&HTW<BWT ;Objc;;857697;MKL&H>RYWT ;Cmpl;;;;;;;;;
514393;425351;2_Chronicles 34:33;link;SRW ;qal;857708;KL&JMJW ;Time;;857709;L> ;Nega;;857710;SRW ;Pred;;857711;M>XRJ JHWH >LHJ >BWTJHM00;Cmpl;;;;;;;;;;;;;
514426;425626;2_Chronicles 35:12;link;JSJRW ;hif;857823;W;Conj;;857824;JSJRW ;Pred;;857825;H<LH ;Objc;;;;;;;;;;;;;;;;;
514441;425749;2_Chronicles 35:15;link;SWR ;qal;857871;LSWR ;Pred;;857872;M<L <BDTM ;Cmpl;;;;;;;;;;;;;;;;;;;;;
514499;426082;2_Chronicles 36:3;link;JSJRHW ;hif;858049;W;Conj;;858050;JSJRHW ;PreO;;858051;MLK&MYRJM ;Subj;;858052;BJRW#LM ;Cmpl;;;;;;;;;;;;;
