clause#;word#;passage;link;verb;stem;phr1#;phr1_txt;phr1_function;phr1_corr;phr2#;phr2_txt;phr2_function;phr2_corr;phr3#;phr3_txt;phr3_function;phr3_corr;phr4#;phr4_txt;phr4_function;phr4_corr;phr5#;phr5_txt;phr5_function;phr5_corr;phr6#;phr6_txt;phr6_function;phr6_corr;phr7#;phr7_txt;phr7_function;phr7_corr;phr8#;phr8_txt;phr8_function;phr8_corr
427216;3565;Genesis 8:1;link;J<BR ;hif;607125;W;Conj;;607126;J<BR ;Pred;;607127;>LHJM ;Subj;;607128;RWX ;Objc;;607129;<L&H>RY ;Cmpl;;;;;;;;;;;;;
430192;17913;Genesis 32:24;link;J<BRM ;hif;616138;W;Conj;;616139;J<BRM ;PreO;;616140;>T&HNXL ;Objc;Cmpl;;;;;;;;;;;;;;;;;;;;
430193;17918;Genesis 32:24;link;J<BR ;hif;616141;W;Conj;;616142;J<BR ;Pred;;;;;;;;;;;;;;;;;;;;;;;;;
432168;27049;Genesis 47:21;link;H<BJR ;hif;622010;H<BJR ;Pred;;622011;>TW ;Objc;;622012;L<RJM MQYH GBWL&MYRJM W<D&QYHW00;Cmpl;;;;;;;;;;;;;;;;;;;;;
433963;35979;Exodus 13:12;link;H<BRT ;hif;627420;W;Conj;;627421;H<BRT ;Pred;;627422;KL&PVR&RXM ;Objc;;627423;LJHWH ;Cmpl;Adju;;;;;;;;;;;;;;;;
436168;47682;Exodus 33:19;link;><BJR ;hif;634161;>NJ ;Subj;;634162;><BJR ;Pred;;634163;KL&VWBJ ;Objc;;634164;<L&PNJK ;Cmpl;;;;;;;;;;;;;;;;;
436432;49302;Exodus 36:6;link;J<BJRW ;hif;634938;W;Conj;;634939;J<BJRW ;Pred;;634940;QWL ;Objc;;634941;BMXNH ;Cmpl;;;;;;;;;;;;;;;;;
438790;63642;Leviticus 18:21;link;H<BJR ;hif;642319;LH<BJR ;Pred;;642320;LMLK ;Cmpl;Adju;;;;;;;;;;;;;;;;;;;;;;;;
439501;67304;Leviticus 25:9;link;H<BRT ;hif;644455;W;Conj;;644456;H<BRT ;Pred;;644457;#WPR TRW<H ;Objc;;644458;BXD# H#B<J B<#WR LXD# ;Time;;;;;;;;;;;;;;;;;
439502;67322;Leviticus 25:9;link;T<BJRW ;hif;644459;BJWM HKPRJM ;Time;;644460;T<BJRW ;Pred;;644461;#WPR ;Objc;;644462;BKL&>RYKM00;Cmpl;;;;;;;;;;;;;;;;;
440782;75339;Numbers 8:7;link;H<BJRW ;hif;648284;W;Conj;;648285;H<BJRW ;Pred;;648286;T<R ;Objc;;648287;<L&KL&B#RM ;Cmpl;;;;;;;;;;;;;;;;;
443004;87027;Numbers 27:7;link;H<BRT ;hif;654984;W;Conj;;654985;H<BRT ;Pred;;654986;>T&NXLT >BJHN ;Objc;;654987;LHN00;Cmpl;Adju;;;;;;;;;;;;;;;;
443010;87047;Numbers 27:8;link;H<BRTM ;hif;654999;W;Conj;;655000;H<BRTM ;Pred;;655001;>T&NXLTW ;Objc;;655002;LBTW00;Cmpl;Adju;;;;;;;;;;;;;;;;
443317;89316;Numbers 31:23;link;T<BJRW ;hif;655983;>K >T&HZHB W>T&HKSP >T&HNX#T >T&HBRZL >T&HBDJL W>T&H<PRT00;Objc;;655988;T<BJRW ;Pred;;655989;B># ;Cmpl;;;;;;;;;;;;;;;;;;;;;
443322;89335;Numbers 31:23;link;T<BJRW ;hif;655994;W;Conj;;655995;KL ;Objc;;656000;T<BJRW ;Pred;;656001;BMJM00;Cmpl;;;;;;;;;;;;;;;;;
443401;89983;Numbers 32:5;link;T<BRNW ;hif;656246;>L&;Nega;;656247;T<BRNW ;PreO;;656248;>T&HJRDN00;Objc;;;;;;;;;;;;;;;;;;;;;
444188;94319;Deuteronomy 2:30;link;H<BRNW ;hif;658698;H<BRNW ;PreO;;658699;BW ;Cmpl;;;;;;;;;;;;;;;;;;;;;;;;;
445867;103622;Deuteronomy 18:10;link;M<BJR ;hif;663777;M<BJR ;PreC;;663778;BNW&WBTW ;Objc;;663779;B># ;Cmpl;;;;;;;;;;;;;;;;;;;;;
448039;114436;Joshua 4:3;link;H<BRTM ;hif;670208;W;Conj;;670209;H<BRTM ;Pred;;670210;>WTM ;Objc;;670211;<MKM ;Cmpl;Adju;;;;;;;;;;;;;;;;
448061;114579;Joshua 4:8;link;J<BRWM ;hif;670286;W;Conj;;670287;J<BRWM ;PreO;;670288;<MM ;Adju;;670289;>L&HMLWN ;Cmpl;;;;;;;;;;;;;;;;;
448348;116254;Joshua 7:7;link;H<BRT ;hif;671182;LMH ;Ques;;671183;H<BRT ;Pred;;671184;H<BJR ;Modi;;671185;>T&H<M HZH ;Objc;;671186;>T&HJRDN ;Objc;;;;;;;;;;;;;
453130;142568;1_Samuel 2:24;link;M<BRJM ;hif;685870;M<BRJM ;PreC;;685871;<M&JHWH00;Objc;;;;;;;;;;;;;;;;;;;;;;;;;
454790;150440;1_Samuel 16:8;link;J<BRHW ;hif;690885;W;Conj;;690886;J<BRHW ;PreO;;690887;LPNJ #MW>L ;Cmpl;;;;;;;;;;;;;;;;;;;;;
454793;150453;1_Samuel 16:9;link;J<BR ;hif;690894;W;Conj;;690895;J<BR ;Pred;;690896;J#J ;Subj;;690897;#MH ;Objc;;;;;;;;;;;;;;;;;
454796;150465;1_Samuel 16:10;link;J<BR ;hif;690904;W;Conj;;690905;J<BR ;Pred;;690906;J#J ;Subj;;690907;#B<T BNJW ;Objc;;690908;LPNJ #MW>L ;Cmpl;;;;;;;;;;;;;
455597;154204;1_Samuel 20:36;link;H<BRW00;hif;693337;LH<BRW00;PreO;;;;;;;;;;;;;;;;;;;;;;;;;;;;;
457066;161127;2_Samuel 2:8;link;J<BRHW ;hif;697813;W;Conj;;697814;J<BRHW ;PreO;;697815;MXNJM00;Cmpl;;;;;;;;;;;;;;;;;;;;;
457199;161862;2_Samuel 3:10;link;H<BJR ;hif;698238;LH<BJR ;Pred;;698239;HMMLKH ;Objc;;698240;MBJT #>WL ;Cmpl;;;;;;;;;;;;;;;;;;;;;
458108;166677;2_Samuel 12:13;link;H<BJR ;hif;701107;GM&JHWH ;Subj;;701108;H<BJR ;Pred;;701109;XV>TK ;Objc;;;;;;;;;;;;;;;;;;;;;
458212;167088;2_Samuel 12:31;link;H<BJR ;hif;701410;W;Conj;;701411;H<BJR ;Pred;;701412;>WTM ;Objc;;701413;BMLBN ;Cmpl;;;;;;;;;;;;;;;;;
459328;172351;2_Samuel 19:16;link;H<BJR ;hif;704729;LH<BJR ;Pred;;704730;>T&HMLK ;Objc;;704731;>T&HJRDN00;Objc;;;;;;;;;;;;;;;;;;;;;
459338;172411;2_Samuel 19:19;link;<BJR ;hif;704757;L<BJR ;Pred;;704758;>T&BJT HMLK ;Objc;;;;;;;;;;;;;;;;;;;;;;;;;
459446;172954;2_Samuel 19:41;link;H<BJRW ;hif;705110;W;Conj;;705111;KL&<M JHWDH WGM XYJ <M J#R>L00;Subj;;705112;H<BJRW ;Pred;;705113;>T&HMLK ;Objc;;;;;;;;;;;;;;;;;
459450;172983;2_Samuel 19:42;link;J<BRW ;hif;705125;W;Conj;;705126;J<BRW ;Pred;;705127;>T&HMLK W>T&BJTW ;Objc;;705128;>T&HJRDN ;Objc;;;;;;;;;;;;;;;;;
460010;175655;2_Samuel 24:10;link;H<BR&;hif;706687;H<BR&;Pred;;706688;N> ;Intj;;706689;>T&<WN <BDK ;Objc;;;;;;;;;;;;;;;;;;;;;
462328;188537;1_Kings 15:12;link;J<BR ;hif;713747;W;Conj;;713748;J<BR ;Pred;;713749;HQD#JM ;Objc;;713750;MN&H>RY ;Cmpl;;;;;;;;;;;;;;;;;
465898;205081;2_Kings 16:3;link;H<BJR ;hif;723983;W;Conj;;723984;GM >T&BNW ;Objc;;723985;H<BJR ;Pred;;723986;B># ;Cmpl;;723987;KT<BWT HGWJM ;Adju;;;;;;;;;;;;;
466026;205930;2_Kings 17:17;link;J<BJRW ;hif;724414;W;Conj;;724415;J<BJRW ;Pred;;724416;>T&BNJHM W>T&BNWTJHM ;Objc;;724417;B># ;Cmpl;;;;;;;;;;;;;;;;;
466583;208766;2_Kings 21:6;link;H<BJR ;hif;726086;W;Conj;;726087;H<BJR ;Pred;;726088;>T&BNW ;Objc;;726089;B># ;Cmpl;;;;;;;;;;;;;;;;;
466797;210101;2_Kings 23:10;link;H<BJR ;hif;726739;LBLTJ LH<BJR ;Pred;;726740;>J# ;Subj;;726741;>T&BNW W>T&BTW ;Objc;;726742;B># ;Cmpl;;726743;LMLK00;Adju;;;;;;;;;;;;;
474563;242441;Jeremiah 15:14;link;H<BRTJ ;hif;747776;W;Conj;;747777;H<BRTJ ;Pred;;747778;>T&>JBJK ;Objc;;747779;B>RY ;Cmpl;;;;;;;;;;;;;;;;;
476510;252274;Jeremiah 32:35;link;H<BJR ;hif;753353;LH<BJR ;Pred;;753354;>T&BNJHM W>T&BNWTJHM ;Objc;;753355;LMLK ;Cmpl;Adju;;;;;;;;;;;;;;;;;;;;
477866;259991;Jeremiah 46:17;link;H<BJR ;hif;757475;H<BJR ;Pred;;757476;HMW<D00;Objc;;;;;;;;;;;;;;;;;;;;;;;;;
479295;266427;Ezekiel 5:1;link;H<BRT ;hif;761367;W;Conj;;761368;H<BRT ;Pred;;761369;<L&R>#K W<L&ZQNK ;Cmpl;;;;;;;;;;;;;;;;;;;;;
480233;270656;Ezekiel 14:15;link;><BJR ;hif;764089;LW&;Conj;;764090;XJH R<H ;Objc;;764091;><BJR ;Pred;;764092;B>RY ;Cmpl;;;;;;;;;;;;;;;;;
480407;271393;Ezekiel 16:21;link;H<BJR ;hif;764591;BH<BJR ;Pred;;764592;>WTM ;Objc;;764593;LHM00;Adju;;;;;;;;;;;;;;;;;;;;;
481029;274070;Ezekiel 20:26;link;H<BJR ;hif;766396;BH<BJR ;Pred;;766397;KL&PVR RXM ;Objc;;;;;;;;;;;;;;;;;;;;;;;;;
481058;274192;Ezekiel 20:31;link;H<BJR ;hif;766482;BH<BJR ;Pred;;766483;BNJKM ;Objc;;766484;B># ;Cmpl;;;;;;;;;;;;;;;;;;;;;
481082;274319;Ezekiel 20:37;link;H<BRTJ ;hif;766551;W;Conj;;766552;H<BRTJ ;Pred;;766553;>TKM ;Objc;;766554;TXT H#BV ;Cmpl;;;;;;;;;;;;;;;;;
481578;276320;Ezekiel 23:37;link;H<BJRW ;hif;767873;W;Conj;;767874;GM >T&BNJHN ;Objc;;767878;H<BJRW ;Pred;;767879;LHM ;Adju;;767880;L>KLH00;Adju;;;;;;;;;;;;;
483089;283214;Ezekiel 37:2;link;H<BJRNJ ;hif;772198;W;Conj;;772199;H<BJRNJ ;PreO;;772200;<LJHM ;Cmpl;;772201;SBJB SBJB ;Modi;;;;;;;;;;;;;;;;;
484209;289589;Ezekiel 46:21;link;J<BJRNJ ;hif;775418;W;Conj;;775419;J<BJRNJ ;PreO;;775420;>L&>RB<T MQYW<J HXYR ;Cmpl;;;;;;;;;;;;;;;;;;;;;
484235;289736;Ezekiel 47:3;link;J<BRNJ ;hif;775496;W;Conj;;775497;J<BRNJ ;PreO;;775498;BMJM ;Adju;Cmpl;775499;MJ >PSJM00;Objc;Adju;;;;;;;;;;;;;;;;
484237;289746;Ezekiel 47:4;link;J<BRNJ ;hif;775503;W;Conj;;775504;J<BRNJ ;PreO;;775505;BMJM ;Adju;Cmpl;775506;MJM BRKJM ;Objc;Adju;;;;;;;;;;;;;;;;
484239;289756;Ezekiel 47:4;link;J<BRNJ ;hif;775510;W;Conj;;775511;J<BRNJ ;PreO;;775512;MJ MTNJM00;Objc;Cmpl;;;;;;;;;;;;;;;;;;;;
484371;290453;Ezekiel 48:14;link;J<BJR ;hif;775885;W;Conj;;775886;L> ;Nega;;775887;J<BJR ;Pred;;775888;R>#JT H>RY ;Objc;;;;;;;;;;;;;;;;;
486443;299161;Jonah 3:6;link;J<BR ;hif;781674;W;Conj;;781675;J<BR ;Pred;;781676;>DRTW ;Objc;;781677;M<LJW ;Cmpl;;;;;;;;;;;;;;;;;
488034;305729;Zechariah 3:4;link;H<BRTJ ;hif;785867;H<BRTJ ;Pred;;785868;M<LJK ;Cmpl;;785869;<WNK ;Objc;;;;;;;;;;;;;;;;;;;;;
488697;308736;Zechariah 13:2;link;><BJR ;hif;787684;W;Conj;;787685;GM >T&HNBJ>JM W>T&RWX HVM>H ;Objc;;787686;><BJR ;Pred;;787687;MN&H>RY00;Cmpl;;;;;;;;;;;;;;;;;
492943;323592;Psalms 78:13;link;J<BJRM ;hif;798078;W;Conj;;798079;J<BJRM ;PreO;;;;;;;;;;;;;;;;;;;;;;;;;
495135;331571;Psalms 119:37;link;H<BR ;hif;803525;H<BR ;Pred;;803526;<JNJ ;Objc;;;;;;;;;;;;;;;;;;;;;;;;;
495140;331586;Psalms 119:39;link;H<BR ;hif;803536;H<BR ;Pred;;803537;XRPTJ ;Objc;;;;;;;;;;;;;;;;;;;;;;;;;
495823;334029;Psalms 136:14;link;H<BJR ;hif;805247;W;Conj;;805248;H<BJR ;Pred;;805249;J#R>L ;Objc;;805250;BTWKW ;Cmpl;;;;;;;;;;;;;;;;;
496915;338044;Job 7:21;link;T<BJR ;hif;808088;W;Conj;;808089;T<BJR ;Pred;;808090;>T&<WNJ ;Objc;;;;;;;;;;;;;;;;;;;;;
503582;363210;Ecclesiastes 11:10;link;H<BR ;hif;825977;W;Conj;;825978;H<BR ;Pred;;825979;R<H ;Objc;;825980;MB#RK ;Cmpl;;;;;;;;;;;;;;;;;
504697;368649;Esther 8:2;link;H<BJR ;hif;829146;>#R ;Rela;;829147;H<BJR ;Pred;;829148;MHMN ;Cmpl;;;;;;;;;;;;;;;;;;;;;
504705;368684;Esther 8:3;link;H<BJR ;hif;829171;LH<BJR ;Pred;;829172;>T&R<T HMN H>GGJ W>T MX#BTW ;Objc;;;;;;;;;;;;;;;;;;;;;;;;;
506469;377332;Daniel 11:20;link;M<BJR ;hif;834373;M<BJR ;PreC;;834374;NWG# ;Objc;;834375;HDR MLKWT ;Cmpl;Adju;;;;;;;;;;;;;;;;;;;;
506637;378159;Ezra 1:1;link;J<BR&;hif;834862;W;Conj;;834863;J<BR&;Pred;;834864;QWL ;Objc;;834865;BKL&MLKWTW ;Loca;Cmpl;;;;;;;;;;;;;;;;
507378;382858;Ezra 10:7;link;J<BJRW ;hif;837014;W;Conj;;837015;J<BJRW ;Pred;;837016;QWL ;Objc;;837017;BJHWDH WJRW#LM ;Cmpl;;837018;LKL BNJ HGWLH ;Adju;;;;;;;;;;;;;
507548;383870;Nehemiah 2:7;link;J<BJRWNJ ;hif;837507;>#R ;Conj;;837508;J<BJRWNJ ;PreO;;;;;;;;;;;;;;;;;;;;;;;;;
508176;387575;Nehemiah 8:15;link;J<BJRW ;hif;839325;W;Conj;;839326;J<BJRW ;Pred;;839327;QWL ;Objc;;839328;BKL&<RJHM WBJRW#LM ;Cmpl;;;;;;;;;;;;;;;;;
510477;401952;1_Chronicles 21:8;link;H<BR&;hif;845977;H<BR&;Pred;;845978;N> ;Intj;;845979;>T&<WWN <BDK ;Objc;;;;;;;;;;;;;;;;;;;;;
512449;413939;2_Chronicles 15:8;link;J<BR ;hif;851802;W;Conj;;851803;J<BR ;Pred;;851804;H#QWYJM ;Objc;;851805;MKL&>RY JHWDH WBNJMN WMN&H<RJM ;Cmpl;;;;;;;;;;;;;;;;;
513847;421901;2_Chronicles 30:5;link;H<BJR ;hif;856024;LH<BJR ;Pred;;856025;QWL ;Objc;;856026;BKL&J#R>L MB>R&#B< W<D&DN ;Cmpl;;;;;;;;;;;;;;;;;;;;;
514161;423958;2_Chronicles 33:6;link;H<BJR ;hif;857011;W;Conj;;857012;HW> ;Subj;;857013;H<BJR ;Pred;;857014;>T&BNJW ;Objc;;857015;B># ;Cmpl;;857016;BGJ BN&HNM ;Loca;;;;;;;;;
514478;425957;2_Chronicles 35:23;link;H<BJRWNJ ;hif;857983;H<BJRWNJ ;PreO;;;;;;;;;;;;;;;;;;;;;;;;;;;;;
514480;425962;2_Chronicles 35:24;link;J<BJRHW ;hif;857987;W;Conj;;857988;J<BJRHW ;PreO;;857989;<BDJW ;Subj;;857990;MN&HMRKBH ;Cmpl;;;;;;;;;;;;;;;;;
514569;426520;2_Chronicles 36:22;link;J<BR&;hif;858265;W;Conj;;858266;J<BR&;Pred;;858267;QWL ;Objc;;858268;BKL&MLKWTW ;Cmpl;;;;;;;;;;;;;;;;;
484247;289777;Ezekiel 47:5;link;J<BR00;nif;775526;>#R ;Rela;;775527;L>&;Nega;;775528;J<BR00;Pred;;;;;;;;;;;;;;;;;;;;;
460933;180497;1_Kings 6:21;link;J<BR ;piel;709465;W;Conj;;709466;J<BR ;Pred;;709467;BRTWQWT ZHB ;Cmpl;BoundErr;709468;LPNJ HDBJR ;Cmpl;;;;;;;;;;;;;;;;;
497825;341240;Job 21:10;link;<BR ;piel;810610;#WRW ;Subj;;810611;<BR ;Pred;;;;;;;;;;;;;;;;;;;;;;;;;
427547;5591;Genesis 12:6;link;J<BR ;qal;608168;W;Conj;;608169;J<BR ;Pred;;608170;>BRM ;Subj;;608171;B>RY ;Cmpl;;608172;<D MQWM #KM ;Cmpl;;608173;<D >LWN MWRH ;Loca;;;;;;;;;
427811;6957;Genesis 15:17;link;<BR ;qal;608981;>#R ;Rela;;608982;<BR ;Pred;;608983;BJN HGZRJM H>LH00;Cmpl;;;;;;;;;;;;;;;;;;;;;
427977;7853;Genesis 18:3;link;T<BR ;qal;609513;>L&;Nega;;609514;N> ;Intj;;609515;T<BR ;Pred;;609516;M<L <BDK00;Cmpl;;;;;;;;;;;;;;;;;
427983;7877;Genesis 18:5;link;T<BRW ;qal;609532;>XR ;Time;;609533;T<BRW ;Pred;;;;;;;;;;;;;;;;;;;;;;;;;
427984;7881;Genesis 18:5;link;<BRTM ;qal;609534;KJ&;Conj;;609535;<L&KN ;Adju;;609536;<BRTM ;Pred;;609537;<L&<BDKM ;Cmpl;;;;;;;;;;;;;;;;;
428667;11020;Genesis 23:16;link;<BR ;qal;611577;<BR ;PreC;;611578;LSXR00;Cmpl;;;;;;;;;;;;;;;;;;;;;;;;;
429826;16092;Genesis 30:32;link;><BR ;qal;615031;><BR ;Pred;;615032;BKL&Y>NK ;Cmpl;;615033;HJWM ;Time;;;;;;;;;;;;;;;;;;;;;
429952;16752;Genesis 31:21;link;J<BR ;qal;615419;W;Conj;;615420;J<BR ;Pred;;615421;>T&HNHR ;Objc;;;;;;;;;;;;;;;;;;;;;
430090;17366;Genesis 31:52;link;><BR ;qal;615833;>M&;Conj;;615834;>NJ ;Subj;;615835;L>&;Nega;;615836;><BR ;Pred;;615837;>LJK ;Cmpl;;615838;>T&HGL HZH ;Objc;;;;;;;;;
430091;17377;Genesis 31:52;link;T<BR ;qal;615839;W;Conj;;615840;>M&;Conj;;615841;>TH ;Subj;;615842;L>&;Nega;;615843;T<BR ;Pred;;615844;>LJ ;Cmpl;;615845;>T&HGL HZH W>T&HMYBH HZ>T ;Objc;;615846;LR<H00;Adju;
430142;17648;Genesis 32:11;link;<BRTJ ;qal;615993;KJ ;Conj;;615994;BMQLJ ;Adju;;615995;<BRTJ ;Pred;;615996;>T&HJRDN HZH ;Objc;;;;;;;;;;;;;;;;;
430159;17755;Genesis 32:17;link;<BRW ;qal;616048;<BRW ;Pred;;616049;LPNJ ;Cmpl;;;;;;;;;;;;;;;;;;;;;;;;;
430186;17869;Genesis 32:22;link;T<BR ;qal;616117;W;Conj;;616118;T<BR ;Pred;;616119;HMNXH ;Subj;;616120;<L&PNJW ;Cmpl;;;;;;;;;;;;;;;;;
430190;17906;Genesis 32:23;link;J<BR ;qal;616133;W;Conj;;616134;J<BR ;Pred;;616135;>T M<BR JBQ00;Objc;;;;;;;;;;;;;;;;;;;;;
430228;18037;Genesis 32:32;link;<BR ;qal;616236;K>#R ;Conj;;616237;<BR ;Pred;;616238;>T&PNW>L ;Objc;;;;;;;;;;;;;;;;;;;;;
430241;18129;Genesis 33:3;link;<BR ;qal;616281;W;Conj;;616282;HW> ;Subj;;616283;<BR ;Pred;;616284;LPNJHM ;Cmpl;;;;;;;;;;;;;;;;;
430296;18320;Genesis 33:14;link;J<BR&;qal;616428;J<BR&;Pred;;616429;N> ;Intj;;616430;>DNJ ;Subj;;616431;LPNJ <BDW ;Cmpl;;;;;;;;;;;;;;;;;
430779;20680;Genesis 37:28;link;J<BRW ;qal;617865;W;Conj;;617866;J<BRW ;Pred;;617867;>N#JM MDJNJM ;Subj;;;;;;;;;;;;;;;;;;;;;
431313;23208;Genesis 41:46;link;J<BR ;qal;619485;W;Conj;;619486;J<BR ;Pred;;619487;BKL&>RY MYRJM00;Cmpl;;;;;;;;;;;;;;;;;;;;;
432453;28306;Genesis 50:4;link;J<BRW ;qal;622822;W;Conj;;622823;J<BRW ;Pred;;622824;JMJ BKJTW ;Subj;;;;;;;;;;;;;;;;;;;;;
433781;34898;Exodus 12:12;link;<BRTJ ;qal;626829;W;Conj;;626830;<BRTJ ;Pred;;626831;B>RY&MYRJM ;Cmpl;;626832;BLJLH HZH ;Time;;;;;;;;;;;;;;;;;
433826;35204;Exodus 12:23;link;<BR ;qal;626994;W;Conj;;626995;<BR ;Pred;;626996;JHWH ;Subj;;;;;;;;;;;;;;;;;;;;;
434195;37108;Exodus 15:16;link;J<BR ;qal;628110;<D&;Conj;;628111;J<BR ;Pred;;628112;<MK ;Subj;;;;;;;;;;;;;;;;;;;;;
434197;37112;Exodus 15:16;link;J<BR ;qal;628114;<D&;Conj;;628115;J<BR ;Pred;;628116;<M&;Subj;;;;;;;;;;;;;;;;;;;;;
434438;38223;Exodus 17:5;link;<BR ;qal;628819;<BR ;Pred;;628820;LPNJ H<M ;Cmpl;;;;;;;;;;;;;;;;;;;;;;;;;
435758;45731;Exodus 30:13;link;<BR ;qal;633011;H;Rela;;633012;<BR ;PreC;;633013;<L&HPQDJM ;Cmpl;;;;;;;;;;;;;;;;;;;;;
435762;45754;Exodus 30:14;link;<BR ;qal;633020;H;Rela;;633021;<BR ;PreC;;633022;<L&HPQDJM ;Cmpl;;;;;;;;;;;;;;;;;;;;;
436035;47088;Exodus 32:27;link;<BRW ;qal;633775;<BRW ;Pred;;;;;;;;;;;;;;;;;;;;;;;;;;;;;
436183;47733;Exodus 33:22;link;<BR ;qal;634200;B<BR ;Pred;;634201;KBDJ ;Subj;;;;;;;;;;;;;;;;;;;;;;;;;
436186;47746;Exodus 33:22;link;<BRJ00;qal;634209;<D&<BRJ00;PreS;;;;;;;;;;;;;;;;;;;;;;;;;;;;;
436209;47886;Exodus 34:6;link;J<BR ;qal;634294;W;Conj;;634295;J<BR ;Pred;;634296;JHWH ;Subj;;634297;<L&PNJW ;Cmpl;;;;;;;;;;;;;;;;;
436666;50918;Exodus 38:26;link;<BR ;qal;635673;H;Rela;;635674;<BR ;PreC;;635675;<L&HPQDJM ;Cmpl;;635676;MBN <#RJM #NH WM<LH ;Adju;;;;;;;;;;;;;;;;;
439689;68245;Leviticus 26:6;link;T<BR ;qal;645068;W;Conj;;645069;XRB ;Subj;;645070;L>&;Nega;;645071;T<BR ;Pred;;645072;B>RYKM00;Cmpl;;;;;;;;;;;;;
439943;69560;Leviticus 27:32;link;J<BR ;qal;645944;>#R&;Rela;;645945;J<BR ;Pred;;645946;TXT H#BV ;Cmpl;;;;;;;;;;;;;;;;;;;;;
440410;72953;Numbers 5:14;link;<BR ;qal;647231;W;Conj;;647232;<BR ;Pred;;647233;<LJW ;Cmpl;;647234;RWX&QN>H ;Subj;;;;;;;;;;;;;;;;;
440413;72965;Numbers 5:14;link;<BR ;qal;647241;>W&;Conj;;647242;<BR ;Pred;;647243;<LJW ;Cmpl;;647244;RWX&QN>H ;Subj;;;;;;;;;;;;;;;;;
440479;73351;Numbers 5:30;link;T<BR ;qal;647477;>#R ;Rela;;647478;T<BR ;Pred;;647479;<LJW ;Cmpl;;647480;RWX QN>H ;Subj;;;;;;;;;;;;;;;;;
440499;73468;Numbers 6:5;link;J<BR ;qal;647539;KL&JMJ NDR NZRW ;Time;;647540;T<R ;Subj;;647541;L>&;Nega;;647542;J<BR ;Pred;;647543;<L&R>#W ;Cmpl;;;;;;;;;;;;;
441353;78368;Numbers 13:32;link;<BRNW ;qal;650049;>#R ;Rela;;650050;<BRNW ;Pred;;650051;BH ;Cmpl;;;;;;;;;;;;;;;;;;;;;
441384;78535;Numbers 14:7;link;<BRNW ;qal;650142;>#R ;Rela;;650143;<BRNW ;Pred;;650144;BH ;Cmpl;;;;;;;;;;;;;;;;;;;;;
441514;79226;Numbers 14:41;link;<BRJM ;qal;650539;LMH ZH ;Ques;;650540;>TM ;Subj;;650541;<BRJM ;PreC;;650542;>T&PJ JHWH ;Objc;;;;;;;;;;;;;;;;;
442149;82873;Numbers 20:17;link;N<BRH&;qal;652560;N<BRH&;Pred;;652561;N> ;Intj;;652562;B>RYK ;Cmpl;;;;;;;;;;;;;;;;;;;;;
442150;82878;Numbers 20:17;link;N<BR ;qal;652563;L> ;Nega;;652564;N<BR ;Pred;;652565;B#DH WBKRM ;Cmpl;;;;;;;;;;;;;;;;;;;;;
442154;82900;Numbers 20:17;link;N<BR ;qal;652575;<D >#R&;Conj;;652576;N<BR ;Pred;;652577;GBWLK00;Cmpl;;;;;;;;;;;;;;;;;;;;;
442156;82907;Numbers 20:18;link;T<BR ;qal;652582;L> ;Nega;;652583;T<BR ;Pred;;652584;BJ ;Cmpl;;;;;;;;;;;;;;;;;;;;;
442164;82940;Numbers 20:19;link;><BRH00;qal;652606;BRGLJ ;Cmpl;Adju;652607;><BRH00;Pred;;;;;;;;;;;;;;;;;;;;;;;;;
442166;82944;Numbers 20:20;link;T<BR ;qal;652610;L> ;Nega;;652611;T<BR ;Pred;;;;;;;;;;;;;;;;;;;;;;;;;
442171;82963;Numbers 20:21;link;<BR ;qal;652622;<BR ;Pred;;652623;BGBLW ;Cmpl;;;;;;;;;;;;;;;;;;;;;;;;;
442280;83521;Numbers 21:22;link;><BRH ;qal;652961;><BRH ;Pred;;652962;B>RYK ;Cmpl;;;;;;;;;;;;;;;;;;;;;;;;;
442284;83542;Numbers 21:22;link;N<BR ;qal;652971;<D >#R&;Conj;;652972;N<BR ;Pred;;652973;GBLK00;Objc;;;;;;;;;;;;;;;;;;;;;
442286;83550;Numbers 21:23;link;<BR ;qal;652979;<BR ;Pred;;652980;BGBLW ;Cmpl;;;;;;;;;;;;;;;;;;;;;;;;;
442421;84164;Numbers 22:18;link;<BR ;qal;653372;L<BR ;Pred;;653373;>T&PJ JHWH >LHJ ;Objc;;;;;;;;;;;;;;;;;;;;;;;;;
442460;84342;Numbers 22:26;link;<BWR ;qal;653490;<BWR ;Pred;;;;;;;;;;;;;;;;;;;;;;;;;;;;;
442729;85414;Numbers 24:13;link;<BR ;qal;654277;L<BR ;Pred;;654278;>T&PJ JHWH ;Objc;;;;;;;;;;;;;;;;;;;;;;;;;
443406;90015;Numbers 32:7;link;<BR ;qal;656265;M<BR ;Pred;;656266;>L&H>RY ;Cmpl;;;;;;;;;;;;;;;;;;;;;;;;;
443451;90272;Numbers 32:21;link;<BR ;qal;656407;W;Conj;;656408;<BR ;Pred;;656409;LKM ;Adju;;656410;KL&XLWY ;Subj;;656411;>T&HJRDN ;Objc;;656412;LPNJ JHWH ;Adju;Cmpl;;;;;;;;
443470;90379;Numbers 32:27;link;J<BRW ;qal;656472;W;Conj;;656473;<BDJK KL&XLWY YB> ;Subj;;656474;J<BRW ;Pred;;656475;LPNJ JHWH ;Cmpl;;656476;LMLXMH ;Cmpl;;;;;;;;;;;;;
443474;90420;Numbers 32:29;link;J<BRW ;qal;656489;>M&;Conj;;656490;J<BRW ;Pred;;656491;BNJ&GD WBNJ&R>WBN ;Subj;;656492;>TKM ;Adju;;656493;>T&HJRDN ;Objc;;;;;;;;;;;;;
443478;90456;Numbers 32:30;link;J<BRW ;qal;656506;W;Conj;;656507;>M&;Conj;;656508;L> ;Nega;;656509;J<BRW ;Pred;;656510;XLWYJM ;PrAd;Adju;656511;>TKM ;Cmpl;Adju;;;;;;;;
443484;90484;Numbers 32:32;link;N<BR ;qal;656526;NXNW ;Subj;;656527;N<BR ;Pred;;656528;XLWYJM ;PrAd;Adju;656529;LPNJ JHWH ;Cmpl;;656530;>RY KN<N ;Objc;;;;;;;;;;;;;
443526;90789;Numbers 33:8;link;J<BRW ;qal;656669;W;Conj;;656670;J<BRW ;Pred;;656671;BTWK&HJM ;Cmpl;;656672;HMDBRH ;Cmpl;;;;;;;;;;;;;;;;;
443620;91263;Numbers 33:51;link;<BRJM ;qal;656965;KJ ;Conj;;656966;>TM ;Subj;;656967;<BRJM ;PreC;;656968;>T&HJRDN ;Objc;;656969;>L&>RY KN<N00;Cmpl;;;;;;;;;;;;;
443656;91456;Numbers 34:4;link;<BR ;qal;657086;W;Conj;;657087;<BR ;Pred;;657088;YNH ;Cmpl;;;;;;;;;;;;;;;;;;;;;
443659;91469;Numbers 34:4;link;<BR ;qal;657097;W;Conj;;657098;<BR ;Pred;;657099;<YMNH00;Cmpl;;;;;;;;;;;;;;;;;;;;;
443747;92022;Numbers 35:10;link;<BRJM ;qal;657369;KJ ;Conj;;657370;>TM ;Subj;;657371;<BRJM ;PreC;;657372;>T&HJRDN ;Objc;;657373;>RYH KN<N00;Cmpl;;;;;;;;;;;;;
444085;93788;Deuteronomy 2:4;link;<BRJM ;qal;658379;>TM ;Subj;;658380;<BRJM ;PreC;;658381;BGBWL >XJKM BNJ&<#W ;Cmpl;;;;;;;;;;;;;;;;;;;;;
444101;93872;Deuteronomy 2:8;link;N<BR ;qal;658431;W;Conj;;658432;N<BR ;Pred;;658433;M>T >XJNW BNJ&<#W ;Cmpl;;658437;MDRK H<RBH M>JLT WM<YJN GBR S ;Cmpl;;;;;;;;;;;;;;;;;
444104;93894;Deuteronomy 2:8;link;N<BR ;qal;658440;W;Conj;;658441;N<BR ;Pred;;658442;DRK MDBR MW>B00;Adju;Cmpl;;;;;;;;;;;;;;;;;;;;
444120;93987;Deuteronomy 2:13;link;<BRW ;qal;658503;W;Conj;;658504;<BRW ;Pred;;658505;LKM ;Supp;;658506;>T&NXL ZRD ;Objc;;;;;;;;;;;;;;;;;
444121;93993;Deuteronomy 2:13;link;N<BR ;qal;658507;W;Conj;;658508;N<BR ;Pred;;658509;>T&NXL ZRD00;Objc;;;;;;;;;;;;;;;;;;;;;
444124;94006;Deuteronomy 2:14;link;<BRNW ;qal;658515;<D >#R&;Conj;;658516;<BRNW ;Pred;;658517;>T&NXL ZRD ;Objc;;;;;;;;;;;;;;;;;;;;;
444136;94067;Deuteronomy 2:18;link;<BR ;qal;658545;>TH ;Subj;;658546;<BR ;PreC;;658547;HJWM ;Time;;658548;>T&GBWL MW>B >T&<R00;Objc;;;;;;;;;;;;;;;;;
444161;94184;Deuteronomy 2:24;link;<BRW ;qal;658621;W;Conj;;658622;<BRW ;Pred;;658623;>T&NXL >RNN ;Objc;;;;;;;;;;;;;;;;;;;;;
444174;94247;Deuteronomy 2:27;link;><BRH ;qal;658654;><BRH ;Pred;;658655;B>RYK ;Cmpl;;;;;;;;;;;;;;;;;;;;;;;;;
444181;94279;Deuteronomy 2:28;link;><BRH ;qal;658673;RQ ;Modi;;658674;><BRH ;Pred;;658675;BRGLJ00;Adju;;;;;;;;;;;;;;;;;;;;;
444185;94301;Deuteronomy 2:29;link;><BR ;qal;658686;<D >#R&;Conj;;658687;><BR ;Pred;;658688;>T&HJRDN ;Objc;;658689;>L&H>RY ;Cmpl;;;;;;;;;;;;;;;;;
444264;94897;Deuteronomy 3:18;link;T<BRW ;qal;658928;XLWYJM ;PrAd;;658929;T<BRW ;Pred;;658930;LPNJ >XJKM BNJ&J#R>L ;Cmpl;;;;;;;;;;;;;;;;;;;;;
444282;94989;Deuteronomy 3:21;link;<BR ;qal;658980;>#R ;Rela;;658981;>TH ;Subj;;658982;<BR ;PreC;;658983;#MH00;Cmpl;;;;;;;;;;;;;;;;;
444294;95043;Deuteronomy 3:25;link;><BRH&;qal;659010;><BRH&;Pred;;659011;N> ;Intj;;;;;;;;;;;;;;;;;;;;;;;;;
444306;95111;Deuteronomy 3:27;link;T<BR ;qal;659047;KJ&;Conj;;659048;L> ;Nega;;659049;T<BR ;Pred;;659050;>T&HJRDN HZH00;Objc;;;;;;;;;;;;;;;;;
444310;95127;Deuteronomy 3:28;link;J<BR ;qal;659058;KJ&;Conj;;659059;HW> ;Subj;;659060;J<BR ;Pred;;659061;LPNJ H<M HZH ;Cmpl;;;;;;;;;;;;;;;;;
444385;95488;Deuteronomy 4:14;link;<BRJM ;qal;659280;>#R ;Rela;;659281;>TM ;Subj;;659282;<BRJM ;PreC;;659283;#MH ;Cmpl;;;;;;;;;;;;;;;;;
444409;95637;Deuteronomy 4:21;link;<BRJ ;qal;659354;LBLTJ <BRJ ;PreS;;659355;>T&HJRDN ;Objc;;;;;;;;;;;;;;;;;;;;;;;;;
444413;95665;Deuteronomy 4:22;link;<BR ;qal;659368;>JNNJ ;NCoS;;659369;<BR ;PreC;;659370;>T&HJRDN ;Objc;;;;;;;;;;;;;;;;;;;;;
444414;95671;Deuteronomy 4:22;link;<BRJM ;qal;659371;W;Conj;;659372;>TM ;Subj;;659373;<BRJM ;PreC;;;;;;;;;;;;;;;;;;;;;
444433;95759;Deuteronomy 4:26;link;<BRJM ;qal;659423;>#R ;Rela;;659424;>TM ;Subj;;659425;<BRJM ;PreC;;659426;>T&HJRDN ;Objc;;659427;#MH ;Cmpl;;;;;;;;;;;;;
444644;96979;Deuteronomy 6:1;link;<BRJM ;qal;660068;>#R ;Rela;;660069;>TM ;Subj;;660070;<BRJM ;PreC;;660071;#MH ;Cmpl;;;;;;;;;;;;;;;;;
444928;98393;Deuteronomy 9:1;link;<BR ;qal;660895;>TH ;Subj;;660896;<BR ;PreC;;660897;HJWM ;Time;;660898;>T&HJRDN ;Objc;;;;;;;;;;;;;;;;;
444939;98442;Deuteronomy 9:3;link;<BR ;qal;660921;H;Rela;;660922;<BR ;PreC;;660923;LPNJK ;Cmpl;;;;;;;;;;;;;;;;;;;;;
445178;99764;Deuteronomy 11:8;link;<BRJM ;qal;661645;>#R ;Rela;;661646;>TM ;Subj;;661647;<BRJM ;PreC;;661648;#MH ;Cmpl;;;;;;;;;;;;;;;;;
445191;99826;Deuteronomy 11:11;link;<BRJM ;qal;661683;>#R ;Rela;;661684;>TM ;Subj;;661685;<BRJM ;PreC;;661686;#MH ;Cmpl;;;;;;;;;;;;;;;;;
445266;100255;Deuteronomy 11:31;link;<BRJM ;qal;661920;KJ ;Conj;;661921;>TM ;Subj;;661922;<BRJM ;PreC;;661923;>T&HJRDN ;Objc;;;;;;;;;;;;;;;;;
445305;100489;Deuteronomy 12:10;link;<BRTM ;qal;662047;W;Conj;;662048;<BRTM ;Pred;;662049;>T&HJRDN ;Objc;;;;;;;;;;;;;;;;;;;;;
445755;102974;Deuteronomy 17:2;link;<BR ;qal;663433;L<BR ;Pred;;663434;BRJTW00;Objc;;;;;;;;;;;;;;;;;;;;;;;;;
446453;106453;Deuteronomy 24:5;link;J<BR ;qal;665596;W;Conj;;665597;L>&;Nega;;665598;J<BR ;Pred;;665599;<LJW ;Cmpl;;665600;LKL&DBR ;Adju;;;;;;;;;;;;;
446655;107478;Deuteronomy 26:13;link;<BRTJ ;qal;666215;L>&;Nega;;666216;<BRTJ ;Pred;;666217;MMYWTJK ;Cmpl;;;;;;;;;;;;;;;;;;;;;
446690;107676;Deuteronomy 27:2;link;T<BRW ;qal;666318;>#R ;Rela;;666319;T<BRW ;Pred;;666320;>T&HJRDN ;Objc;;666321;>L&H>RY ;Cmpl;;;;;;;;;;;;;;;;;
446695;107710;Deuteronomy 27:3;link;<BRK ;qal;666338;B<BRK ;PreS;;;;;;;;;;;;;;;;;;;;;;;;;;;;;
446700;107737;Deuteronomy 27:4;link;<BRKM ;qal;666352;B<BRKM ;PreS;;666353;>T&HJRDN ;Objc;;;;;;;;;;;;;;;;;;;;;;;;;
446727;107884;Deuteronomy 27:12;link;<BRKM ;qal;666433;B<BRKM ;PreS;;666434;>T&HJRDN ;Objc;;;;;;;;;;;;;;;;;;;;;;;;;
447071;109723;Deuteronomy 29:11;link;<BRK ;qal;667442;L<BRK ;PreS;;667443;BBRJT JHWH >LHJK WB>LTW ;Cmpl;;;;;;;;;;;;;;;;;;;;;;;;;
447084;109820;Deuteronomy 29:15;link;<BRNW ;qal;667492;W;Conj;;667493;>T >#R&;Rela;;667494;<BRNW ;Pred;;667495;BQRB HGWJM ;Cmpl;;;;;;;;;;;;;;;;;
447085;109826;Deuteronomy 29:15;link;<BRTM00;qal;667496;>#R ;Rela;;667497;<BRTM00;Pred;;;;;;;;;;;;;;;;;;;;;;;;;
447192;110454;Deuteronomy 30:13;link;J<BR&;qal;667824;MJ ;Subj;;667825;J<BR&;Pred;;667826;LNW ;Adju;;667827;>L&<BR HJM ;Cmpl;;;;;;;;;;;;;;;;;
447218;110572;Deuteronomy 30:18;link;<BR ;qal;667896;>#R ;Rela;;667897;>TH ;Subj;;667898;<BR ;PreC;;667899;>T&HJRDN ;Objc;;;;;;;;;;;;;;;;;
447241;110691;Deuteronomy 31:2;link;T<BR ;qal;667958;L> ;Nega;;667959;T<BR ;Pred;;667960;>T&HJRDN HZH00;Objc;;;;;;;;;;;;;;;;;;;;;
447243;110700;Deuteronomy 31:3;link;<BR ;qal;667962;HW> ;Subj;;667963;<BR ;PreC;;667964;LPNJK ;Cmpl;;;;;;;;;;;;;;;;;;;;;
447247;110717;Deuteronomy 31:3;link;<BR ;qal;667972;HW> ;Subj;;667973;<BR ;PreC;;667974;LPNJK ;Cmpl;;;;;;;;;;;;;;;;;;;;;
447301;110973;Deuteronomy 31:13;link;<BRJM ;qal;668124;>#R ;Rela;;668125;>TM ;Subj;;668126;<BRJM ;PreC;;668127;>T&HJRDN ;Objc;;668128;#MH ;Cmpl;;;;;;;;;;;;;
447573;112099;Deuteronomy 32:47;link;<BRJM ;qal;668858;>#R ;Rela;;668859;>TM ;Subj;;668860;<BRJM ;PreC;;668861;>T&HJRDN ;Objc;;668862;#MH ;Cmpl;;;;;;;;;;;;;
447721;112764;Deuteronomy 34:4;link;T<BR00;qal;669261;W;Conj;;669262;#MH ;Cmpl;;669263;L> ;Nega;;669264;T<BR00;Pred;;;;;;;;;;;;;;;;;
447746;112943;Joshua 1:2;link;<BR ;qal;669355;<BR ;Pred;;669356;>T&HJRDN HZH ;Objc;;669357;>TH WKL&H<M HZH ;Subj;;669358;>L&H>RY ;Cmpl;;;;;;;;;;;;;;;;;
447787;113141;Joshua 1:11;link;<BRW ;qal;669468;<BRW ;Pred;;669469;BQRB HMXNH ;Cmpl;;;;;;;;;;;;;;;;;;;;;;;;;
447791;113162;Joshua 1:11;link;<BRJM ;qal;669477;KJ ;Conj;;669478;B<WD #L#T JMJM ;Time;;669479;>TM ;Subj;;669480;<BRJM ;PreC;;669481;>T&HJRDN HZH ;Objc;;;;;;;;;;;;;
447805;113242;Joshua 1:14;link;T<BRW ;qal;669517;W;Conj;;669518;>TM ;Subj;;669519;T<BRW ;Pred;;669520;XM#JM ;PrAd;;669521;LPNJ >XJKM KL GBWRJ HXJL ;Cmpl;;;;;;;;;;;;;
447948;113896;Joshua 2:23;link;J<BRW ;qal;669939;W;Conj;;669940;J<BRW ;Pred;;;;;;;;;;;;;;;;;;;;;;;;;
447959;113958;Joshua 3:1;link;J<BRW00;qal;669978;VRM ;Conj;;669979;J<BRW00;Pred;;;;;;;;;;;;;;;;;;;;;;;;;
447961;113966;Joshua 3:2;link;J<BRW ;qal;669983;W;Conj;;669984;J<BRW ;Pred;;669985;H#VRJM ;Subj;;669986;BQRB HMXNH00;Cmpl;;;;;;;;;;;;;;;;;
447972;114028;Joshua 3:4;link;<BRTM ;qal;670016;KJ ;Conj;;670017;L> ;Nega;;670018;<BRTM ;Pred;;670019;BDRK ;Cmpl;;670020;MTMWL #L#WM00;Time;;;;;;;;;;;;;
447979;114063;Joshua 3:6;link;<BRW ;qal;670039;W;Conj;;670040;<BRW ;Pred;;670041;LPNJ H<M ;Cmpl;;;;;;;;;;;;;;;;;;;;;
447999;114191;Joshua 3:11;link;<BR ;qal;670095;HNH ;Intj;;670096;>RWN HBRJT >DWN KL&H>RY ;Subj;;670097;<BR ;PreC;;670098;LPNJKM ;Cmpl;;670099;BJRDN00;Cmpl;;;;;;;;;;;;;
448011;114257;Joshua 3:14;link;<BR ;qal;670127;L<BR ;Pred;;670128;>T&HJRDN ;Objc;;;;;;;;;;;;;;;;;;;;;;;;;
448023;114341;Joshua 3:16;link;<BRW ;qal;670163;W;Conj;;670164;H<M ;Subj;;670165;<BRW ;Pred;;670166;NGD JRJXW00;Loca;;;;;;;;;;;;;;;;;
448025;114364;Joshua 3:17;link;<BRJM ;qal;670172;W;Conj;;670173;KL&J#R>L ;Subj;;670174;<BRJM ;PreC;;670175;BXRBH ;Cmpl;;;;;;;;;;;;;;;;;
448027;114375;Joshua 3:17;link;<BR ;qal;670179;L<BR ;Pred;;670180;>T&HJRDN00;Objc;;;;;;;;;;;;;;;;;;;;;;;;;
448030;114388;Joshua 4:1;link;<BWR ;qal;670186;L<BWR ;Pred;;670187;>T&HJRDN P ;Objc;;;;;;;;;;;;;;;;;;;;;;;;;
448045;114473;Joshua 4:5;link;<BRW ;qal;670230;<BRW ;Pred;;670231;LPNJ >RWN JHWH >LHJKM ;Adju;;670232;>L&TWK HJRDN ;Cmpl;;;;;;;;;;;;;;;;;;;;;
448054;114528;Joshua 4:7;link;<BRW ;qal;670260;B<BRW ;PreS;;670261;BJRDN ;Cmpl;;;;;;;;;;;;;;;;;;;;;;;;;
448071;114652;Joshua 4:10;link;J<BRW00;qal;670322;W;Conj;;670323;J<BRW00;Pred;;;;;;;;;;;;;;;;;;;;;;;;;
448074;114662;Joshua 4:11;link;<BWR ;qal;670329;L<BWR ;Pred;;;;;;;;;;;;;;;;;;;;;;;;;;;;;
448075;114664;Joshua 4:11;link;J<BR ;qal;670330;W;Conj;;670331;J<BR ;Pred;;670332;>RWN&JHWH WHKHNJM ;Subj;;670333;LPNJ H<M00;Cmpl;;;;;;;;;;;;;;;;;
448076;114675;Joshua 4:12;link;J<BRW ;qal;670334;W;Conj;;670335;J<BRW ;Pred;;670336;BNJ&R>WBN WBNJ&GD WXYJ #BV HMN#H ;Subj;;670337;XM#JM ;PrAd;;670338;LPNJ BNJ J#R>L ;Cmpl;;;;;;;;;;;;;
448078;114702;Joshua 4:13;link;<BRW ;qal;670343;K>RB<JM >LP XLWYJ HYB> ;Subj;;670344;<BRW ;Pred;;670345;LPNJ JHWH ;Cmpl;;670346;LMLXMH ;Adju;;670347;>L <RBWT JRJXW00;Cmpl;;;;;;;;;;;;;
448105;114876;Joshua 4:22;link;<BR ;qal;670425;BJB#H ;Adju;;670426;<BR ;Pred;;670427;J#R>L ;Subj;;670428;>T&HJRDN HZH00;Objc;;;;;;;;;;;;;;;;;
448107;114894;Joshua 4:23;link;<BRKM ;qal;670434;<D&<BRKM ;PreS;;;;;;;;;;;;;;;;;;;;;;;;;;;;;
448110;114908;Joshua 4:23;link;<BRNW00;qal;670442;<D&<BRNW00;PreS;;;;;;;;;;;;;;;;;;;;;;;;;;;;;
448119;114965;Joshua 5:1;link;<BRM ;qal;670467;<D&<BRM ;PreS;;;;;;;;;;;;;;;;;;;;;;;;;;;;;
448215;115490;Joshua 6:7;link;<BRW ;qal;670775;<BRW ;Pred;;;;;;;;;;;;;;;;;;;;;;;;;;;;;
448217;115499;Joshua 6:7;link;J<BR ;qal;670779;W;Conj;;670780;HXLWY ;Subj;;670781;J<BR ;Pred;;670782;LPNJ >RWN JHWH00;Cmpl;;;;;;;;;;;;;;;;;
448222;115524;Joshua 6:8;link;<BRW ;qal;670793;<BRW ;Pred;;;;;;;;;;;;;;;;;;;;;;;;;;;;;
448364;116337;Joshua 7:11;link;<BRW ;qal;671232;W;Conj;;671233;GM ;Modi;;671234;<BRW ;Pred;;671235;>T&BRJTJ ;Objc;;;;;;;;;;;;;;;;;
448399;116480;Joshua 7:15;link;<BR ;qal;671331;KJ ;Conj;;671332;<BR ;Pred;;671333;>T&BRJT JHWH ;Objc;;;;;;;;;;;;;;;;;;;;;
448846;119060;Joshua 10:29;link;J<BR ;qal;672740;W;Conj;;672741;J<BR ;Pred;;672742;JHW#< WKL&J#R>L <MW ;Subj;;672743;MMQDH ;Cmpl;;672744;LBNH ;Cmpl;;;;;;;;;;;;;
448855;119111;Joshua 10:31;link;J<BR ;qal;672770;W;Conj;;672771;J<BR ;Pred;;672772;JHW#< WKL&J#R>L <MW ;Subj;;672773;MLBNH ;Cmpl;;672774;LKJ#H ;Cmpl;;;;;;;;;;;;;
448869;119180;Joshua 10:34;link;J<BR ;qal;672814;W;Conj;;672815;J<BR ;Pred;;672816;JHW#< WKL&J#R>L <MW ;Subj;;672817;MLKJ# ;Cmpl;;672818;<GLNH ;Cmpl;;;;;;;;;;;;;
449188;121424;Joshua 15:3;link;<BR ;qal;673741;W;Conj;;673742;<BR ;Pred;;673743;YNH ;Cmpl;;;;;;;;;;;;;;;;;;;;;
449190;121433;Joshua 15:3;link;<BR ;qal;673748;W;Conj;;673749;<BR ;Pred;;673750;XYRWN ;Cmpl;;;;;;;;;;;;;;;;;;;;;
449193;121443;Joshua 15:4;link;<BR ;qal;673757;W;Conj;;673758;<BR ;Pred;;673759;<YMWNH ;Cmpl;;;;;;;;;;;;;;;;;;;;;
449200;121489;Joshua 15:6;link;<BR ;qal;673781;W;Conj;;673782;<BR ;Pred;;673783;MYPWN ;Cmpl;;673784;LBJT H<RBH ;Cmpl;;;;;;;;;;;;;;;;;
449206;121527;Joshua 15:7;link;<BR ;qal;673802;W;Conj;;673803;<BR ;Pred;;673804;HGBWL ;Subj;;673805;>L&MJ&<JN #M# ;Cmpl;;;;;;;;;;;;;;;;;
449218;121608;Joshua 15:10;link;<BR ;qal;673844;W;Conj;;673845;<BR ;Pred;;673846;>L&KTP HR&J<RJM MYPWNH ;Cmpl;;;;;;;;;;;;;;;;;;;;;
449221;121621;Joshua 15:10;link;<BR ;qal;673852;W;Conj;;673853;<BR ;Pred;;673854;TMNH00;Cmpl;;;;;;;;;;;;;;;;;;;;;
449224;121637;Joshua 15:11;link;<BR ;qal;673863;W;Conj;;673864;<BR ;Pred;;673865;HR&HB<LH ;Cmpl;;;;;;;;;;;;;;;;;;;;;
449309;122203;Joshua 16:2;link;<BR ;qal;674071;W;Conj;;674072;<BR ;Pred;;674073;>L&GBWL H>RKJ ;Cmpl;;674074;<VRWT00;Cmpl;;;;;;;;;;;;;;;;;
449317;122265;Joshua 16:6;link;<BR ;qal;674101;W;Conj;;674102;<BR ;Pred;;674103;>WTW ;Objc;;674104;MMZRX JNWXH00;Cmpl;;;;;;;;;;;;;;;;;
449438;123041;Joshua 18:9;link;J<BRW ;qal;674496;W;Conj;;674497;J<BRW ;Pred;;674498;B>RY ;Cmpl;;;;;;;;;;;;;;;;;;;;;
449449;123136;Joshua 18:13;link;<BR ;qal;674546;W;Conj;;674547;<BR ;Pred;;674548;M#M ;Cmpl;;674549;HGBWL ;Subj;;674550;LWZH >L&KTP LWZH NGBH ;Cmpl;;;;;;;;;;;;;
449472;123260;Joshua 18:18;link;<BR ;qal;674614;W;Conj;;674615;<BR ;Pred;;674616;>L&KTP MWL&H<RBH YPWNH ;Cmpl;;;;;;;;;;;;;;;;;;;;;
449474;123272;Joshua 18:19;link;<BR ;qal;674620;W;Conj;;674621;<BR ;Pred;;674622;HGBWL ;Subj;;674623;>L&KTP BJT&XGLH YPWNH ;Cmpl;;;;;;;;;;;;;;;;;
449513;123574;Joshua 19:13;link;<BR ;qal;674729;W;Conj;;674730;M#M ;Loca;;674731;<BR ;Pred;;674732;QDMH MZRXH GTH XPR <TH QYJN ;Cmpl;;;;;;;;;;;;;;;;;
449761;125716;Joshua 22:19;link;<BRW ;qal;675534;<BRW ;Pred;;675535;LKM ;Cmpl;;675536;>L&>RY >XZT JHWH ;Cmpl;;;;;;;;;;;;;;;;;;;;;
449907;126589;Joshua 23:16;link;<BRKM ;qal;675990;B<BRKM ;PreS;;675991;>T&BRJT JHWH >LHJKM ;Objc;;;;;;;;;;;;;;;;;;;;;;;;;
449959;126877;Joshua 24:11;link;T<BRW ;qal;676163;W;Conj;;676164;T<BRW ;Pred;;676165;>T&HJRDN ;Objc;;;;;;;;;;;;;;;;;;;;;
450000;127096;Joshua 24:17;link;<BRNW ;qal;676286;>#R ;Rela;;676287;<BRNW ;Pred;;676288;BQRBM00;Cmpl;;;;;;;;;;;;;;;;;;;;;
450267;128634;Judges 2:20;link;<BRW ;qal;677170;J<N >#R ;Conj;;677171;<BRW ;Pred;;677172;HGWJ HZH ;Subj;;677173;>T&BRJTJ ;Objc;;;;;;;;;;;;;;;;;
450386;129250;Judges 3:26;link;<BR ;qal;677538;W;Conj;;677539;HW> ;Subj;;677540;<BR ;Pred;;677541;>T&HPSJLJM ;Objc;;;;;;;;;;;;;;;;;
450399;129312;Judges 3:28;link;<BR00;qal;677581;L<BR00;Pred;;;;;;;;;;;;;;;;;;;;;;;;;;;;;
450808;131206;Judges 6:33;link;J<BRW ;qal;678757;W;Conj;;678758;J<BRW ;Pred;;;;;;;;;;;;;;;;;;;;;;;;;
451003;132203;Judges 8:4;link;<BR ;qal;679351;<BR ;PreC;;679352;HW> W#L#&M>WT H>J# ;Subj;;;;;;;;;;;;;;;;;;;;;;;;;
451230;133389;Judges 9:25;link;J<BR ;qal;680060;>#R&;Rela;;680061;J<BR ;Pred;;680062;<LJHM ;Cmpl;;680063;BDRK ;Adju;;;;;;;;;;;;;;;;;
451233;133406;Judges 9:26;link;J<BRW ;qal;680070;W;Conj;;680071;J<BRW ;Pred;;680072;B#KM ;Cmpl;;;;;;;;;;;;;;;;;;;;;
451410;134269;Judges 10:9;link;J<BRW ;qal;680600;W;Conj;;680601;J<BRW ;Pred;;680602;BNJ&<MWN ;Subj;;680603;>T&HJRDN ;Objc;;;;;;;;;;;;;;;;;
451515;134804;Judges 11:17;link;><BRH&;qal;680942;><BRH&;Pred;;680943;N> ;Intj;;680944;B>RYK ;Cmpl;;;;;;;;;;;;;;;;;;;;;
451528;134879;Judges 11:19;link;N<BRH&;qal;680988;N<BRH&;Pred;;680989;N> ;Intj;;680990;B>RYK ;Cmpl;;680991;<D&MQWMJ00;Loca;;;;;;;;;;;;;;;;;
451530;134891;Judges 11:20;link;<BR ;qal;680997;<BR ;Pred;;680998;BGBLW ;Cmpl;;;;;;;;;;;;;;;;;;;;;;;;;
451562;135095;Judges 11:29;link;J<BR ;qal;681103;W;Conj;;681104;J<BR ;Pred;;681105;>T&HGL<D W>T&MN#H ;Objc;;;;;;;;;;;;;;;;;;;;;
451563;135103;Judges 11:29;link;J<BR ;qal;681106;W;Conj;;681107;J<BR ;Pred;;681108;>T&MYPH GL<D ;Objc;;;;;;;;;;;;;;;;;;;;;
451564;135111;Judges 11:29;link;<BR ;qal;681109;W;Conj;;681110;MMYPH GL<D ;Loca;;681111;<BR ;Pred;;681112;BNJ <MWN00;Objc;;;;;;;;;;;;;;;;;
451575;135156;Judges 11:32;link;J<BR ;qal;681142;W;Conj;;681143;J<BR ;Pred;;681144;JPTX ;Subj;;681145;>L&BNJ <MWN ;Cmpl;;;;;;;;;;;;;;;;;
451622;135377;Judges 12:1;link;J<BR ;qal;681285;W;Conj;;681286;J<BR ;Pred;;681287;YPWNH ;Cmpl;;;;;;;;;;;;;;;;;;;;;
451624;135384;Judges 12:1;link;<BRT ;qal;681291;MDW< ;Ques;;681292;<BRT ;Pred;;;;;;;;;;;;;;;;;;;;;;;;;
451636;135437;Judges 12:3;link;><BRH ;qal;681330;W;Conj;;681331;><BRH ;Pred;;681332;>L&BNJ <MWN ;Cmpl;;;;;;;;;;;;;;;;;;;;;
451650;135501;Judges 12:5;link;><BRH ;qal;681372;><BRH ;Pred;;;;;;;;;;;;;;;;;;;;;;;;;;;;;
452334;138602;Judges 18:13;link;J<BRW ;qal;683462;W;Conj;;683463;J<BRW ;Pred;;683464;M#M ;Cmpl;;683465;HR&>PRJM ;Cmpl;;;;;;;;;;;;;;;;;
452502;139383;Judges 19:12;link;<BRNW ;qal;683953;W;Conj;;683954;<BRNW ;Pred;;683955;<D&GB<H00;Cmpl;;;;;;;;;;;;;;;;;;;;;
452507;139407;Judges 19:14;link;J<BRW ;qal;683966;W;Conj;;683967;J<BRW ;Pred;;;;;;;;;;;;;;;;;;;;;;;;;
452528;139508;Judges 19:18;link;<BRJM ;qal;684028;<BRJM ;PreC;;684029;>NXNW ;Subj;;684030;MBJT&LXM JHWDH <D&JRKTJ HR&>PRJM ;Cmpl;;;;;;;;;;;;;;;;;;;;;
453746;145553;1_Samuel 9:4;link;J<BR ;qal;687745;W;Conj;;687746;J<BR ;Pred;;687747;BHR&>PRJM ;Cmpl;;;;;;;;;;;;;;;;;;;;;
453747;145558;1_Samuel 9:4;link;J<BR ;qal;687748;W;Conj;;687749;J<BR ;Pred;;687750;B>RY&#L#H ;Cmpl;;;;;;;;;;;;;;;;;;;;;
453749;145566;1_Samuel 9:4;link;J<BRW ;qal;687754;W;Conj;;687755;J<BRW ;Pred;;687756;B>RY&#<LJM ;Cmpl;;;;;;;;;;;;;;;;;;;;;
453751;145573;1_Samuel 9:4;link;J<BR ;qal;687759;W;Conj;;687760;J<BR ;Pred;;687761;B>RY&JMJNJ ;Cmpl;;;;;;;;;;;;;;;;;;;;;
453895;146185;1_Samuel 9:27;link;J<BR ;qal;688170;W;Conj;;688171;J<BR ;Pred;;688172;LPNJNW ;Cmpl;;;;;;;;;;;;;;;;;;;;;
453896;146189;1_Samuel 9:27;link;J<BR ;qal;688173;W;Conj;;688174;J<BR ;Pred;;;;;;;;;;;;;;;;;;;;;;;;;
454264;147944;1_Samuel 13:7;link;<BRW ;qal;689307;W;Conj;;689308;<BRJM ;Subj;;689309;<BRW ;Pred;;689310;>T&HJRDN ;Objc;;689311;>RY GD WGL<D ;Loca;;;;;;;;;;;;;
454333;148315;1_Samuel 14:1;link;N<BRH ;qal;689531;W;Conj;;689532;N<BRH ;Pred;;689533;>L&MYB PL#TJM ;Cmpl;;;;;;;;;;;;;;;;;;;;;
454345;148383;1_Samuel 14:4;link;<BR ;qal;689567;L<BR ;Pred;;689568;<L&MYB PL#TJM ;Cmpl;;;;;;;;;;;;;;;;;;;;;;;;;
454353;148440;1_Samuel 14:6;link;N<BRH ;qal;689590;W;Conj;;689591;N<BRH ;Pred;;689592;>L&MYB H<RLJM H>LH ;Cmpl;;;;;;;;;;;;;;;;;;;;;
454363;148484;1_Samuel 14:8;link;<BRJM ;qal;689619;HNH ;Intj;;689620;>NXNW ;Subj;;689621;<BRJM ;PreC;;689622;>L&H>N#JM ;Cmpl;;;;;;;;;;;;;;;;;
454436;148829;1_Samuel 14:23;link;<BRH ;qal;689834;W;Conj;;689835;HMLXMH ;Subj;;689836;<BRH ;Pred;;689837;>T&BJT >WN00;Objc;;;;;;;;;;;;;;;;;
454635;149798;1_Samuel 15:12;link;J<BR ;qal;690439;W;Conj;;690440;J<BR ;Pred;;;;;;;;;;;;;;;;;;;;;;;;;
454692;150047;1_Samuel 15:24;link;<BRTJ ;qal;690601;KJ&;Conj;;690602;<BRTJ ;Pred;;690603;>T&PJ&JHWH W>T&DBRJK ;Objc;;;;;;;;;;;;;;;;;;;;;
456176;156904;1_Samuel 25:19;link;<BRW ;qal;695095;<BRW ;Pred;;695096;LPNJ ;Cmpl;;;;;;;;;;;;;;;;;;;;;;;;;
456382;157855;1_Samuel 26:13;link;J<BR ;qal;695738;W;Conj;;695739;J<BR ;Pred;;695740;DWD ;Subj;;695741;H<BR ;Objc;;;;;;;;;;;;;;;;;
456445;158110;1_Samuel 26:22;link;J<BR ;qal;695907;W;Conj;;695908;J<BR ;Pred;;695909;>XD MHN<RJM ;Subj;;;;;;;;;;;;;;;;;;;;;
456470;158233;1_Samuel 27:2;link;J<BR ;qal;695992;W;Conj;;695993;J<BR ;Pred;;695994;HW> W##&M>WT >J# ;Subj;;695997;>L&>KJ# BN&M<WK MLK GT00;Cmpl;;;;;;;;;;;;;;;;;
456652;159134;1_Samuel 29:2;link;<BRJM ;qal;696573;W;Conj;;696574;SRNJ PL#TJM ;Subj;;696575;<BRJM ;PreC;;696576;LM>WT WL>LPJM ;Cmpl;;;;;;;;;;;;;;;;;
456653;159144;1_Samuel 29:2;link;<BRJM ;qal;696577;W;Conj;;696578;DWD W>N#JW ;Subj;;696579;<BRJM ;PreC;;696580;B>XRNH ;Adju;;696581;<M&>KJ#00;Adju;;;;;;;;;;;;;
456755;159646;1_Samuel 30:10;link;<BR ;qal;696894;M<BR ;Pred;;696895;>T&NXL HB#WR00;Objc;;;;;;;;;;;;;;;;;;;;;;;;;
457085;161252;2_Samuel 2:15;link;J<BRW ;qal;697873;W;Conj;;697874;J<BRW ;Pred;;697875;BMSPR ;Adju;;697876;#NJM <#R LBNJMN WL>J# B#T BN&#>WL W#NJM <#R M<BDJ DWD00;Subj;;;;;;;;;;;;;;;;;
457154;161602;2_Samuel 2:29;link;J<BRW ;qal;698089;W;Conj;;698090;J<BRW ;Pred;;698091;>T&HJRDN ;Objc;;;;;;;;;;;;;;;;;;;;;
457902;165622;2_Samuel 10:17;link;J<BR ;qal;700453;W;Conj;;700454;J<BR ;Pred;;700455;>T&HJRDN ;Objc;;;;;;;;;;;;;;;;;;;;;
458039;166319;2_Samuel 11:27;link;J<BR ;qal;700881;W;Conj;;700882;J<BR ;Pred;;700883;H>BL ;Subj;;;;;;;;;;;;;;;;;;;;;
458701;169253;2_Samuel 15:18;link;<BRJM ;qal;702856;W;Conj;;702857;KL&<BDJW ;Subj;;702858;<BRJM ;PreC;;702859;<L&JDW ;Cmpl;;;;;;;;;;;;;;;;;
458702;169277;2_Samuel 15:18;link;<BRJM ;qal;702860;W;Conj;;702861;KL&HKRTJ WKL&HPLTJ WKL&HGTJM ##&M>WT >J# ;Subj;;702866;<BRJM ;PreC;;702867;<L&PNJ HMLK00;Cmpl;;;;;;;;;;;;;;;;;
458729;169377;2_Samuel 15:22;link;<BR ;qal;702936;W;Conj;;702937;<BR ;Pred;;;;;;;;;;;;;;;;;;;;;;;;;
458730;169379;2_Samuel 15:22;link;J<BR ;qal;702938;W;Conj;;702939;J<BR ;Pred;;702940;>TJ HGTJ WKL&>N#JW WKL&HVP ;Subj;;;;;;;;;;;;;;;;;;;;;
458733;169403;2_Samuel 15:23;link;<BRJM ;qal;702947;W;Conj;;702948;KL&H<M ;Subj;;702949;<BRJM ;PreC;;;;;;;;;;;;;;;;;;;;;
458734;169407;2_Samuel 15:23;link;<BR ;qal;702950;W;Conj;;702951;HMLK ;Subj;;702952;<BR ;PreC;;702953;BNXL QDRWN ;Cmpl;;;;;;;;;;;;;;;;;
458735;169415;2_Samuel 15:23;link;<BRJM ;qal;702954;W;Conj;;702955;KL&H<M ;Subj;;702956;<BRJM ;PreC;;702957;<L&PNJ&DRK >T&HMDBR00;Cmpl;;;;;;;;;;;;;;;;;
458742;169452;2_Samuel 15:24;link;<BWR ;qal;702971;L<BWR ;Pred;;702972;MN&H<JR00;Cmpl;;;;;;;;;;;;;;;;;;;;;;;;;
458783;169634;2_Samuel 15:33;link;<BRT ;qal;703088;>M ;Conj;;703089;<BRT ;Pred;;703090;>TJ ;Adju;;;;;;;;;;;;;;;;;;;;;
458805;169735;2_Samuel 16:1;link;<BR ;qal;703157;W;Conj;;703158;DWD ;Subj;;703159;<BR ;Pred;;703160;M<V ;Modi;;703161;MHR># ;Cmpl;;;;;;;;;;;;;
458851;169972;2_Samuel 16:9;link;><BRH&;qal;703285;><BRH&;Pred;;703286;N> ;Intj;;;;;;;;;;;;;;;;;;;;;;;;;
458996;170687;2_Samuel 17:16;link;* <BWR ;qal;703722;W;Conj;;703723;GM ;Modi;;703724;<BWR ;Modi;;703725;* T<BWR ;Pred;;;;;;;;;;;;;;;;;
459021;170802;2_Samuel 17:20;link;<BRW ;qal;703803;<BRW ;Pred;;703804;MJKL HMJM ;Objc;;;;;;;;;;;;;;;;;;;;;;;;;
459032;170837;2_Samuel 17:21;link;<BRW ;qal;703828;W;Conj;;703829;<BRW ;Pred;;703830;MHRH ;Modi;;703831;>T&HMJM ;Objc;;;;;;;;;;;;;;;;;
459036;170857;2_Samuel 17:22;link;J<BRW ;qal;703842;W;Conj;;703843;J<BRW ;Pred;;703844;>T&HJRDN ;Objc;;;;;;;;;;;;;;;;;;;;;
459038;170871;2_Samuel 17:22;link;<BR ;qal;703849;>#R ;Rela;;703850;L>&;Nega;;703851;<BR ;Pred;;703852;>T&HJRDN00;Objc;;;;;;;;;;;;;;;;;
459049;170914;2_Samuel 17:24;link;<BR ;qal;703883;W;Conj;;703884;>B#LM HW> WKL&>J# J#R>L <MW00;Subj;;703885;<BR ;Pred;;703886;>T&HJRDN ;Objc;;;;;;;;;;;;;;;;;
459107;171310;2_Samuel 18:9;link;<BR00;qal;704074;W;Conj;;704075;HPRD ;Subj;;704078;<BR00;Pred;;;;;;;;;;;;;;;;;;;;;
459184;171663;2_Samuel 18:23;link;J<BR ;qal;704313;W;Conj;;704314;J<BR ;Pred;;704315;>T&HKW#J00;Objc;;;;;;;;;;;;;;;;;;;;;
459337;172407;2_Samuel 19:19;link;<BRH ;qal;704754;W;Conj;;704755;<BRH ;Pred;;704756;H<BRH ;Subj;;;;;;;;;;;;;;;;;;;;;
459342;172433;2_Samuel 19:19;link;<BRW ;qal;704768;B<BRW ;PreS;;704769;BJRDN00;Cmpl;;;;;;;;;;;;;;;;;;;;;;;;;
459407;172739;2_Samuel 19:32;link;J<BR ;qal;704971;W;Conj;;704972;J<BR ;Pred;;704973;>T&HMLK ;Cmpl;;704974;HJRDN ;Objc;;;;;;;;;;;;;;;;;
459414;172779;2_Samuel 19:34;link;<BR ;qal;704996;>TH ;Subj;;704997;<BR ;Pred;;704998;>TJ ;Cmpl;;;;;;;;;;;;;;;;;;;;;
459426;172847;2_Samuel 19:37;link;J<BR ;qal;705039;KM<V ;Adju;;705040;J<BR ;Pred;;705041;<BDK ;Subj;;705042;>T&HJRDN ;Objc;;705043;>T&HMLK ;Adju;;;;;;;;;;;;;
459430;172880;2_Samuel 19:38;link;J<BR ;qal;705055;W;Conj;;705056;HNH ;Intj;;705057;<BDK KMHM ;Subj;;705058;J<BR ;Pred;;705059;<M&>DNJ HMLK ;Cmpl;;;;;;;;;;;;;
459434;172898;2_Samuel 19:39;link;J<BR ;qal;705069;>TJ ;Adju;;705070;J<BR ;Pred;;705071;KMHM ;Subj;;;;;;;;;;;;;;;;;;;;;
459439;172917;2_Samuel 19:40;link;J<BR ;qal;705086;W;Conj;;705087;J<BR ;Pred;;705088;KL&H<M ;Subj;;705089;>T&HJRDN ;Objc;;;;;;;;;;;;;;;;;
459440;172927;2_Samuel 19:40;link;<BR ;qal;705090;W;Conj;;705091;HMLK ;Subj;;705092;<BR ;Pred;;;;;;;;;;;;;;;;;;;;;
459444;172941;2_Samuel 19:41;link;J<BR ;qal;705102;W;Conj;;705103;J<BR ;Pred;;705104;HMLK ;Subj;;705105;HGLGLH ;Cmpl;;;;;;;;;;;;;;;;;
459445;172948;2_Samuel 19:41;link;<BR ;qal;705106;W;Conj;;705107;KMHN ;Subj;;705108;<BR ;Pred;;705109;<MW ;Adju;;;;;;;;;;;;;;;;;
459536;173414;2_Samuel 20:13;link;<BR ;qal;705400;<BR ;Pred;;705401;KL&>J# ;Subj;;705402;>XRJ JW>B ;Cmpl;;;;;;;;;;;;;;;;;;;;;
459538;173426;2_Samuel 20:14;link;J<BR ;qal;705405;W;Conj;;705406;J<BR ;Pred;;705407;BKL&#BVJ J#R>L ;Adju;;705408;>BLH WBJT M<KH ;Cmpl;;;;;;;;;;;;;;;;;
459988;175532;2_Samuel 24:5;link;J<BRW ;qal;706622;W;Conj;;706623;J<BRW ;Pred;;706624;>T&HJRDN ;Objc;;;;;;;;;;;;;;;;;;;;;
460063;175913;2_Samuel 24:20;link;<BRJM ;qal;706858;<BRJM ;PreC;;706859;<LJW ;Cmpl;;;;;;;;;;;;;;;;;;;;;;;;;
460508;178167;1_Kings 2:37;link;<BRT ;qal;708210;W;Conj;;708211;<BRT ;Pred;;708212;>T&NXL QDRWN ;Objc;;;;;;;;;;;;;;;;;;;;;
461469;183850;1_Kings 9:8;link;<BR ;qal;711064;<BR ;PreC;;711065;<LJW ;Cmpl;;;;;;;;;;;;;;;;;;;;;;;;;
462102;187367;1_Kings 13:25;link;<BRJM ;qal;713063;W;Conj;;713064;HNH ;Intj;;713065;>N#JM ;Subj;;713066;<BRJM ;PreC;;;;;;;;;;;;;;;;;
462677;190432;1_Kings 18:6;link;<BR&;qal;714794;L<BR&;Pred;;714795;BH ;Cmpl;;;;;;;;;;;;;;;;;;;;;;;;;
462817;190984;1_Kings 18:29;link;<BR ;qal;715174;K<BR ;Pred;;715175;HYHRJM ;Subj;;;;;;;;;;;;;;;;;;;;;;;;;
462983;191632;1_Kings 19:11;link;<BR ;qal;715611;W;Conj;;715612;HNH ;Intj;;715613;JHWH ;Subj;;715614;<BR ;PreC;;;;;;;;;;;;;;;;;
463031;191845;1_Kings 19:19;link;J<BR ;qal;715750;W;Conj;;715751;J<BR ;Pred;;715752;>LJHW ;Subj;;715753;>LJW ;Cmpl;;;;;;;;;;;;;;;;;
463265;192860;1_Kings 20:39;link;<BR ;qal;716410;HMLK ;Subj;;716411;<BR ;PreC;;;;;;;;;;;;;;;;;;;;;;;;;
463573;194162;1_Kings 22:24;link;<BR ;qal;717289;>J&ZH ;Ques;;717290;<BR ;Pred;;717291;RWX&JHWH ;Subj;;717292;M>TJ ;Cmpl;;;;;;;;;;;;;;;;;
463626;194418;1_Kings 22:36;link;J<BR ;qal;717441;W;Conj;;717442;J<BR ;Pred;;717443;HRNH ;Subj;;717444;BMXNH ;Cmpl;;;;;;;;;;;;;;;;;
463856;195432;2_Kings 2:8;link;J<BRW ;qal;718103;W;Conj;;718104;J<BRW ;Pred;;718105;#NJHM ;Subj;;718106;BXRBH00;Cmpl;;;;;;;;;;;;;;;;;
463858;195440;2_Kings 2:9;link;<BRM ;qal;718109;K<BRM ;PreS;;;;;;;;;;;;;;;;;;;;;;;;;;;;;
463896;195586;2_Kings 2:14;link;J<BR ;qal;718211;W;Conj;;718212;J<BR ;Pred;;718213;>LJ#<00;Subj;;;;;;;;;;;;;;;;;;;;;
464124;196624;2_Kings 4:8;link;J<BR ;qal;718880;W;Conj;;718881;J<BR ;Pred;;718882;>LJ#< ;Subj;;718883;>L&#WNM ;Cmpl;;;;;;;;;;;;;;;;;
464129;196642;2_Kings 4:8;link;<BRW ;qal;718894;MDJ <BRW ;PreS;;;;;;;;;;;;;;;;;;;;;;;;;;;;;
464136;196660;2_Kings 4:9;link;<BR ;qal;718909;<BR ;PreC;;718910;<LJNW ;Cmpl;;718911;TMJD00;Time;;;;;;;;;;;;;;;;;;;;;
464254;197107;2_Kings 4:31;link;<BR ;qal;719225;W;Conj;;719226;GXZJ ;Subj;;719227;<BR ;Pred;;719228;LPNJHM ;Cmpl;;;;;;;;;;;;;;;;;
464548;198301;2_Kings 6:9;link;<BR ;qal;720040;M<BR ;Pred;;720041;HMQWM HZH ;Cmpl;;;;;;;;;;;;;;;;;;;;;;;;;
464650;198693;2_Kings 6:26;link;<BR ;qal;720315;MLK J#R>L ;Subj;;720316;<BR ;PreC;;720317;<L&HXMH ;Cmpl;;;;;;;;;;;;;;;;;;;;;
464675;198789;2_Kings 6:30;link;<BR ;qal;720378;W;Conj;;720379;HW> ;Subj;;720380;<BR ;PreC;;720381;<L&HXMH ;Cmpl;;;;;;;;;;;;;;;;;
464954;200018;2_Kings 8:21;link;J<BR ;qal;721176;W;Conj;;721177;J<BR ;Pred;;721178;JWRM ;Subj;;721179;Y<JRH ;Cmpl;;;;;;;;;;;;;;;;;
465488;202621;2_Kings 12:5;link;* <WBR ;qal;722696;>#R&;Rela;;722697;* JWB> ;Pred;;722698;BJT&JHWH ;Cmpl;;722699;KSP <WBR ;PrAd;;;;;;;;;;;;;;;;;
465701;203822;2_Kings 14:9;link;T<BR ;qal;723362;W;Conj;;723363;T<BR ;Pred;;723364;XJT H#DH ;Subj;;;;;;;;;;;;;;;;;;;;;
466172;206747;2_Kings 18:12;link;J<BRW ;qal;724891;W;Conj;;724892;J<BRW ;Pred;;724893;>T&BRJTW >T KL&;Objc;;;;;;;;;;;;;;;;;;;;;
467688;214860;Isaiah 8:8;link;<BR ;qal;729330;W;Conj;;729331;<BR ;Pred;;;;;;;;;;;;;;;;;;;;;;;;;
467743;215079;Isaiah 8:21;link;<BR ;qal;729474;W;Conj;;729475;<BR ;Pred;;729476;BH ;Cmpl;;;;;;;;;;;;;;;;;;;;;
467934;215998;Isaiah 10:28;link;<BR ;qal;730052;<BR ;Pred;;730053;BMGRWN ;Cmpl;;;;;;;;;;;;;;;;;;;;;;;;;
467936;216005;Isaiah 10:29;link;<BRW ;qal;730057;<BRW ;Pred;;730058;M<BRH ;Cmpl;;;;;;;;;;;;;;;;;;;;;;;;;
468296;217584;Isaiah 16:8;link;<BRW ;qal;731073;<BRW ;Pred;;731074;JM00;Objc;;;;;;;;;;;;;;;;;;;;;;;;;
468700;219422;Isaiah 23:2;link;<BR ;qal;732146;<BR ;PreC;;732147;JM ;Objc;;;;;;;;;;;;;;;;;;;;;;;;;
468714;219468;Isaiah 23:6;link;<BRW ;qal;732179;<BRW ;Pred;;732180;TR#J#H ;Cmpl;;;;;;;;;;;;;;;;;;;;;;;;;
468727;219513;Isaiah 23:10;link;<BRJ ;qal;732208;<BRJ ;Pred;;732209;>RYK ;Cmpl;;732210;KJ>R ;Adju;;;;;;;;;;;;;;;;;;;;;
468738;219551;Isaiah 23:12;link;<BRJ ;qal;732232;KTJM ;Cmpl;;732234;<BRJ ;Pred;;;;;;;;;;;;;;;;;;;;;;;;;
468793;219761;Isaiah 24:5;link;<BRW ;qal;732364;KJ&;Conj;;732365;<BRW ;Pred;;732366;TWRT ;Objc;;;;;;;;;;;;;;;;;;;;;
468985;220524;Isaiah 26:20;link;J<BR&;qal;732836;<D&;Conj;;732837;J<BR&;Pred;;732838;Z<M00;Subj;;;;;;;;;;;;;;;;;;;;;
469105;221065;Isaiah 28:15;link;J<BR ;qal;733149;KJ&;Conj;;733150;J<BR ;Pred;;;;;;;;;;;;;;;;;;;;;;;;;
469120;221129;Isaiah 28:18;link;J<BR ;qal;733195;KJ ;Conj;;733196;J<BR ;Pred;;;;;;;;;;;;;;;;;;;;;;;;;
469122;221137;Isaiah 28:19;link;<BRW ;qal;733201;MDJ <BRW ;PreS;;;;;;;;;;;;;;;;;;;;;;;;;;;;;
469124;221147;Isaiah 28:19;link;J<BR ;qal;733204;KJ&;Conj;;733205;BBQR BBQR ;Time;;733206;J<BR ;Pred;;733207;BJWM WBLJLH ;Time;;;;;;;;;;;;;;;;;
469184;221388;Isaiah 29:5;link;<BR ;qal;733378;W;Conj;;733379;KMY <BR ;PreC;;733380;HMWN <RJYJM ;Subj;;;;;;;;;;;;;;;;;;;;;
469463;222635;Isaiah 31:9;link;J<BWR ;qal;734174;W;Conj;;734175;SL<W ;Subj;;734176;MMGWR ;Cmpl;;734177;J<BWR ;Pred;;;;;;;;;;;;;;;;;
469565;223017;Isaiah 33:8;link;* <BR ;qal;734428;* #BT ;Pred;;734429;<BR >RX ;Subj;;;;;;;;;;;;;;;;;;;;;;;;;
469628;223208;Isaiah 33:21;link;J<BRNW00;qal;734570;W;Conj;;734571;YJ >DJR ;Subj;;734572;L> ;Nega;;734573;J<BRNW00;PreO;;;;;;;;;;;;;;;;;
469681;223426;Isaiah 34:10;link;<BR ;qal;734714;LNYX NYXJM ;Time;;734715;>JN ;NCop;;734716;<BR ;PreC;;734717;BH00;Cmpl;;;;;;;;;;;;;;;;;
469742;223677;Isaiah 35:8;link;J<BRNW ;qal;734890;L>&;Nega;;734891;J<BRNW ;PreO;;734892;VM> ;Subj;;;;;;;;;;;;;;;;;;;;;
470254;225993;Isaiah 40:27;link;J<BWR00;qal;736345;W;Conj;;736346;M>LHJ ;Adju;;736347;M#PVJ ;Subj;;736348;J<BWR00;Pred;;;;;;;;;;;;;;;;;
470286;226094;Isaiah 41:3;link;J<BWR ;qal;736429;J<BWR ;Pred;;736430;#LWM ;Modi;;736431;>RX ;Objc;;;;;;;;;;;;;;;;;;;;;
470552;226945;Isaiah 43:2;link;T<BR ;qal;737063;KJ&;Conj;;737064;T<BR ;Pred;;737065;BMJM ;Cmpl;;;;;;;;;;;;;;;;;;;;;
470905;228100;Isaiah 45:14;link;J<BRW ;qal;737952;JGJ< MYRJM WSXR&KW# WSB>JM >N#J MDH ;Subj;;737953;<LJK ;Cmpl;;737954;J<BRW ;Pred;;;;;;;;;;;;;;;;;;;;;
470908;228109;Isaiah 45:14;link;J<BRW ;qal;737960;BZQJM ;Adju;;737961;J<BRW ;Pred;;;;;;;;;;;;;;;;;;;;;;;;;
471053;228545;Isaiah 47:2;link;<BRJ ;qal;738306;<BRJ ;Pred;;738307;NHRWT00;Objc;;;;;;;;;;;;;;;;;;;;;;;;;
471487;230038;Isaiah 51:10;link;<BR ;qal;739429;L<BR ;Pred;;739430;G>WLJM00;Subj;;;;;;;;;;;;;;;;;;;;;;;;;
471555;230277;Isaiah 51:23;link;N<BRH ;qal;739585;W;Conj;;739586;N<BRH ;Pred;;;;;;;;;;;;;;;;;;;;;;;;;
471557;230290;Isaiah 51:23;link;* <BRJM00;qal;739591;W;Conj;;739592;KXWY ;Cmpl;;739593;L<BRJM00;Adju;;;;;;;;;;;;;;;;;;;;;
471729;230897;Isaiah 54:9;link;<BR ;qal;740047;M<BR ;Pred;;740048;MJ&NX ;Subj;;740049;<WD ;Modi;;740050;<L&H>RY ;Cmpl;;;;;;;;;;;;;;;;;
472243;232857;Isaiah 60:15;link;<WBR ;qal;741427;W;Conj;;741428;>JN ;NCop;;741429;<WBR ;PreC;;;;;;;;;;;;;;;;;;;;;
472367;233393;Isaiah 62:10;link;<BRW ;qal;741800;<BRW ;Pred;;;;;;;;;;;;;;;;;;;;;;;;;;;;;
472368;233394;Isaiah 62:10;link;<BRW ;qal;741801;<BRW ;Pred;;741802;B#<RJM ;Cmpl;;;;;;;;;;;;;;;;;;;;;;;;;
472871;235455;Jeremiah 2:6;link;<BR ;qal;743171;L>&;Nega;;743172;<BR ;Pred;;743173;BH ;Cmpl;;743174;>J# ;Subj;;;;;;;;;;;;;;;;;
472888;235527;Jeremiah 2:10;link;<BRW ;qal;743223;KJ ;Conj;;743224;<BRW ;Pred;;743225;>JJ KTJJM ;Cmpl;;;;;;;;;;;;;;;;;;;;;
472935;235694;Jeremiah 2:20;link;><BWR ;qal;743346;L> ;Nega;;743347;><BWR ;Pred;;;;;;;;;;;;;;;;;;;;;;;;;
473405;237510;Jeremiah 5:22;link;J<BRNHW ;qal;744578;W;Conj;;744579;L> ;Nega;;744580;J<BRNHW ;PreO;;;;;;;;;;;;;;;;;;;;;
473409;237521;Jeremiah 5:22;link;J<BRNHW00;qal;744589;W;Conj;;744590;L> ;Nega;;744591;J<BRNHW00;PreO;;;;;;;;;;;;;;;;;;;;;
473431;237597;Jeremiah 5:28;link;<BRW ;qal;744645;GM ;Modi;;744646;<BRW ;Pred;;744647;DBRJ&R< ;Objc;;;;;;;;;;;;;;;;;;;;;
473803;239240;Jeremiah 8:13;link;J<BRWM00;qal;745678;J<BRWM00;PreO;;;;;;;;;;;;;;;;;;;;;;;;;;;;;
473830;239348;Jeremiah 8:20;link;<BR ;qal;745753;<BR ;Pred;;745754;QYJR ;Objc;;;;;;;;;;;;;;;;;;;;;;;;;
473884;239555;Jeremiah 9:9;link;<BR ;qal;745903;MBLJ&;Conj;;745904;>J# ;Subj;;745905;<BR ;PreC;;;;;;;;;;;;;;;;;;;;;
473895;239615;Jeremiah 9:11;link;* <BR00;qal;745937;* NYTH ;Pred;;745938;KMDBR ;Adju;;745939;MBLJ <BR00;Adju;;;;;;;;;;;;;;;;;;;;;
474139;240661;Jeremiah 11:15;link;J<BRW ;qal;746608;W;Conj;;746609;B#R&QD# ;Objc;;746610;J<BRW ;Pred;;746611;M<LJK ;Cmpl;;;;;;;;;;;;;;;;;
474372;241628;Jeremiah 13:24;link;<WBR ;qal;747247;<WBR ;PreC;;747248;LRWX MDBR00;Cmpl;;;;;;;;;;;;;;;;;;;;;;;;;
474886;243947;Jeremiah 18:16;link;<WBR ;qal;748701;<WBR ;PreC;;748702;<LJH ;Cmpl;;;;;;;;;;;;;;;;;;;;;;;;;
474960;244321;Jeremiah 19:8;link;<BR ;qal;748923;<BR ;PreC;;748924;<LJH ;Cmpl;;;;;;;;;;;;;;;;;;;;;;;;;
475178;245451;Jeremiah 22:8;link;<BRW ;qal;749559;W;Conj;;749560;<BRW ;Pred;;749561;GWJM RBJM ;Subj;;749562;<L H<JR HZ>T ;Cmpl;;;;;;;;;;;;;;;;;
475331;246100;Jeremiah 23:9;link;<BRW ;qal;749984;<BRW ;PreO;;749985;JJN ;Subj;;;;;;;;;;;;;;;;;;;;;;;;;
476603;252868;Jeremiah 33:13;link;T<BRNH ;qal;753636;B<RJ HHR B<RJ H#PLH WB<RJ HNGB WB>RY BNJMN WBSBJBJ JRW#LM WB<RJ JHWDH ;Loca;;753637;<D ;Modi;;753638;T<BRNH ;Pred;;753639;HY>N ;Subj;;753640;<L&JDJ MWNH ;Cmpl;;;;;;;;;;;;;
476743;253596;Jeremiah 34:18;link;<BRJM ;qal;754050;H;Rela;;754051;<BRJM ;PreC;;754052;>T&BRTJ ;Objc;;;;;;;;;;;;;;;;;;;;;
476747;253617;Jeremiah 34:18;link;J<BRW ;qal;754064;W;Conj;;754065;J<BRW ;Pred;;754066;BJN BTRJW00;Cmpl;;;;;;;;;;;;;;;;;;;;;
476749;253636;Jeremiah 34:19;link;<BRJM ;qal;754068;H;Rela;;754069;<BRJM ;PreC;;754070;BJN BTRJ H<GL00;Cmpl;;;;;;;;;;;;;;;;;;;;;
477408;257589;Jeremiah 41:10;link;<BR ;qal;756163;L<BR ;Pred;;756164;>L&BNJ <MWN00;Cmpl;;;;;;;;;;;;;;;;;;;;;;;;;
478065;260825;Jeremiah 48:32;link;<BRW ;qal;757986;NVJ#TJK ;Subj;;757987;<BRW ;Pred;;757988;JM ;Cmpl;;;;;;;;;;;;;;;;;;;;;
478216;261424;Jeremiah 49:17;link;<BR ;qal;758380;<BR ;PreC;;758381;<LJH ;Cmpl;;;;;;;;;;;;;;;;;;;;;;;;;
478377;262090;Jeremiah 50:13;link;<BR ;qal;758798;<BR ;PreC;;758799;<L&BBL ;Cmpl;;;;;;;;;;;;;;;;;;;;;;;;;
478711;263467;Jeremiah 51:43;link;J<BR ;qal;759672;W;Conj;;759673;L>&;Nega;;759674;J<BR ;Pred;;759675;BHN ;Cmpl;;759676;BN&>DM00;Subj;;;;;;;;;;;;;
479357;266737;Ezekiel 5:14;link;* <WBR00;qal;761571;W;Conj;;761572;* >TNK ;PreO;;761573;LXRBH WLXRPH BGWJM ;Cmpl;;761576;L<JNJ KL&<WBR00;Adju;;;;;;;;;;;;;;;;;
479371;266807;Ezekiel 5:17;link;J<BR&;qal;761613;W;Conj;;761614;DBR WDM ;Subj;;761615;J<BR&;Pred;;761616;BK ;Cmpl;;;;;;;;;;;;;;;;;
479670;268157;Ezekiel 9:4;link;<BR ;qal;762486;<BR ;Pred;;762487;BTWK H<JR BTWK JRW#LM ;Cmpl;;;;;;;;;;;;;;;;;;;;;;;;;
479676;268191;Ezekiel 9:5;link;<BRW ;qal;762505;<BRW ;Pred;;762506;B<JR ;Cmpl;;762507;>XRJW ;Cmpl;;;;;;;;;;;;;;;;;;;;;
480236;270667;Ezekiel 14:15;link;<WBR ;qal;764098;MBLJ <WBR ;PreC;;764099;MPNJ HXJH00;Adju;;;;;;;;;;;;;;;;;;;;;;;;;
480246;270710;Ezekiel 14:17;link;T<BR ;qal;764124;XRB ;Subj;;764125;T<BR ;Pred;;764126;B>RY ;Cmpl;;;;;;;;;;;;;;;;;;;;;
480333;271099;Ezekiel 16:6;link;><BR ;qal;764377;W;Conj;;764378;><BR ;Pred;;764379;<LJK ;Cmpl;;;;;;;;;;;;;;;;;;;;;
480347;271144;Ezekiel 16:8;link;><BR ;qal;764412;W;Conj;;764413;><BR ;Pred;;764414;<LJK ;Cmpl;;;;;;;;;;;;;;;;;;;;;
480380;271290;Ezekiel 16:15;link;* <WBR ;qal;764515;W;Conj;;764516;* T#PKJ ;Pred;;764517;>T&TZNWTJK ;Objc;;764518;<L&KL&<WBR ;Cmpl;;;;;;;;;;;;;;;;;
480418;271454;Ezekiel 16:25;link;* <WBR ;qal;764625;W;Conj;;764626;* TP#QJ ;Pred;;764627;>T&RGLJK ;Objc;;764628;LKL&<WBR ;Adju;;;;;;;;;;;;;;;;;
482170;279034;Ezekiel 29:11;link;T<BR&;qal;769538;L> ;Nega;;769539;T<BR&;Pred;;769540;BH ;Cmpl;;769541;RGL >DM ;Subj;;;;;;;;;;;;;;;;;
482171;279042;Ezekiel 29:11;link;T<BR&;qal;769542;W;Conj;;769543;RGL BHMH ;Subj;;769544;L> ;Nega;;769545;T<BR&;Pred;;769546;BH ;Cmpl;;;;;;;;;;;;;
482675;281393;Ezekiel 33:28;link;* <WBR00;qal;771011;W;Conj;;771012;* #MMW ;Pred;;771013;HRJ J#R>L ;Subj;;771014;M>JN <WBR00;Adju;;;;;;;;;;;;;;;;;
482865;282258;Ezekiel 35:7;link;* <BR ;qal;771581;W;Conj;;771582;* HKRTJ ;Pred;;771583;MMNW ;Cmpl;;771584;<BR W#B00;Objc;;;;;;;;;;;;;;;;;
483063;283106;Ezekiel 36:34;link;* <WBR00;qal;772126;TXT >#R ;Conj;;772127;* HJTH ;Pred;;772128;* #MMH ;PreC;;772129;L<JNJ KL&<WBR00;Adju;;;;;;;;;;;;;;;;;
483378;284555;Ezekiel 39:11;link;* <BRJM ;qal;773009;* >TN ;Pred;;773010;LGWG ;Cmpl;;773011;MQWM&;Objc;;773014;GJ H<BRJM QDMT HJM ;Objc;;;;;;;;;;;;;;;;;
483380;284564;Ezekiel 39:11;link;* <BRJM ;qal;773015;W;Conj;;773016;* XSMT ;PreC;;773017;HJ> ;Subj;;773018;>T&H<BRJM ;Objc;;;;;;;;;;;;;;;;;
483390;284610;Ezekiel 39:14;link;<BRJM ;qal;773045;<BRJM ;PreC;;773046;B>RY ;Cmpl;;;;;;;;;;;;;;;;;;;;;;;;;
483391;284617;Ezekiel 39:14;link;* <BRJM ;qal;773047;* MQBRJM ;PreC;;773048;>T&H<BRJM >T&HNWTRJM <L&PNJ H>RY ;Objc;;;;;;;;;;;;;;;;;;;;;;;;;
483394;284633;Ezekiel 39:15;link;<BRW ;qal;773052;W;Conj;;773053;<BRW ;Pred;;773054;H<BRJM ;Subj;;773055;B>RY ;Cmpl;;;;;;;;;;;;;;;;;
484243;289767;Ezekiel 47:5;link;<BR ;qal;775520;L<BR ;Pred;;;;;;;;;;;;;;;;;;;;;;;;;;;;;
484776;292311;Hosea 6:7;link;<BRW ;qal;777031;W;Conj;;777032;HMH ;Subj;;777033;K>DM ;Adju;;777034;<BRW ;Pred;;777035;BRJT ;Objc;;;;;;;;;;;;;
484855;292606;Hosea 8:1;link;<BRW ;qal;777247;J<N ;Conj;;777248;<BRW ;Pred;;777249;BRJTJ ;Objc;;;;;;;;;;;;;;;;;;;;;
485034;293218;Hosea 10:11;link;<BRTJ ;qal;777693;W;Conj;;777694;>NJ ;Subj;;777695;<BRTJ ;Pred;;777696;<L&VWB YW>RH ;Cmpl;;;;;;;;;;;;;;;;;
485558;295294;Joel 4:17;link;J<BRW&;qal;779093;W;Conj;;779094;ZRJM ;Subj;;779095;L>&;Nega;;779096;J<BRW&;Pred;;779097;BH ;Cmpl;;779098;<WD00;Modi;;;;;;;;;
485836;296573;Amos 5:5;link;T<BRW ;qal;779923;W;Conj;;779924;B>R #B< ;Cmpl;;779925;L> ;Nega;;779926;T<BRW ;Pred;;;;;;;;;;;;;;;;;
485890;296785;Amos 5:17;link;><BR ;qal;780078;KJ&;Conj;;780079;><BR ;Pred;;780080;BQRBK ;Cmpl;;;;;;;;;;;;;;;;;;;;;
485928;296948;Amos 6:2;link;<BRW ;qal;780188;<BRW ;Pred;;780189;KLNH ;Cmpl;;;;;;;;;;;;;;;;;;;;;;;;;
486023;297315;Amos 7:8;link;<BWR ;qal;780443;<BWR ;Pred;;780444;LW00;Cmpl;;;;;;;;;;;;;;;;;;;;;;;;;
486075;297531;Amos 8:2;link;<BWR ;qal;780598;<BWR ;Pred;;780599;LW00;Cmpl;;;;;;;;;;;;;;;;;;;;;;;;;
486085;297566;Amos 8:5;link;J<BR ;qal;780619;MTJ ;Ques;;780620;J<BR ;Pred;;780621;HXD# ;Subj;;;;;;;;;;;;;;;;;;;;;
486397;298977;Jonah 2:4;link;<BRW00;qal;781549;KL&M#BRJK WGLJK ;Subj;;781550;<LJ ;Cmpl;;781551;<BRW00;Pred;;;;;;;;;;;;;;;;;;;;;
486571;299715;Micah 1:11;link;<BRJ ;qal;782036;<BRJ ;Pred;;782037;LKM ;Adju;;782039;<RJH&B#T ;Adju;;;;;;;;;;;;;;;;;;;;;
486630;299941;Micah 2:8;link;* <BRJM ;qal;782194;M<BRJM BVX #WBJ MLXMH00;Adju;;;;;;;;;;;;;;;;;;;;;;;;;;;;;
486651;300025;Micah 2:13;link;J<BRW ;qal;782242;W;Conj;;782243;J<BRW ;Pred;;782244;#<R ;Objc;;;;;;;;;;;;;;;;;;;;;
486653;300031;Micah 2:13;link;J<BR ;qal;782248;W;Conj;;782249;J<BR ;Pred;;782250;MLKM ;Subj;;782251;LPNJHM ;Cmpl;;;;;;;;;;;;;;;;;
486815;300748;Micah 5:7;link;<BR ;qal;782714;>M ;Conj;;782715;<BR ;Pred;;;;;;;;;;;;;;;;;;;;;;;;;
486979;301384;Micah 7:18;link;<BR ;qal;783149;W;Conj;;783150;<BR ;PreC;;783151;<L&P#< ;Cmpl;;783152;L#>RJT NXLTW ;Adju;;;;;;;;;;;;;;;;;
487020;301544;Nahum 1:8;link;* <BR ;qal;783253;W;Conj;;783254;B#VP <BR ;Adju;;783255;KLH ;Objc;;783256;* J<#H ;Pred;;783257;MQWMH ;Objc;;;;;;;;;;;;;
487035;301596;Nahum 1:12;link;<BR ;qal;783299;W;Conj;;783300;<BR ;Pred;;;;;;;;;;;;;;;;;;;;;;;;;
487052;301649;Nahum 2:1;link;<BR&;qal;783343;L<BR&;Pred;;783344;BK ;Cmpl;;;;;;;;;;;;;;;;;;;;;;;;;
487194;302167;Nahum 3:19;link;<BRH ;qal;783704;KJ ;Conj;;783705;<L&MJ ;Cmpl;;783706;L>&;Nega;;783707;<BRH ;Pred;;783708;R<TK ;Subj;;783709;TMJD00;Time;;;;;;;;;
487242;302340;Habakkuk 1:11;link;J<BR ;qal;783834;W;Conj;;783835;J<BR ;Pred;;;;;;;;;;;;;;;;;;;;;;;;;
487411;302918;Habakkuk 3:10;link;<BR ;qal;784259;ZRM MJM ;Subj;;784260;<BR ;Pred;;;;;;;;;;;;;;;;;;;;;;;;;
487525;303470;Zephaniah 2:2;link;<BR ;qal;784564;KMY ;Adju;;784565;<BR ;Pred;;784566;JWM ;Subj;;;;;;;;;;;;;;;;;;;;;
487590;303735;Zephaniah 2:15;link;<WBR ;qal;784730;<WBR ;PreC;;784731;<LJH ;Cmpl;;;;;;;;;;;;;;;;;;;;;;;;;
487614;303818;Zephaniah 3:6;link;* <WBR ;qal;784788;* HXRBTJ ;Pred;;784789;XWYWTM ;Objc;;784790;MBLJ <WBR ;Adju;;;;;;;;;;;;;;;;;;;;;
488316;306956;Zechariah 7:14;link;* <BR ;qal;786612;W;Conj;;786613;H>RY ;Subj;;786614;* N#MH ;Pred;;786615;>XRJHM ;Cmpl;;786616;M<BR WM#B ;Adju;;;;;;;;;;;;;
488447;307590;Zechariah 9:8;link;* <BR ;qal;786975;W;Conj;;786976;* XNJTJ ;Pred;;786977;LBJTJ ;Cmpl;;786978;MYBH ;Adju;;786979;M<BR WM#B ;Adju;;;;;;;;;;;;;
488448;307596;Zechariah 9:8;link;J<BR ;qal;786980;W;Conj;;786981;L>&;Nega;;786982;J<BR ;Pred;;786983;<LJHM ;Cmpl;;786984;<WD ;Modi;;786985;NG# ;Subj;;;;;;;;;
488544;307979;Zechariah 10:11;link;<BR ;qal;787248;W;Conj;;787249;<BR ;Pred;;787250;BJM ;Cmpl;;787251;YRH ;Adju;;;;;;;;;;;;;;;;;
489388;311534;Psalms 8:9;link;<BR ;qal;789550;<BR ;PreC;;789551;>RXWT JMJM00;Objc;;;;;;;;;;;;;;;;;;;;;;;;;
489685;312507;Psalms 17:3;link;J<BR&;qal;790242;BL&;Nega;;790243;J<BR&;Pred;;790244;PJ00;Subj;;;;;;;;;;;;;;;;;;;;;
489766;312785;Psalms 18:13;link;<BRW ;qal;790430;MNGH NGDW ;Cmpl;;790431;<BJW ;Subj;;790432;<BRW ;Pred;;;;;;;;;;;;;;;;;;;;;
490865;316561;Psalms 37:36;link;J<BR ;qal;793122;W;Conj;;793123;J<BR ;Pred;;;;;;;;;;;;;;;;;;;;;;;;;
490890;316647;Psalms 38:5;link;<BRW ;qal;793188;KJ ;Conj;;793189;<WNTJ ;Subj;;793190;<BRW ;Pred;;793191;R>#J ;Objc;;;;;;;;;;;;;;;;;
491136;317418;Psalms 42:5;link;><BR ;qal;793770;KJ ;Conj;;793771;><BR ;Pred;;793772;BSK ;Adju;;;;;;;;;;;;;;;;;;;;;
491147;317474;Psalms 42:8;link;<BRW00;qal;793799;KL&M#BRJK WGLJK ;Subj;;793800;<LJ ;Cmpl;;793801;<BRW00;Pred;;;;;;;;;;;;;;;;;;;;;
491377;318320;Psalms 48:5;link;<BRW ;qal;794357;<BRW ;Pred;;794358;JXDW00;Modi;;;;;;;;;;;;;;;;;;;;;;;;;
491810;319786;Psalms 57:2;link;J<BR ;qal;795421;<D ;Conj;;795422;J<BR ;Pred;;795423;HWWT00;Subj;;;;;;;;;;;;;;;;;;;;;
492191;321002;Psalms 66:6;link;J<BRW ;qal;796267;BNHR ;Cmpl;;796268;J<BRW ;Pred;;796269;BRGL ;Adju;;;;;;;;;;;;;;;;;;;;;
492660;322575;Psalms 73:7;link;<BRW ;qal;797368;<BRW ;Pred;;797369;M#KJWT LBB00;Subj;;;;;;;;;;;;;;;;;;;;;;;;;
493171;324511;Psalms 80:13;link;* <BRJ ;qal;798719;W;Conj;;798720;* >RWH ;PreO;;798721;KL&<BRJ DRK00;Subj;;;;;;;;;;;;;;;;;;;;;
493213;324645;Psalms 81:7;link;T<BRNH00;qal;798803;KPJW ;Subj;;798804;MDWD ;Cmpl;;798805;T<BRNH00;Pred;;;;;;;;;;;;;;;;;;;;;
493332;325061;Psalms 84:7;link;<BRJ ;qal;799082;<BRJ ;PreC;;799083;B<MQ HBK> ;Cmpl;;;;;;;;;;;;;;;;;;;;;;;;;
493524;325690;Psalms 88:17;link;<BRW ;qal;799521;<LJ ;Cmpl;;799522;<BRW ;Pred;;799523;XRWNJK ;Subj;;;;;;;;;;;;;;;;;;;;;
493629;326101;Psalms 89:42;link;* <BRJ ;qal;799810;* #SHW ;PreO;;799811;KL&<BRJ DRK ;Subj;;;;;;;;;;;;;;;;;;;;;;;;;
493674;326257;Psalms 90:4;link;J<BR ;qal;799915;KJ ;Conj;;799916;J<BR ;Pred;;;;;;;;;;;;;;;;;;;;;;;;;
494200;328144;Psalms 103:16;link;<BRH&;qal;801196;KJ ;Conj;;801197;RWX ;Subj;;801198;<BRH&;Pred;;801199;BW ;Cmpl;;;;;;;;;;;;;;;;;
494243;328300;Psalms 104:9;link;J<BRWN ;qal;801298;BL&;Nega;;801299;J<BRWN ;Pred;;;;;;;;;;;;;;;;;;;;;;;;;
495547;332943;Psalms 124:4;link;<BR ;qal;804552;NXLH ;Subj;;804553;<BR ;Pred;;804554;<L&NP#NW00;Cmpl;;;;;;;;;;;;;;;;;;;;;
495548;332947;Psalms 124:5;link;<BR ;qal;804555;>ZJ ;Modi;;804556;<BR ;Pred;;804557;<L&NP#NW ;Cmpl;;804558;HMJM HZJDWNJM00;Subj;;;;;;;;;;;;;;;;;
495643;333308;Psalms 129:8;link;* <BRJM ;qal;804791;W;Conj;;804792;L> ;Nega;;804793;* >MRW ;Pred;;804794;H<BRJM ;Subj;;;;;;;;;;;;;;;;;
496062;334814;Psalms 141:10;link;><BWR00;qal;805814;<D&;Conj;;805815;><BWR00;Pred;;;;;;;;;;;;;;;;;;;;;;;;;
496149;335098;Psalms 144:4;link;<WBR00;qal;806024;JMJW ;Subj;;806025;KYL <WBR00;PreC;;;;;;;;;;;;;;;;;;;;;;;;;
496343;335786;Psalms 148:6;link;J<BWR00;qal;806488;W;Conj;;806489;L> ;Nega;;806490;J<BWR00;Pred;;;;;;;;;;;;;;;;;;;;;
496807;337705;Job 6:15;link;J<BRW00;qal;807809;K>PJQ NXLJM ;Adju;;807810;J<BRW00;Pred;;;;;;;;;;;;;;;;;;;;;;;;;
496996;338355;Job 9:11;link;J<BR ;qal;808328;HN ;Intj;;808329;J<BR ;Pred;;808330;<LJ ;Cmpl;;;;;;;;;;;;;;;;;;;;;
497182;338953;Job 11:16;link;<BRW ;qal;808823;<BRW ;Pred;;;;;;;;;;;;;;;;;;;;;;;;;;;;;
497295;339358;Job 13:13;link;J<BR ;qal;809128;W;Conj;;809129;J<BR ;Pred;;809130;<LJ ;Cmpl;;;;;;;;;;;;;;;;;;;;;
497349;339550;Job 14:5;link;J<BWR00;qal;809275;W;Conj;;809276;L> ;Nega;;809277;J<BWR00;Pred;;;;;;;;;;;;;;;;;;;;;
497452;339904;Job 15:19;link;<BR ;qal;809564;W;Conj;;809565;L>&;Nega;;809566;<BR ;Pred;;809567;ZR ;Subj;;809568;BTWKM00;Cmpl;;;;;;;;;;;;;
497585;340385;Job 17:11;link;<BRW ;qal;809940;JMJ ;Subj;;809941;<BRW ;Pred;;;;;;;;;;;;;;;;;;;;;;;;;
497669;340683;Job 19:8;link;><BWR ;qal;810177;W;Conj;;810178;L> ;Nega;;810179;><BWR ;Pred;;;;;;;;;;;;;;;;;;;;;
497875;341424;Job 21:29;link;* <WBRJ ;qal;810750;H;Ques;;810751;L> ;Nega;;810752;* #>LTM ;Pred;;810753;<WBRJ DRK ;Objc;;;;;;;;;;;;;;;;;
498368;343236;Job 30:15;link;<BRH ;qal;812153;W;Conj;;812154;K<B ;Adju;;812155;<BRH ;Pred;;812156;J#<TJ00;Subj;;;;;;;;;;;;;;;;;
498620;344194;Job 33:18;link;<BR ;qal;812886;M<BR ;Pred;;812887;B#LX00;Cmpl;;;;;;;;;;;;;;;;;;;;;;;;;
498649;344298;Job 33:28;link;<BR ;qal;812964;M<BR ;Pred;;812965;B#XT ;Cmpl;;;;;;;;;;;;;;;;;;;;;;;;;
498720;344540;Job 34:20;link;J<BRW ;qal;813150;W;Conj;;813151;J<BRW ;Pred;;;;;;;;;;;;;;;;;;;;;;;;;
498843;344988;Job 36:12;link;J<BRW ;qal;813499;B#LX ;Adju;;813500;J<BRW ;Pred;;;;;;;;;;;;;;;;;;;;;;;;;
498951;345395;Job 37:21;link;<BRH ;qal;813799;W;Conj;;813800;RWX ;Subj;;813801;<BRH ;Pred;;;;;;;;;;;;;;;;;;;;;
499596;347900;Proverbs 4:15;link;T<BR&;qal;815588;>L&;Nega;;815589;T<BR&;Pred;;815590;BW ;Cmpl;;;;;;;;;;;;;;;;;;;;;
499598;347906;Proverbs 4:15;link;<BWR00;qal;815593;W;Conj;;815594;<BWR00;Pred;;;;;;;;;;;;;;;;;;;;;;;;;
499797;348638;Proverbs 7:8;link;<BR ;qal;816107;<BR ;PreC;;816108;B#WQ ;Cmpl;;816109;>YL PNH ;Adju;;;;;;;;;;;;;;;;;;;;;
499911;349089;Proverbs 8:29;link;J<BRW&;qal;816392;W;Conj;;816393;MJM ;Subj;;816394;L> ;Nega;;816395;J<BRW&;Pred;;816396;PJW ;Objc;;;;;;;;;;;;;
499978;349290;Proverbs 9:15;link;* <BRJ&;qal;816552;* LQR> ;Pred;;816553;L<BRJ&DRK ;Cmpl;;;;;;;;;;;;;;;;;;;;;;;;;
500049;349541;Proverbs 10:25;link;<BWR ;qal;816729;K<BWR ;Pred;;816730;SWPH ;Subj;;;;;;;;;;;;;;;;;;;;;;;;;
500689;351938;Proverbs 19:11;link;<BR ;qal;818420;<BR ;Pred;;818421;<L&P#<00;Cmpl;;;;;;;;;;;;;;;;;;;;;;;;;
500896;352725;Proverbs 22:3;link;<BRW ;qal;818936;W;Conj;;818937;PTJJM ;Subj;;818938;<BRW ;Pred;;;;;;;;;;;;;;;;;;;;;
501144;353653;Proverbs 24:30;link;<BRTJ ;qal;819610;<L&#DH >J#&<YL ;Cmpl;;819611;<BRTJ ;Pred;;;;;;;;;;;;;;;;;;;;;;;;;
501255;354108;Proverbs 26:10;link;* <BRJM00;qal;819890;W;Conj;;819891;* #KR ;PreC;;819892;<BRJM00;Objc;;;;;;;;;;;;;;;;;;;;;
501271;354169;Proverbs 26:17;link;* <BR ;qal;819929;<BR ;Subj;;;;;;;;;;;;;;;;;;;;;;;;;;;;;
501336;354404;Proverbs 27:12;link;<BRW ;qal;820093;PT>JM ;Subj;;820094;<BRW ;Pred;;;;;;;;;;;;;;;;;;;;;;;;;
501882;356385;Ruth 2:8;link;T<BWRJ ;qal;821511;W;Conj;;821512;GM ;Modi;;821513;L> ;Nega;;821514;T<BWRJ ;Pred;;821515;MZH ;Cmpl;;;;;;;;;;;;;
502088;357122;Ruth 4:1;link;<BR ;qal;822070;W;Conj;;822071;HNH ;Intj;;822072;HG>L ;Subj;;822073;<BR ;PreC;;;;;;;;;;;;;;;;;
502280;357912;Song_of_songs 2:11;link;<BR ;qal;822591;KJ&;Conj;;822592;HNH ;Intj;;822593;HSTJW ;Subj;;822594;<BR ;Pred;;;;;;;;;;;;;;;;;
502323;358069;Song_of_songs 3:4;link;<BRTJ ;qal;822695;#;Rela;;822696;<BRTJ ;Pred;;822697;MHM ;Cmpl;;;;;;;;;;;;;;;;;;;;;
502442;358518;Song_of_songs 5:5;link;* <BR ;qal;822957;W;Conj;;822958;>YB<TJ ;Subj;;822959;MWR <BR ;Objc;;822960;<L KPWT HMN<WL00;Adju;;;;;;;;;;;;;;;;;
502445;358530;Song_of_songs 5:6;link;<BR ;qal;822967;<BR ;Pred;;;;;;;;;;;;;;;;;;;;;;;;;;;;;
502477;358632;Song_of_songs 5:13;link;* <BR00;qal;823033;* NVPWT ;PreC;;823034;MWR <BR00;Objc;;;;;;;;;;;;;;;;;;;;;;;;;
503706;363730;Lamentations 1:12;link;* <BRJ ;qal;826320;KL&<BRJ DRK ;Voct;;;;;;;;;;;;;;;;;;;;;;;;;;;;;
503839;364264;Lamentations 2:15;link;* <BRJ ;qal;826682;* SPQW ;Pred;;826683;<LJK ;Cmpl;;826684;KPJM ;Objc;;826685;KL&<BRJ DRK ;Subj;;;;;;;;;;;;;;;;;
503980;364776;Lamentations 3:44;link;<BWR ;qal;827035;M<BWR ;Pred;;827036;TPLH00;Subj;;;;;;;;;;;;;;;;;;;;;;;;;
504106;365244;Lamentations 4:21;link;T<BR&;qal;827342;GM&<LJK ;Cmpl;;827343;T<BR&;Pred;;827344;KWS ;Subj;;;;;;;;;;;;;;;;;;;;;
504226;365913;Esther 1:19;link;J<BWR ;qal;827669;W;Conj;;827670;L> ;Nega;;827671;J<BWR ;Pred;;;;;;;;;;;;;;;;;;;;;
504344;366714;Esther 3:3;link;<WBR ;qal;828074;MDW< ;Ques;;828075;>TH ;Subj;;828076;<WBR ;PreC;;828077;>T MYWT HMLK00;Objc;;;;;;;;;;;;;;;;;
504490;367519;Esther 4:17;link;J<BR ;qal;828496;W;Conj;;828497;J<BR ;Pred;;828498;MRDKJ ;Subj;;;;;;;;;;;;;;;;;;;;;
504878;369840;Esther 9:27;link;J<BWR ;qal;829696;W;Conj;;829697;L> ;Nega;;829698;J<BWR ;Pred;;;;;;;;;;;;;;;;;;;;;
504882;369890;Esther 9:28;link;J<BRW ;qal;829710;W;Conj;;829711;JMJ HPWRJM H>LH ;Subj;;829712;L> ;Nega;;829713;J<BRW ;Pred;;829714;MTWK HJHWDJM ;Cmpl;;;;;;;;;;;;;
506168;375969;Daniel 9:11;link;<BRW ;qal;833501;W;Conj;;833502;KL&J#R>L ;Subj;;833503;<BRW ;Pred;;833504;>T&TWRTK ;Objc;;;;;;;;;;;;;;;;;
506420;377128;Daniel 11:10;link;<BR ;qal;834228;W;Conj;;834229;<BR ;Pred;;;;;;;;;;;;;;;;;;;;;;;;;
506558;377767;Daniel 11:40;link;<BR00;qal;834647;W;Conj;;834648;<BR00;Pred;;;;;;;;;;;;;;;;;;;;;;;;;
507582;384047;Nehemiah 2:14;link;><BR ;qal;837615;W;Conj;;837616;><BR ;Pred;;837617;>L&#<R H<JN W>L&BRKT HMLK ;Cmpl;;;;;;;;;;;;;;;;;;;;;
507584;384064;Nehemiah 2:14;link;<BR ;qal;837622;L<BR ;Pred;;837623;TXTJ00;Adju;;;;;;;;;;;;;;;;;;;;;;;;;
508238;387986;Nehemiah 9:11;link;J<BRW ;qal;839514;W;Conj;;839515;J<BRW ;Pred;;839516;BTWK&HJM BJB#H ;Cmpl;;;;;;;;;;;;;;;;;;;;;
509751;397918;1_Chronicles 12:16;link;<BRW ;qal;843786;>#R ;Rela;;843787;<BRW ;Pred;;843788;>T&HJRDN ;Objc;;843789;BXD# HR>#WN ;Time;;;;;;;;;;;;;;;;;
510396;401504;1_Chronicles 19:17;link;J<BR ;qal;845713;W;Conj;;845714;J<BR ;Pred;;845715;HJRDN ;Cmpl;;;;;;;;;;;;;;;;;;;;;
511257;406796;1_Chronicles 29:30;link;<BRW ;qal;848128;>#R ;Rela;;848129;<BRW ;Pred;;848130;<LJW W<L&J#R>L W<L KL&MMLKWT H>RYWT00;Cmpl;;;;;;;;;;;;;;;;;;;;;
511882;410538;2_Chronicles 7:21;link;<BR ;qal;850047;<BR ;PreC;;850048;<LJW ;Cmpl;;;;;;;;;;;;;;;;;;;;;;;;;
512712;415428;2_Chronicles 18:23;link;<BR ;qal;852613;<BR ;Pred;;852614;RWX&JHWH ;Subj;;852615;M>TJ ;Cmpl;;;;;;;;;;;;;;;;;;;;;
513011;416973;2_Chronicles 21:9;link;J<BR ;qal;853474;W;Conj;;853475;J<BR ;Pred;;853476;JHWRM ;Subj;;853477;<M&#RJW ;Adju;;;;;;;;;;;;;;;;;
513287;418687;2_Chronicles 24:20;link;<BRJM ;qal;854330;LMH ;Ques;;854331;>TM ;Subj;;854332;<BRJM ;PreC;;854333;>T&MYWT JHWH ;Objc;;;;;;;;;;;;;;;;;
513424;419347;2_Chronicles 25:18;link;T<BR ;qal;854735;W;Conj;;854736;T<BR ;Pred;;854737;XJT H#DH ;Subj;;;;;;;;;;;;;;;;;;;;;
513874;422067;2_Chronicles 30:10;link;<BRJM ;qal;856109;W;Conj;;856110;JHJW ;Pred;;856111;HRYJM ;Subj;;856112;<BRJM ;PreC;;856113;M<JR L<JR B>RY&>PRJM WMN#H W<D&ZBLWN ;Cmpl;;;;;;;;;;;;;
